timestamp_ns=3802154713236 event=LISTEN state=LISTEN seq=0 ack=0 snd_una=0 snd_nxt=0 rcv_nxt=0 rwnd=65535 recv_used=0 right_edge=65535 flight=0 sample_rtt=NA srtt=0.000000 rttvar=0.000000 rto=1.000000 retransmitted=0 dupack=0
timestamp_ns=3835347379330 event=RECEIVE state=LISTEN seq=518019055 ack=0 snd_una=0 snd_nxt=0 rcv_nxt=0 rwnd=65535 recv_used=0 right_edge=65535 flight=0 sample_rtt=NA srtt=0.000000 rttvar=0.000000 rto=1.000000 retransmitted=0 dupack=0
timestamp_ns=3835347517342 event=RX_SYN state=SYN_RECV seq=1946715250 ack=518019056 snd_una=1946715250 snd_nxt=1946715250 rcv_nxt=518019056 rwnd=65535 recv_used=0 right_edge=1946780785 flight=0 sample_rtt=NA srtt=0.000000 rttvar=0.000000 rto=1.000000 retransmitted=0 dupack=0
timestamp_ns=3835347521690 event=SEND state=SYN_RECV seq=1946715250 ack=518019056 snd_una=1946715250 snd_nxt=1946715250 rcv_nxt=518019056 rwnd=65535 recv_used=0 right_edge=1946780785 flight=0 sample_rtt=NA srtt=0.000000 rttvar=0.000000 rto=1.000000 retransmitted=0 dupack=0
timestamp_ns=3835390970193 event=RECEIVE state=SYN_RECV seq=518019056 ack=1946715251 snd_una=1946715250 snd_nxt=1946715251 rcv_nxt=518019056 rwnd=65535 recv_used=0 right_edge=1946780785 flight=1 sample_rtt=NA srtt=0.000000 rttvar=0.000000 rto=1.000000 retransmitted=0 dupack=0
timestamp_ns=3835390982416 event=ACK_ADVANCE state=SYN_RECV seq=1946715251 ack=1946715251 snd_una=1946715251 snd_nxt=1946715251 rcv_nxt=518019056 rwnd=65535 recv_used=0 right_edge=1946780786 flight=0 sample_rtt=0.043393 srtt=0.043393 rttvar=0.021697 rto=1.000000 retransmitted=0 dupack=0
timestamp_ns=3835390984651 event=RX_HANDSHAKE_ACK state=ESTABLISHED seq=1946715251 ack=518019056 snd_una=1946715251 snd_nxt=1946715251 rcv_nxt=518019056 rwnd=65535 recv_used=0 right_edge=1946780786 flight=0 sample_rtt=NA srtt=0.043393 rttvar=0.021697 rto=1.000000 retransmitted=0 dupack=0
timestamp_ns=3835390992886 event=RECEIVE state=ESTABLISHED seq=518019056 ack=1946715251 snd_una=1946715251 snd_nxt=1946715251 rcv_nxt=518019056 rwnd=65535 recv_used=0 right_edge=1946780786 flight=0 sample_rtt=NA srtt=0.043393 rttvar=0.021697 rto=1.000000 retransmitted=0 dupack=0
timestamp_ns=3835390996032 event=DATA_ACK state=ESTABLISHED seq=1946715251 ack=518020436 snd_una=1946715251 snd_nxt=1946715251 rcv_nxt=518020436 rwnd=65535 recv_used=1380 right_edge=1946780786 flight=0 sample_rtt=NA srtt=0.043393 rttvar=0.021697 rto=1.000000 retransmitted=0 dupack=0
timestamp_ns=3835391017403 event=RECEIVE state=ESTABLISHED seq=518023196 ack=1946715251 snd_una=1946715251 snd_nxt=1946715251 rcv_nxt=518020436 rwnd=65535 recv_used=1380 right_edge=1946780786 flight=0 sample_rtt=NA srtt=0.043393 rttvar=0.021697 rto=1.000000 retransmitted=0 dupack=0
timestamp_ns=3835391018345 event=DATA_ACK state=ESTABLISHED seq=1946715251 ack=518020436 snd_una=1946715251 snd_nxt=1946715251 rcv_nxt=518020436 rwnd=65535 recv_used=2760 right_edge=1946780786 flight=0 sample_rtt=NA srtt=0.043393 rttvar=0.021697 rto=1.000000 retransmitted=0 dupack=0
timestamp_ns=3835391020789 event=RECEIVE state=ESTABLISHED seq=518024576 ack=1946715251 snd_una=1946715251 snd_nxt=1946715251 rcv_nxt=518020436 rwnd=65535 recv_used=2760 right_edge=1946780786 flight=0 sample_rtt=NA srtt=0.043393 rttvar=0.021697 rto=1.000000 retransmitted=0 dupack=0
timestamp_ns=3835391030007 event=DATA_ACK state=ESTABLISHED seq=1946715251 ack=518020436 snd_una=1946715251 snd_nxt=1946715251 rcv_nxt=518020436 rwnd=65535 recv_used=4140 right_edge=1946780786 flight=0 sample_rtt=NA srtt=0.043393 rttvar=0.021697 rto=1.000000 retransmitted=0 dupack=0
timestamp_ns=3835391033002 event=RECEIVE state=ESTABLISHED seq=518025956 ack=1946715251 snd_una=1946715251 snd_nxt=1946715251 rcv_nxt=518020436 rwnd=65535 recv_used=4140 right_edge=1946780786 flight=0 sample_rtt=NA srtt=0.043393 rttvar=0.021697 rto=1.000000 retransmitted=0 dupack=0
timestamp_ns=3835391034956 event=DATA_ACK state=ESTABLISHED seq=1946715251 ack=518020436 snd_una=1946715251 snd_nxt=1946715251 rcv_nxt=518020436 rwnd=65535 recv_used=5520 right_edge=1946780786 flight=0 sample_rtt=NA srtt=0.043393 rttvar=0.021697 rto=1.000000 retransmitted=0 dupack=0
timestamp_ns=3835391077998 event=RECEIVE state=ESTABLISHED seq=518027336 ack=1946715251 snd_una=1946715251 snd_nxt=1946715251 rcv_nxt=518020436 rwnd=65535 recv_used=5520 right_edge=1946780786 flight=0 sample_rtt=NA srtt=0.043393 rttvar=0.021697 rto=1.000000 retransmitted=0 dupack=0
timestamp_ns=3835391079951 event=DATA_ACK state=ESTABLISHED seq=1946715251 ack=518020436 snd_una=1946715251 snd_nxt=1946715251 rcv_nxt=518020436 rwnd=65535 recv_used=6900 right_edge=1946780786 flight=0 sample_rtt=NA srtt=0.043393 rttvar=0.021697 rto=1.000000 retransmitted=0 dupack=0
timestamp_ns=3835391082005 event=RECEIVE state=ESTABLISHED seq=518028716 ack=1946715251 snd_una=1946715251 snd_nxt=1946715251 rcv_nxt=518020436 rwnd=65535 recv_used=6900 right_edge=1946780786 flight=0 sample_rtt=NA srtt=0.043393 rttvar=0.021697 rto=1.000000 retransmitted=0 dupack=0
timestamp_ns=3835391083097 event=DATA_ACK state=ESTABLISHED seq=1946715251 ack=518020436 snd_una=1946715251 snd_nxt=1946715251 rcv_nxt=518020436 rwnd=65535 recv_used=8280 right_edge=1946780786 flight=0 sample_rtt=NA srtt=0.043393 rttvar=0.021697 rto=1.000000 retransmitted=0 dupack=0
timestamp_ns=3835391085191 event=RECEIVE state=ESTABLISHED seq=518030096 ack=1946715251 snd_una=1946715251 snd_nxt=1946715251 rcv_nxt=518020436 rwnd=65535 recv_used=8280 right_edge=1946780786 flight=0 sample_rtt=NA srtt=0.043393 rttvar=0.021697 rto=1.000000 retransmitted=0 dupack=0
timestamp_ns=3835391087696 event=DATA_ACK state=ESTABLISHED seq=1946715251 ack=518020436 snd_una=1946715251 snd_nxt=1946715251 rcv_nxt=518020436 rwnd=65535 recv_used=9660 right_edge=1946780786 flight=0 sample_rtt=NA srtt=0.043393 rttvar=0.021697 rto=1.000000 retransmitted=0 dupack=0
timestamp_ns=3835391089880 event=RECEIVE state=ESTABLISHED seq=518031476 ack=1946715251 snd_una=1946715251 snd_nxt=1946715251 rcv_nxt=518020436 rwnd=65535 recv_used=9660 right_edge=1946780786 flight=0 sample_rtt=NA srtt=0.043393 rttvar=0.021697 rto=1.000000 retransmitted=0 dupack=0
timestamp_ns=3835391092535 event=DATA_ACK state=ESTABLISHED seq=1946715251 ack=518020436 snd_una=1946715251 snd_nxt=1946715251 rcv_nxt=518020436 rwnd=65535 recv_used=11040 right_edge=1946780786 flight=0 sample_rtt=NA srtt=0.043393 rttvar=0.021697 rto=1.000000 retransmitted=0 dupack=0
timestamp_ns=3835391094669 event=RECEIVE state=ESTABLISHED seq=518032856 ack=1946715251 snd_una=1946715251 snd_nxt=1946715251 rcv_nxt=518020436 rwnd=65535 recv_used=11040 right_edge=1946780786 flight=0 sample_rtt=NA srtt=0.043393 rttvar=0.021697 rto=1.000000 retransmitted=0 dupack=0
timestamp_ns=3835391095581 event=DATA_ACK state=ESTABLISHED seq=1946715251 ack=518020436 snd_una=1946715251 snd_nxt=1946715251 rcv_nxt=518020436 rwnd=65535 recv_used=12420 right_edge=1946780786 flight=0 sample_rtt=NA srtt=0.043393 rttvar=0.021697 rto=1.000000 retransmitted=0 dupack=0
timestamp_ns=3835391098156 event=RECEIVE state=ESTABLISHED seq=518034236 ack=1946715251 snd_una=1946715251 snd_nxt=1946715251 rcv_nxt=518020436 rwnd=65535 recv_used=12420 right_edge=1946780786 flight=0 sample_rtt=NA srtt=0.043393 rttvar=0.021697 rto=1.000000 retransmitted=0 dupack=0
timestamp_ns=3835391099078 event=DATA_ACK state=ESTABLISHED seq=1946715251 ack=518020436 snd_una=1946715251 snd_nxt=1946715251 rcv_nxt=518020436 rwnd=65535 recv_used=13800 right_edge=1946780786 flight=0 sample_rtt=NA srtt=0.043393 rttvar=0.021697 rto=1.000000 retransmitted=0 dupack=0
timestamp_ns=3835391101071 event=RECEIVE state=ESTABLISHED seq=518035616 ack=1946715251 snd_una=1946715251 snd_nxt=1946715251 rcv_nxt=518020436 rwnd=65535 recv_used=13800 right_edge=1946780786 flight=0 sample_rtt=NA srtt=0.043393 rttvar=0.021697 rto=1.000000 retransmitted=0 dupack=0
timestamp_ns=3835391107674 event=DATA_ACK state=ESTABLISHED seq=1946715251 ack=518020436 snd_una=1946715251 snd_nxt=1946715251 rcv_nxt=518020436 rwnd=65535 recv_used=15180 right_edge=1946780786 flight=0 sample_rtt=NA srtt=0.043393 rttvar=0.021697 rto=1.000000 retransmitted=0 dupack=0
timestamp_ns=3835391110509 event=RECEIVE state=ESTABLISHED seq=518036996 ack=1946715251 snd_una=1946715251 snd_nxt=1946715251 rcv_nxt=518020436 rwnd=65535 recv_used=15180 right_edge=1946780786 flight=0 sample_rtt=NA srtt=0.043393 rttvar=0.021697 rto=1.000000 retransmitted=0 dupack=0
timestamp_ns=3835391116000 event=DATA_ACK state=ESTABLISHED seq=1946715251 ack=518020436 snd_una=1946715251 snd_nxt=1946715251 rcv_nxt=518020436 rwnd=65535 recv_used=16560 right_edge=1946780786 flight=0 sample_rtt=NA srtt=0.043393 rttvar=0.021697 rto=1.000000 retransmitted=0 dupack=0
timestamp_ns=3835391118023 event=RECEIVE state=ESTABLISHED seq=518038376 ack=1946715251 snd_una=1946715251 snd_nxt=1946715251 rcv_nxt=518020436 rwnd=65535 recv_used=16560 right_edge=1946780786 flight=0 sample_rtt=NA srtt=0.043393 rttvar=0.021697 rto=1.000000 retransmitted=0 dupack=0
timestamp_ns=3835391118945 event=DATA_ACK state=ESTABLISHED seq=1946715251 ack=518020436 snd_una=1946715251 snd_nxt=1946715251 rcv_nxt=518020436 rwnd=65535 recv_used=17940 right_edge=1946780786 flight=0 sample_rtt=NA srtt=0.043393 rttvar=0.021697 rto=1.000000 retransmitted=0 dupack=0
timestamp_ns=3835391120919 event=RECEIVE state=ESTABLISHED seq=518039756 ack=1946715251 snd_una=1946715251 snd_nxt=1946715251 rcv_nxt=518020436 rwnd=65535 recv_used=17940 right_edge=1946780786 flight=0 sample_rtt=NA srtt=0.043393 rttvar=0.021697 rto=1.000000 retransmitted=0 dupack=0
timestamp_ns=3835391124416 event=DATA_ACK state=ESTABLISHED seq=1946715251 ack=518020436 snd_una=1946715251 snd_nxt=1946715251 rcv_nxt=518020436 rwnd=65535 recv_used=19320 right_edge=1946780786 flight=0 sample_rtt=NA srtt=0.043393 rttvar=0.021697 rto=1.000000 retransmitted=0 dupack=0
timestamp_ns=3835391126540 event=RECEIVE state=ESTABLISHED seq=518041136 ack=1946715251 snd_una=1946715251 snd_nxt=1946715251 rcv_nxt=518020436 rwnd=65535 recv_used=19320 right_edge=1946780786 flight=0 sample_rtt=NA srtt=0.043393 rttvar=0.021697 rto=1.000000 retransmitted=0 dupack=0
timestamp_ns=3835391127511 event=DATA_ACK state=ESTABLISHED seq=1946715251 ack=518020436 snd_una=1946715251 snd_nxt=1946715251 rcv_nxt=518020436 rwnd=65535 recv_used=20700 right_edge=1946780786 flight=0 sample_rtt=NA srtt=0.043393 rttvar=0.021697 rto=1.000000 retransmitted=0 dupack=0
timestamp_ns=3835391129535 event=RECEIVE state=ESTABLISHED seq=518042516 ack=1946715251 snd_una=1946715251 snd_nxt=1946715251 rcv_nxt=518020436 rwnd=65535 recv_used=20700 right_edge=1946780786 flight=0 sample_rtt=NA srtt=0.043393 rttvar=0.021697 rto=1.000000 retransmitted=0 dupack=0
timestamp_ns=3835391130527 event=DATA_ACK state=ESTABLISHED seq=1946715251 ack=518020436 snd_una=1946715251 snd_nxt=1946715251 rcv_nxt=518020436 rwnd=65535 recv_used=22080 right_edge=1946780786 flight=0 sample_rtt=NA srtt=0.043393 rttvar=0.021697 rto=1.000000 retransmitted=0 dupack=0
timestamp_ns=3835391132962 event=RECEIVE state=ESTABLISHED seq=518043896 ack=1946715251 snd_una=1946715251 snd_nxt=1946715251 rcv_nxt=518020436 rwnd=65535 recv_used=22080 right_edge=1946780786 flight=0 sample_rtt=NA srtt=0.043393 rttvar=0.021697 rto=1.000000 retransmitted=0 dupack=0
timestamp_ns=3835391135947 event=DATA_ACK state=ESTABLISHED seq=1946715251 ack=518020436 snd_una=1946715251 snd_nxt=1946715251 rcv_nxt=518020436 rwnd=65535 recv_used=23460 right_edge=1946780786 flight=0 sample_rtt=NA srtt=0.043393 rttvar=0.021697 rto=1.000000 retransmitted=0 dupack=0
timestamp_ns=3835391138462 event=RECEIVE state=ESTABLISHED seq=518045276 ack=1946715251 snd_una=1946715251 snd_nxt=1946715251 rcv_nxt=518020436 rwnd=65535 recv_used=23460 right_edge=1946780786 flight=0 sample_rtt=NA srtt=0.043393 rttvar=0.021697 rto=1.000000 retransmitted=0 dupack=0
timestamp_ns=3835391139524 event=DATA_ACK state=ESTABLISHED seq=1946715251 ack=518020436 snd_una=1946715251 snd_nxt=1946715251 rcv_nxt=518020436 rwnd=65535 recv_used=24840 right_edge=1946780786 flight=0 sample_rtt=NA srtt=0.043393 rttvar=0.021697 rto=1.000000 retransmitted=0 dupack=0
timestamp_ns=3835391141899 event=RECEIVE state=ESTABLISHED seq=518046656 ack=1946715251 snd_una=1946715251 snd_nxt=1946715251 rcv_nxt=518020436 rwnd=65535 recv_used=24840 right_edge=1946780786 flight=0 sample_rtt=NA srtt=0.043393 rttvar=0.021697 rto=1.000000 retransmitted=0 dupack=0
timestamp_ns=3835391144734 event=DATA_ACK state=ESTABLISHED seq=1946715251 ack=518020436 snd_una=1946715251 snd_nxt=1946715251 rcv_nxt=518020436 rwnd=65535 recv_used=26220 right_edge=1946780786 flight=0 sample_rtt=NA srtt=0.043393 rttvar=0.021697 rto=1.000000 retransmitted=0 dupack=0
timestamp_ns=3835391147599 event=RECEIVE state=ESTABLISHED seq=518048036 ack=1946715251 snd_una=1946715251 snd_nxt=1946715251 rcv_nxt=518020436 rwnd=65535 recv_used=26220 right_edge=1946780786 flight=0 sample_rtt=NA srtt=0.043393 rttvar=0.021697 rto=1.000000 retransmitted=0 dupack=0
timestamp_ns=3835391152118 event=DATA_ACK state=ESTABLISHED seq=1946715251 ack=518020436 snd_una=1946715251 snd_nxt=1946715251 rcv_nxt=518020436 rwnd=65535 recv_used=27600 right_edge=1946780786 flight=0 sample_rtt=NA srtt=0.043393 rttvar=0.021697 rto=1.000000 retransmitted=0 dupack=0
timestamp_ns=3835391154242 event=RECEIVE state=ESTABLISHED seq=518049416 ack=1946715251 snd_una=1946715251 snd_nxt=1946715251 rcv_nxt=518020436 rwnd=65535 recv_used=27600 right_edge=1946780786 flight=0 sample_rtt=NA srtt=0.043393 rttvar=0.021697 rto=1.000000 retransmitted=0 dupack=0
timestamp_ns=3835391155264 event=DATA_ACK state=ESTABLISHED seq=1946715251 ack=518020436 snd_una=1946715251 snd_nxt=1946715251 rcv_nxt=518020436 rwnd=65535 recv_used=28980 right_edge=1946780786 flight=0 sample_rtt=NA srtt=0.043393 rttvar=0.021697 rto=1.000000 retransmitted=0 dupack=0
timestamp_ns=3835391157278 event=RECEIVE state=ESTABLISHED seq=518050796 ack=1946715251 snd_una=1946715251 snd_nxt=1946715251 rcv_nxt=518020436 rwnd=65535 recv_used=28980 right_edge=1946780786 flight=0 sample_rtt=NA srtt=0.043393 rttvar=0.021697 rto=1.000000 retransmitted=0 dupack=0
timestamp_ns=3835391158320 event=DATA_ACK state=ESTABLISHED seq=1946715251 ack=518020436 snd_una=1946715251 snd_nxt=1946715251 rcv_nxt=518020436 rwnd=65535 recv_used=30360 right_edge=1946780786 flight=0 sample_rtt=NA srtt=0.043393 rttvar=0.021697 rto=1.000000 retransmitted=0 dupack=0
timestamp_ns=3835391160454 event=RECEIVE state=ESTABLISHED seq=518052176 ack=1946715251 snd_una=1946715251 snd_nxt=1946715251 rcv_nxt=518020436 rwnd=65535 recv_used=30360 right_edge=1946780786 flight=0 sample_rtt=NA srtt=0.043393 rttvar=0.021697 rto=1.000000 retransmitted=0 dupack=0
timestamp_ns=3835391164682 event=DATA_ACK state=ESTABLISHED seq=1946715251 ack=518020436 snd_una=1946715251 snd_nxt=1946715251 rcv_nxt=518020436 rwnd=65535 recv_used=31740 right_edge=1946780786 flight=0 sample_rtt=NA srtt=0.043393 rttvar=0.021697 rto=1.000000 retransmitted=0 dupack=0
timestamp_ns=3835391166966 event=RECEIVE state=ESTABLISHED seq=518053556 ack=1946715251 snd_una=1946715251 snd_nxt=1946715251 rcv_nxt=518020436 rwnd=65535 recv_used=31740 right_edge=1946780786 flight=0 sample_rtt=NA srtt=0.043393 rttvar=0.021697 rto=1.000000 retransmitted=0 dupack=0
timestamp_ns=3835391168048 event=DATA_ACK state=ESTABLISHED seq=1946715251 ack=518020436 snd_una=1946715251 snd_nxt=1946715251 rcv_nxt=518020436 rwnd=65535 recv_used=33120 right_edge=1946780786 flight=0 sample_rtt=NA srtt=0.043393 rttvar=0.021697 rto=1.000000 retransmitted=0 dupack=0
timestamp_ns=3835391170443 event=RECEIVE state=ESTABLISHED seq=518054936 ack=1946715251 snd_una=1946715251 snd_nxt=1946715251 rcv_nxt=518020436 rwnd=65535 recv_used=33120 right_edge=1946780786 flight=0 sample_rtt=NA srtt=0.043393 rttvar=0.021697 rto=1.000000 retransmitted=0 dupack=0
timestamp_ns=3835391171615 event=DATA_ACK state=ESTABLISHED seq=1946715251 ack=518020436 snd_una=1946715251 snd_nxt=1946715251 rcv_nxt=518020436 rwnd=65535 recv_used=34500 right_edge=1946780786 flight=0 sample_rtt=NA srtt=0.043393 rttvar=0.021697 rto=1.000000 retransmitted=0 dupack=0
timestamp_ns=3835391174240 event=RECEIVE state=ESTABLISHED seq=518056316 ack=1946715251 snd_una=1946715251 snd_nxt=1946715251 rcv_nxt=518020436 rwnd=65535 recv_used=34500 right_edge=1946780786 flight=0 sample_rtt=NA srtt=0.043393 rttvar=0.021697 rto=1.000000 retransmitted=0 dupack=0
timestamp_ns=3835391178137 event=DATA_ACK state=ESTABLISHED seq=1946715251 ack=518020436 snd_una=1946715251 snd_nxt=1946715251 rcv_nxt=518020436 rwnd=65535 recv_used=35880 right_edge=1946780786 flight=0 sample_rtt=NA srtt=0.043393 rttvar=0.021697 rto=1.000000 retransmitted=0 dupack=0
timestamp_ns=3835391181995 event=RECEIVE state=ESTABLISHED seq=518057696 ack=1946715251 snd_una=1946715251 snd_nxt=1946715251 rcv_nxt=518020436 rwnd=65535 recv_used=35880 right_edge=1946780786 flight=0 sample_rtt=NA srtt=0.043393 rttvar=0.021697 rto=1.000000 retransmitted=0 dupack=0
timestamp_ns=3835391183147 event=DATA_ACK state=ESTABLISHED seq=1946715251 ack=518020436 snd_una=1946715251 snd_nxt=1946715251 rcv_nxt=518020436 rwnd=65535 recv_used=37260 right_edge=1946780786 flight=0 sample_rtt=NA srtt=0.043393 rttvar=0.021697 rto=1.000000 retransmitted=0 dupack=0
timestamp_ns=3835391185401 event=RECEIVE state=ESTABLISHED seq=518060456 ack=1946715251 snd_una=1946715251 snd_nxt=1946715251 rcv_nxt=518020436 rwnd=65535 recv_used=37260 right_edge=1946780786 flight=0 sample_rtt=NA srtt=0.043393 rttvar=0.021697 rto=1.000000 retransmitted=0 dupack=0
timestamp_ns=3835391186403 event=DATA_ACK state=ESTABLISHED seq=1946715251 ack=518020436 snd_una=1946715251 snd_nxt=1946715251 rcv_nxt=518020436 rwnd=65535 recv_used=38640 right_edge=1946780786 flight=0 sample_rtt=NA srtt=0.043393 rttvar=0.021697 rto=1.000000 retransmitted=0 dupack=0
timestamp_ns=3835391188387 event=RECEIVE state=ESTABLISHED seq=518061836 ack=1946715251 snd_una=1946715251 snd_nxt=1946715251 rcv_nxt=518020436 rwnd=65535 recv_used=38640 right_edge=1946780786 flight=0 sample_rtt=NA srtt=0.043393 rttvar=0.021697 rto=1.000000 retransmitted=0 dupack=0
timestamp_ns=3835391189299 event=DATA_ACK state=ESTABLISHED seq=1946715251 ack=518020436 snd_una=1946715251 snd_nxt=1946715251 rcv_nxt=518020436 rwnd=65535 recv_used=40020 right_edge=1946780786 flight=0 sample_rtt=NA srtt=0.043393 rttvar=0.021697 rto=1.000000 retransmitted=0 dupack=0
timestamp_ns=3835391191272 event=RECEIVE state=ESTABLISHED seq=518063216 ack=1946715251 snd_una=1946715251 snd_nxt=1946715251 rcv_nxt=518020436 rwnd=65535 recv_used=40020 right_edge=1946780786 flight=0 sample_rtt=NA srtt=0.043393 rttvar=0.021697 rto=1.000000 retransmitted=0 dupack=0
timestamp_ns=3835391192134 event=DATA_ACK state=ESTABLISHED seq=1946715251 ack=518020436 snd_una=1946715251 snd_nxt=1946715251 rcv_nxt=518020436 rwnd=65535 recv_used=41400 right_edge=1946780786 flight=0 sample_rtt=NA srtt=0.043393 rttvar=0.021697 rto=1.000000 retransmitted=0 dupack=0
timestamp_ns=3835391194849 event=RECEIVE state=ESTABLISHED seq=518064596 ack=1946715251 snd_una=1946715251 snd_nxt=1946715251 rcv_nxt=518020436 rwnd=65535 recv_used=41400 right_edge=1946780786 flight=0 sample_rtt=NA srtt=0.043393 rttvar=0.021697 rto=1.000000 retransmitted=0 dupack=0
timestamp_ns=3835391195691 event=DATA_ACK state=ESTABLISHED seq=1946715251 ack=518020436 snd_una=1946715251 snd_nxt=1946715251 rcv_nxt=518020436 rwnd=65535 recv_used=42780 right_edge=1946780786 flight=0 sample_rtt=NA srtt=0.043393 rttvar=0.021697 rto=1.000000 retransmitted=0 dupack=0
timestamp_ns=3835391197684 event=RECEIVE state=ESTABLISHED seq=518065976 ack=1946715251 snd_una=1946715251 snd_nxt=1946715251 rcv_nxt=518020436 rwnd=65535 recv_used=42780 right_edge=1946780786 flight=0 sample_rtt=NA srtt=0.043393 rttvar=0.021697 rto=1.000000 retransmitted=0 dupack=0
timestamp_ns=3835391198536 event=DATA_ACK state=ESTABLISHED seq=1946715251 ack=518020436 snd_una=1946715251 snd_nxt=1946715251 rcv_nxt=518020436 rwnd=65535 recv_used=44160 right_edge=1946780786 flight=0 sample_rtt=NA srtt=0.043393 rttvar=0.021697 rto=1.000000 retransmitted=0 dupack=0
timestamp_ns=3835391200590 event=RECEIVE state=ESTABLISHED seq=518067356 ack=1946715251 snd_una=1946715251 snd_nxt=1946715251 rcv_nxt=518020436 rwnd=65535 recv_used=44160 right_edge=1946780786 flight=0 sample_rtt=NA srtt=0.043393 rttvar=0.021697 rto=1.000000 retransmitted=0 dupack=0
timestamp_ns=3835391201432 event=DATA_ACK state=ESTABLISHED seq=1946715251 ack=518020436 snd_una=1946715251 snd_nxt=1946715251 rcv_nxt=518020436 rwnd=65535 recv_used=45540 right_edge=1946780786 flight=0 sample_rtt=NA srtt=0.043393 rttvar=0.021697 rto=1.000000 retransmitted=0 dupack=0
timestamp_ns=3835391205429 event=RECEIVE state=ESTABLISHED seq=518068736 ack=1946715251 snd_una=1946715251 snd_nxt=1946715251 rcv_nxt=518020436 rwnd=65535 recv_used=45540 right_edge=1946780786 flight=0 sample_rtt=NA srtt=0.043393 rttvar=0.021697 rto=1.000000 retransmitted=0 dupack=0
timestamp_ns=3835391206331 event=DATA_ACK state=ESTABLISHED seq=1946715251 ack=518020436 snd_una=1946715251 snd_nxt=1946715251 rcv_nxt=518020436 rwnd=65535 recv_used=46920 right_edge=1946780786 flight=0 sample_rtt=NA srtt=0.043393 rttvar=0.021697 rto=1.000000 retransmitted=0 dupack=0
timestamp_ns=3835391208946 event=RECEIVE state=ESTABLISHED seq=518070116 ack=1946715251 snd_una=1946715251 snd_nxt=1946715251 rcv_nxt=518020436 rwnd=65535 recv_used=46920 right_edge=1946780786 flight=0 sample_rtt=NA srtt=0.043393 rttvar=0.021697 rto=1.000000 retransmitted=0 dupack=0
timestamp_ns=3835391209827 event=DATA_ACK state=ESTABLISHED seq=1946715251 ack=518020436 snd_una=1946715251 snd_nxt=1946715251 rcv_nxt=518020436 rwnd=65535 recv_used=48300 right_edge=1946780786 flight=0 sample_rtt=NA srtt=0.043393 rttvar=0.021697 rto=1.000000 retransmitted=0 dupack=0
timestamp_ns=3835391211841 event=RECEIVE state=ESTABLISHED seq=518071496 ack=1946715251 snd_una=1946715251 snd_nxt=1946715251 rcv_nxt=518020436 rwnd=65535 recv_used=48300 right_edge=1946780786 flight=0 sample_rtt=NA srtt=0.043393 rttvar=0.021697 rto=1.000000 retransmitted=0 dupack=0
timestamp_ns=3835391212733 event=DATA_ACK state=ESTABLISHED seq=1946715251 ack=518020436 snd_una=1946715251 snd_nxt=1946715251 rcv_nxt=518020436 rwnd=65535 recv_used=49680 right_edge=1946780786 flight=0 sample_rtt=NA srtt=0.043393 rttvar=0.021697 rto=1.000000 retransmitted=0 dupack=0
timestamp_ns=3835391215368 event=RECEIVE state=ESTABLISHED seq=518072876 ack=1946715251 snd_una=1946715251 snd_nxt=1946715251 rcv_nxt=518020436 rwnd=65535 recv_used=49680 right_edge=1946780786 flight=0 sample_rtt=NA srtt=0.043393 rttvar=0.021697 rto=1.000000 retransmitted=0 dupack=0
timestamp_ns=3835391216290 event=DATA_ACK state=ESTABLISHED seq=1946715251 ack=518020436 snd_una=1946715251 snd_nxt=1946715251 rcv_nxt=518020436 rwnd=65535 recv_used=51060 right_edge=1946780786 flight=0 sample_rtt=NA srtt=0.043393 rttvar=0.021697 rto=1.000000 retransmitted=0 dupack=0
timestamp_ns=3835391218925 event=RECEIVE state=ESTABLISHED seq=518074256 ack=1946715251 snd_una=1946715251 snd_nxt=1946715251 rcv_nxt=518020436 rwnd=65535 recv_used=51060 right_edge=1946780786 flight=0 sample_rtt=NA srtt=0.043393 rttvar=0.021697 rto=1.000000 retransmitted=0 dupack=0
timestamp_ns=3835391219826 event=DATA_ACK state=ESTABLISHED seq=1946715251 ack=518020436 snd_una=1946715251 snd_nxt=1946715251 rcv_nxt=518020436 rwnd=65535 recv_used=52440 right_edge=1946780786 flight=0 sample_rtt=NA srtt=0.043393 rttvar=0.021697 rto=1.000000 retransmitted=0 dupack=0
timestamp_ns=3835391221840 event=RECEIVE state=ESTABLISHED seq=518075636 ack=1946715251 snd_una=1946715251 snd_nxt=1946715251 rcv_nxt=518020436 rwnd=65535 recv_used=52440 right_edge=1946780786 flight=0 sample_rtt=NA srtt=0.043393 rttvar=0.021697 rto=1.000000 retransmitted=0 dupack=0
timestamp_ns=3835391222772 event=DATA_ACK state=ESTABLISHED seq=1946715251 ack=518020436 snd_una=1946715251 snd_nxt=1946715251 rcv_nxt=518020436 rwnd=65535 recv_used=53820 right_edge=1946780786 flight=0 sample_rtt=NA srtt=0.043393 rttvar=0.021697 rto=1.000000 retransmitted=0 dupack=0
timestamp_ns=3835391224776 event=RECEIVE state=ESTABLISHED seq=518077016 ack=1946715251 snd_una=1946715251 snd_nxt=1946715251 rcv_nxt=518020436 rwnd=65535 recv_used=53820 right_edge=1946780786 flight=0 sample_rtt=NA srtt=0.043393 rttvar=0.021697 rto=1.000000 retransmitted=0 dupack=0
timestamp_ns=3835391225758 event=DATA_ACK state=ESTABLISHED seq=1946715251 ack=518020436 snd_una=1946715251 snd_nxt=1946715251 rcv_nxt=518020436 rwnd=65535 recv_used=55200 right_edge=1946780786 flight=0 sample_rtt=NA srtt=0.043393 rttvar=0.021697 rto=1.000000 retransmitted=0 dupack=0
timestamp_ns=3835391229946 event=RECEIVE state=ESTABLISHED seq=518078396 ack=1946715251 snd_una=1946715251 snd_nxt=1946715251 rcv_nxt=518020436 rwnd=65535 recv_used=55200 right_edge=1946780786 flight=0 sample_rtt=NA srtt=0.043393 rttvar=0.021697 rto=1.000000 retransmitted=0 dupack=0
timestamp_ns=3835391230917 event=DATA_ACK state=ESTABLISHED seq=1946715251 ack=518020436 snd_una=1946715251 snd_nxt=1946715251 rcv_nxt=518020436 rwnd=65535 recv_used=56580 right_edge=1946780786 flight=0 sample_rtt=NA srtt=0.043393 rttvar=0.021697 rto=1.000000 retransmitted=0 dupack=0
timestamp_ns=3835391233051 event=RECEIVE state=ESTABLISHED seq=518079776 ack=1946715251 snd_una=1946715251 snd_nxt=1946715251 rcv_nxt=518020436 rwnd=65535 recv_used=56580 right_edge=1946780786 flight=0 sample_rtt=NA srtt=0.043393 rttvar=0.021697 rto=1.000000 retransmitted=0 dupack=0
timestamp_ns=3835391234023 event=DATA_ACK state=ESTABLISHED seq=1946715251 ack=518020436 snd_una=1946715251 snd_nxt=1946715251 rcv_nxt=518020436 rwnd=65535 recv_used=57960 right_edge=1946780786 flight=0 sample_rtt=NA srtt=0.043393 rttvar=0.021697 rto=1.000000 retransmitted=0 dupack=0
timestamp_ns=3835391236318 event=RECEIVE state=ESTABLISHED seq=518081156 ack=1946715251 snd_una=1946715251 snd_nxt=1946715251 rcv_nxt=518020436 rwnd=65535 recv_used=57960 right_edge=1946780786 flight=0 sample_rtt=NA srtt=0.043393 rttvar=0.021697 rto=1.000000 retransmitted=0 dupack=0
timestamp_ns=3835391237310 event=DATA_ACK state=ESTABLISHED seq=1946715251 ack=518020436 snd_una=1946715251 snd_nxt=1946715251 rcv_nxt=518020436 rwnd=65535 recv_used=59340 right_edge=1946780786 flight=0 sample_rtt=NA srtt=0.043393 rttvar=0.021697 rto=1.000000 retransmitted=0 dupack=0
timestamp_ns=3835391239464 event=RECEIVE state=ESTABLISHED seq=518082536 ack=1946715251 snd_una=1946715251 snd_nxt=1946715251 rcv_nxt=518020436 rwnd=65535 recv_used=59340 right_edge=1946780786 flight=0 sample_rtt=NA srtt=0.043393 rttvar=0.021697 rto=1.000000 retransmitted=0 dupack=0
timestamp_ns=3835391240476 event=DATA_ACK state=ESTABLISHED seq=1946715251 ack=518020436 snd_una=1946715251 snd_nxt=1946715251 rcv_nxt=518020436 rwnd=65535 recv_used=60720 right_edge=1946780786 flight=0 sample_rtt=NA srtt=0.043393 rttvar=0.021697 rto=1.000000 retransmitted=0 dupack=0
timestamp_ns=3835433985076 event=RECEIVE state=ESTABLISHED seq=518083916 ack=1946715251 snd_una=1946715251 snd_nxt=1946715251 rcv_nxt=518020436 rwnd=65535 recv_used=59340 right_edge=1946780786 flight=0 sample_rtt=NA srtt=0.043393 rttvar=0.021697 rto=1.000000 retransmitted=0 dupack=0
timestamp_ns=3835434005524 event=DATA_ACK state=ESTABLISHED seq=1946715251 ack=518020436 snd_una=1946715251 snd_nxt=1946715251 rcv_nxt=518020436 rwnd=65535 recv_used=60016 right_edge=1946780786 flight=0 sample_rtt=NA srtt=0.043393 rttvar=0.021697 rto=1.000000 retransmitted=0 dupack=0
timestamp_ns=3835434032686 event=RECEIVE state=ESTABLISHED seq=518020436 ack=1946715251 snd_una=1946715251 snd_nxt=1946715251 rcv_nxt=518020436 rwnd=65535 recv_used=60016 right_edge=1946780786 flight=0 sample_rtt=NA srtt=0.043393 rttvar=0.021697 rto=1.000000 retransmitted=0 dupack=0
timestamp_ns=3835434041242 event=DATA_ACK state=ESTABLISHED seq=1946715251 ack=518021816 snd_una=1946715251 snd_nxt=1946715251 rcv_nxt=518021816 rwnd=65535 recv_used=61396 right_edge=1946780786 flight=0 sample_rtt=NA srtt=0.043393 rttvar=0.021697 rto=1.000000 retransmitted=0 dupack=0
timestamp_ns=3835476542278 event=RECEIVE state=ESTABLISHED seq=518084592 ack=1946715251 snd_una=1946715251 snd_nxt=1946715251 rcv_nxt=518021816 rwnd=65535 recv_used=60016 right_edge=1946780786 flight=0 sample_rtt=NA srtt=0.043393 rttvar=0.021697 rto=1.000000 retransmitted=0 dupack=0
timestamp_ns=3835476571634 event=DATA_ACK state=ESTABLISHED seq=1946715251 ack=518021816 snd_una=1946715251 snd_nxt=1946715251 rcv_nxt=518021816 rwnd=65535 recv_used=61396 right_edge=1946780786 flight=0 sample_rtt=NA srtt=0.043393 rttvar=0.021697 rto=1.000000 retransmitted=0 dupack=0
timestamp_ns=3836390874808 event=RECEIVE state=ESTABLISHED seq=518021816 ack=1946715251 snd_una=1946715251 snd_nxt=1946715251 rcv_nxt=518021816 rwnd=65535 recv_used=61396 right_edge=1946780786 flight=0 sample_rtt=NA srtt=0.043393 rttvar=0.021697 rto=1.000000 retransmitted=0 dupack=0
timestamp_ns=3836391060790 event=DATA_ACK state=ESTABLISHED seq=1946715251 ack=518059076 snd_una=1946715251 snd_nxt=1946715251 rcv_nxt=518059076 rwnd=65535 recv_used=62776 right_edge=1946780786 flight=0 sample_rtt=NA srtt=0.043393 rttvar=0.021697 rto=1.000000 retransmitted=0 dupack=0
timestamp_ns=3836434095311 event=RECEIVE state=ESTABLISHED seq=518087352 ack=1946715251 snd_una=1946715251 snd_nxt=1946715251 rcv_nxt=518059076 rwnd=65535 recv_used=25516 right_edge=1946780786 flight=0 sample_rtt=NA srtt=0.043393 rttvar=0.021697 rto=1.000000 retransmitted=0 dupack=0
timestamp_ns=3836434111892 event=DATA_ACK state=ESTABLISHED seq=1946715251 ack=518059076 snd_una=1946715251 snd_nxt=1946715251 rcv_nxt=518059076 rwnd=65535 recv_used=26896 right_edge=1946780786 flight=0 sample_rtt=NA srtt=0.043393 rttvar=0.021697 rto=1.000000 retransmitted=0 dupack=0
timestamp_ns=3836434138913 event=RECEIVE state=ESTABLISHED seq=518088732 ack=1946715251 snd_una=1946715251 snd_nxt=1946715251 rcv_nxt=518059076 rwnd=65535 recv_used=26896 right_edge=1946780786 flight=0 sample_rtt=NA srtt=0.043393 rttvar=0.021697 rto=1.000000 retransmitted=0 dupack=0
timestamp_ns=3836434140797 event=DATA_ACK state=ESTABLISHED seq=1946715251 ack=518059076 snd_una=1946715251 snd_nxt=1946715251 rcv_nxt=518059076 rwnd=65535 recv_used=28276 right_edge=1946780786 flight=0 sample_rtt=NA srtt=0.043393 rttvar=0.021697 rto=1.000000 retransmitted=0 dupack=0
timestamp_ns=3836434143352 event=RECEIVE state=ESTABLISHED seq=518090112 ack=1946715251 snd_una=1946715251 snd_nxt=1946715251 rcv_nxt=518059076 rwnd=65535 recv_used=28276 right_edge=1946780786 flight=0 sample_rtt=NA srtt=0.043393 rttvar=0.021697 rto=1.000000 retransmitted=0 dupack=0
timestamp_ns=3836434144654 event=DATA_ACK state=ESTABLISHED seq=1946715251 ack=518059076 snd_una=1946715251 snd_nxt=1946715251 rcv_nxt=518059076 rwnd=65535 recv_used=29656 right_edge=1946780786 flight=0 sample_rtt=NA srtt=0.043393 rttvar=0.021697 rto=1.000000 retransmitted=0 dupack=0
timestamp_ns=3836434146838 event=RECEIVE state=ESTABLISHED seq=518091492 ack=1946715251 snd_una=1946715251 snd_nxt=1946715251 rcv_nxt=518059076 rwnd=65535 recv_used=29656 right_edge=1946780786 flight=0 sample_rtt=NA srtt=0.043393 rttvar=0.021697 rto=1.000000 retransmitted=0 dupack=0
timestamp_ns=3836434148131 event=DATA_ACK state=ESTABLISHED seq=1946715251 ack=518059076 snd_una=1946715251 snd_nxt=1946715251 rcv_nxt=518059076 rwnd=65535 recv_used=31036 right_edge=1946780786 flight=0 sample_rtt=NA srtt=0.043393 rttvar=0.021697 rto=1.000000 retransmitted=0 dupack=0
timestamp_ns=3836434150265 event=RECEIVE state=ESTABLISHED seq=518092872 ack=1946715251 snd_una=1946715251 snd_nxt=1946715251 rcv_nxt=518059076 rwnd=65535 recv_used=31036 right_edge=1946780786 flight=0 sample_rtt=NA srtt=0.043393 rttvar=0.021697 rto=1.000000 retransmitted=0 dupack=0
timestamp_ns=3836434151387 event=DATA_ACK state=ESTABLISHED seq=1946715251 ack=518059076 snd_una=1946715251 snd_nxt=1946715251 rcv_nxt=518059076 rwnd=65535 recv_used=32416 right_edge=1946780786 flight=0 sample_rtt=NA srtt=0.043393 rttvar=0.021697 rto=1.000000 retransmitted=0 dupack=0
timestamp_ns=3836434154623 event=RECEIVE state=ESTABLISHED seq=518094252 ack=1946715251 snd_una=1946715251 snd_nxt=1946715251 rcv_nxt=518059076 rwnd=65535 recv_used=32416 right_edge=1946780786 flight=0 sample_rtt=NA srtt=0.043393 rttvar=0.021697 rto=1.000000 retransmitted=0 dupack=0
timestamp_ns=3836434155805 event=DATA_ACK state=ESTABLISHED seq=1946715251 ack=518059076 snd_una=1946715251 snd_nxt=1946715251 rcv_nxt=518059076 rwnd=65535 recv_used=33796 right_edge=1946780786 flight=0 sample_rtt=NA srtt=0.043393 rttvar=0.021697 rto=1.000000 retransmitted=0 dupack=0
timestamp_ns=3836434158811 event=RECEIVE state=ESTABLISHED seq=518095632 ack=1946715251 snd_una=1946715251 snd_nxt=1946715251 rcv_nxt=518059076 rwnd=65535 recv_used=33796 right_edge=1946780786 flight=0 sample_rtt=NA srtt=0.043393 rttvar=0.021697 rto=1.000000 retransmitted=0 dupack=0
timestamp_ns=3836434192385 event=DATA_ACK state=ESTABLISHED seq=1946715251 ack=518059076 snd_una=1946715251 snd_nxt=1946715251 rcv_nxt=518059076 rwnd=65535 recv_used=35176 right_edge=1946780786 flight=0 sample_rtt=NA srtt=0.043393 rttvar=0.021697 rto=1.000000 retransmitted=0 dupack=0
timestamp_ns=3836434195070 event=RECEIVE state=ESTABLISHED seq=518097012 ack=1946715251 snd_una=1946715251 snd_nxt=1946715251 rcv_nxt=518059076 rwnd=65535 recv_used=35176 right_edge=1946780786 flight=0 sample_rtt=NA srtt=0.043393 rttvar=0.021697 rto=1.000000 retransmitted=0 dupack=0
timestamp_ns=3836434196001 event=DATA_ACK state=ESTABLISHED seq=1946715251 ack=518059076 snd_una=1946715251 snd_nxt=1946715251 rcv_nxt=518059076 rwnd=65535 recv_used=36556 right_edge=1946780786 flight=0 sample_rtt=NA srtt=0.043393 rttvar=0.021697 rto=1.000000 retransmitted=0 dupack=0
timestamp_ns=3836434198586 event=RECEIVE state=ESTABLISHED seq=518098392 ack=1946715251 snd_una=1946715251 snd_nxt=1946715251 rcv_nxt=518059076 rwnd=65535 recv_used=36556 right_edge=1946780786 flight=0 sample_rtt=NA srtt=0.043393 rttvar=0.021697 rto=1.000000 retransmitted=0 dupack=0
timestamp_ns=3836434199558 event=DATA_ACK state=ESTABLISHED seq=1946715251 ack=518059076 snd_una=1946715251 snd_nxt=1946715251 rcv_nxt=518059076 rwnd=65535 recv_used=37936 right_edge=1946780786 flight=0 sample_rtt=NA srtt=0.043393 rttvar=0.021697 rto=1.000000 retransmitted=0 dupack=0
timestamp_ns=3836434201502 event=RECEIVE state=ESTABLISHED seq=518099772 ack=1946715251 snd_una=1946715251 snd_nxt=1946715251 rcv_nxt=518059076 rwnd=65535 recv_used=37936 right_edge=1946780786 flight=0 sample_rtt=NA srtt=0.043393 rttvar=0.021697 rto=1.000000 retransmitted=0 dupack=0
timestamp_ns=3836434203155 event=DATA_ACK state=ESTABLISHED seq=1946715251 ack=518059076 snd_una=1946715251 snd_nxt=1946715251 rcv_nxt=518059076 rwnd=65535 recv_used=39316 right_edge=1946780786 flight=0 sample_rtt=NA srtt=0.043393 rttvar=0.021697 rto=1.000000 retransmitted=0 dupack=0
timestamp_ns=3836434206391 event=RECEIVE state=ESTABLISHED seq=518101152 ack=1946715251 snd_una=1946715251 snd_nxt=1946715251 rcv_nxt=518059076 rwnd=65535 recv_used=39316 right_edge=1946780786 flight=0 sample_rtt=NA srtt=0.043393 rttvar=0.021697 rto=1.000000 retransmitted=0 dupack=0
timestamp_ns=3836434207333 event=DATA_ACK state=ESTABLISHED seq=1946715251 ack=518059076 snd_una=1946715251 snd_nxt=1946715251 rcv_nxt=518059076 rwnd=65535 recv_used=40696 right_edge=1946780786 flight=0 sample_rtt=NA srtt=0.043393 rttvar=0.021697 rto=1.000000 retransmitted=0 dupack=0
timestamp_ns=3836434209347 event=RECEIVE state=ESTABLISHED seq=518102532 ack=1946715251 snd_una=1946715251 snd_nxt=1946715251 rcv_nxt=518059076 rwnd=65535 recv_used=40696 right_edge=1946780786 flight=0 sample_rtt=NA srtt=0.043393 rttvar=0.021697 rto=1.000000 retransmitted=0 dupack=0
timestamp_ns=3836434210309 event=DATA_ACK state=ESTABLISHED seq=1946715251 ack=518059076 snd_una=1946715251 snd_nxt=1946715251 rcv_nxt=518059076 rwnd=65535 recv_used=42076 right_edge=1946780786 flight=0 sample_rtt=NA srtt=0.043393 rttvar=0.021697 rto=1.000000 retransmitted=0 dupack=0
timestamp_ns=3836434212853 event=RECEIVE state=ESTABLISHED seq=518103912 ack=1946715251 snd_una=1946715251 snd_nxt=1946715251 rcv_nxt=518059076 rwnd=65535 recv_used=42076 right_edge=1946780786 flight=0 sample_rtt=NA srtt=0.043393 rttvar=0.021697 rto=1.000000 retransmitted=0 dupack=0
timestamp_ns=3836434214356 event=DATA_ACK state=ESTABLISHED seq=1946715251 ack=518059076 snd_una=1946715251 snd_nxt=1946715251 rcv_nxt=518059076 rwnd=65535 recv_used=43456 right_edge=1946780786 flight=0 sample_rtt=NA srtt=0.043393 rttvar=0.021697 rto=1.000000 retransmitted=0 dupack=0
timestamp_ns=3836434216330 event=RECEIVE state=ESTABLISHED seq=518105292 ack=1946715251 snd_una=1946715251 snd_nxt=1946715251 rcv_nxt=518059076 rwnd=65535 recv_used=43456 right_edge=1946780786 flight=0 sample_rtt=NA srtt=0.043393 rttvar=0.021697 rto=1.000000 retransmitted=0 dupack=0
timestamp_ns=3836434217322 event=DATA_ACK state=ESTABLISHED seq=1946715251 ack=518059076 snd_una=1946715251 snd_nxt=1946715251 rcv_nxt=518059076 rwnd=65535 recv_used=44836 right_edge=1946780786 flight=0 sample_rtt=NA srtt=0.043393 rttvar=0.021697 rto=1.000000 retransmitted=0 dupack=0
timestamp_ns=3836434227120 event=RECEIVE state=ESTABLISHED seq=518106672 ack=1946715251 snd_una=1946715251 snd_nxt=1946715251 rcv_nxt=518059076 rwnd=65535 recv_used=44836 right_edge=1946780786 flight=0 sample_rtt=NA srtt=0.043393 rttvar=0.021697 rto=1.000000 retransmitted=0 dupack=0
timestamp_ns=3836434228132 event=DATA_ACK state=ESTABLISHED seq=1946715251 ack=518059076 snd_una=1946715251 snd_nxt=1946715251 rcv_nxt=518059076 rwnd=65535 recv_used=46216 right_edge=1946780786 flight=0 sample_rtt=NA srtt=0.043393 rttvar=0.021697 rto=1.000000 retransmitted=0 dupack=0
timestamp_ns=3836434230226 event=RECEIVE state=ESTABLISHED seq=518108052 ack=1946715251 snd_una=1946715251 snd_nxt=1946715251 rcv_nxt=518059076 rwnd=65535 recv_used=46216 right_edge=1946780786 flight=0 sample_rtt=NA srtt=0.043393 rttvar=0.021697 rto=1.000000 retransmitted=0 dupack=0
timestamp_ns=3836434231719 event=DATA_ACK state=ESTABLISHED seq=1946715251 ack=518059076 snd_una=1946715251 snd_nxt=1946715251 rcv_nxt=518059076 rwnd=65535 recv_used=47596 right_edge=1946780786 flight=0 sample_rtt=NA srtt=0.043393 rttvar=0.021697 rto=1.000000 retransmitted=0 dupack=0
timestamp_ns=3836434234324 event=RECEIVE state=ESTABLISHED seq=518109432 ack=1946715251 snd_una=1946715251 snd_nxt=1946715251 rcv_nxt=518059076 rwnd=65535 recv_used=47596 right_edge=1946780786 flight=0 sample_rtt=NA srtt=0.043393 rttvar=0.021697 rto=1.000000 retransmitted=0 dupack=0
timestamp_ns=3836434235376 event=DATA_ACK state=ESTABLISHED seq=1946715251 ack=518059076 snd_una=1946715251 snd_nxt=1946715251 rcv_nxt=518059076 rwnd=65535 recv_used=48976 right_edge=1946780786 flight=0 sample_rtt=NA srtt=0.043393 rttvar=0.021697 rto=1.000000 retransmitted=0 dupack=0
timestamp_ns=3836434237430 event=RECEIVE state=ESTABLISHED seq=518110812 ack=1946715251 snd_una=1946715251 snd_nxt=1946715251 rcv_nxt=518059076 rwnd=65535 recv_used=48976 right_edge=1946780786 flight=0 sample_rtt=NA srtt=0.043393 rttvar=0.021697 rto=1.000000 retransmitted=0 dupack=0
timestamp_ns=3836434238472 event=DATA_ACK state=ESTABLISHED seq=1946715251 ack=518059076 snd_una=1946715251 snd_nxt=1946715251 rcv_nxt=518059076 rwnd=65535 recv_used=50356 right_edge=1946780786 flight=0 sample_rtt=NA srtt=0.043393 rttvar=0.021697 rto=1.000000 retransmitted=0 dupack=0
timestamp_ns=3836434282415 event=RECEIVE state=ESTABLISHED seq=518112192 ack=1946715251 snd_una=1946715251 snd_nxt=1946715251 rcv_nxt=518059076 rwnd=65535 recv_used=50356 right_edge=1946780786 flight=0 sample_rtt=NA srtt=0.043393 rttvar=0.021697 rto=1.000000 retransmitted=0 dupack=0
timestamp_ns=3836434288196 event=DATA_ACK state=ESTABLISHED seq=1946715251 ack=518059076 snd_una=1946715251 snd_nxt=1946715251 rcv_nxt=518059076 rwnd=65535 recv_used=51736 right_edge=1946780786 flight=0 sample_rtt=NA srtt=0.043393 rttvar=0.021697 rto=1.000000 retransmitted=0 dupack=0
timestamp_ns=3836434295911 event=RECEIVE state=ESTABLISHED seq=518113572 ack=1946715251 snd_una=1946715251 snd_nxt=1946715251 rcv_nxt=518059076 rwnd=65535 recv_used=51736 right_edge=1946780786 flight=0 sample_rtt=NA srtt=0.043393 rttvar=0.021697 rto=1.000000 retransmitted=0 dupack=0
timestamp_ns=3836434297374 event=DATA_ACK state=ESTABLISHED seq=1946715251 ack=518059076 snd_una=1946715251 snd_nxt=1946715251 rcv_nxt=518059076 rwnd=65535 recv_used=53116 right_edge=1946780786 flight=0 sample_rtt=NA srtt=0.043393 rttvar=0.021697 rto=1.000000 retransmitted=0 dupack=0
timestamp_ns=3836434300119 event=RECEIVE state=ESTABLISHED seq=518114952 ack=1946715251 snd_una=1946715251 snd_nxt=1946715251 rcv_nxt=518059076 rwnd=65535 recv_used=53116 right_edge=1946780786 flight=0 sample_rtt=NA srtt=0.043393 rttvar=0.021697 rto=1.000000 retransmitted=0 dupack=0
timestamp_ns=3836434301321 event=DATA_ACK state=ESTABLISHED seq=1946715251 ack=518059076 snd_una=1946715251 snd_nxt=1946715251 rcv_nxt=518059076 rwnd=65535 recv_used=54496 right_edge=1946780786 flight=0 sample_rtt=NA srtt=0.043393 rttvar=0.021697 rto=1.000000 retransmitted=0 dupack=0
timestamp_ns=3836434312172 event=RECEIVE state=ESTABLISHED seq=518116332 ack=1946715251 snd_una=1946715251 snd_nxt=1946715251 rcv_nxt=518059076 rwnd=65535 recv_used=54496 right_edge=1946780786 flight=0 sample_rtt=NA srtt=0.043393 rttvar=0.021697 rto=1.000000 retransmitted=0 dupack=0
timestamp_ns=3836434333432 event=DATA_ACK state=ESTABLISHED seq=1946715251 ack=518059076 snd_una=1946715251 snd_nxt=1946715251 rcv_nxt=518059076 rwnd=65535 recv_used=55876 right_edge=1946780786 flight=0 sample_rtt=NA srtt=0.043393 rttvar=0.021697 rto=1.000000 retransmitted=0 dupack=0
timestamp_ns=3836434336017 event=RECEIVE state=ESTABLISHED seq=518117712 ack=1946715251 snd_una=1946715251 snd_nxt=1946715251 rcv_nxt=518059076 rwnd=65535 recv_used=55876 right_edge=1946780786 flight=0 sample_rtt=NA srtt=0.043393 rttvar=0.021697 rto=1.000000 retransmitted=0 dupack=0
timestamp_ns=3836434337199 event=DATA_ACK state=ESTABLISHED seq=1946715251 ack=518059076 snd_una=1946715251 snd_nxt=1946715251 rcv_nxt=518059076 rwnd=65535 recv_used=57256 right_edge=1946780786 flight=0 sample_rtt=NA srtt=0.043393 rttvar=0.021697 rto=1.000000 retransmitted=0 dupack=0
timestamp_ns=3836434339453 event=RECEIVE state=ESTABLISHED seq=518119092 ack=1946715251 snd_una=1946715251 snd_nxt=1946715251 rcv_nxt=518059076 rwnd=65535 recv_used=57256 right_edge=1946780786 flight=0 sample_rtt=NA srtt=0.043393 rttvar=0.021697 rto=1.000000 retransmitted=0 dupack=0
timestamp_ns=3836434340676 event=DATA_ACK state=ESTABLISHED seq=1946715251 ack=518059076 snd_una=1946715251 snd_nxt=1946715251 rcv_nxt=518059076 rwnd=65535 recv_used=58636 right_edge=1946780786 flight=0 sample_rtt=NA srtt=0.043393 rttvar=0.021697 rto=1.000000 retransmitted=0 dupack=0
timestamp_ns=3836434343000 event=RECEIVE state=ESTABLISHED seq=518120472 ack=1946715251 snd_una=1946715251 snd_nxt=1946715251 rcv_nxt=518059076 rwnd=65535 recv_used=58636 right_edge=1946780786 flight=0 sample_rtt=NA srtt=0.043393 rttvar=0.021697 rto=1.000000 retransmitted=0 dupack=0
timestamp_ns=3836434345455 event=DATA_ACK state=ESTABLISHED seq=1946715251 ack=518059076 snd_una=1946715251 snd_nxt=1946715251 rcv_nxt=518059076 rwnd=65535 recv_used=60016 right_edge=1946780786 flight=0 sample_rtt=NA srtt=0.043393 rttvar=0.021697 rto=1.000000 retransmitted=0 dupack=0
timestamp_ns=3836434348000 event=RECEIVE state=ESTABLISHED seq=518121852 ack=1946715251 snd_una=1946715251 snd_nxt=1946715251 rcv_nxt=518059076 rwnd=65535 recv_used=60016 right_edge=1946780786 flight=0 sample_rtt=NA srtt=0.043393 rttvar=0.021697 rto=1.000000 retransmitted=0 dupack=0
timestamp_ns=3836434349222 event=DATA_ACK state=ESTABLISHED seq=1946715251 ack=518059076 snd_una=1946715251 snd_nxt=1946715251 rcv_nxt=518059076 rwnd=65535 recv_used=61396 right_edge=1946780786 flight=0 sample_rtt=NA srtt=0.043393 rttvar=0.021697 rto=1.000000 retransmitted=0 dupack=0
timestamp_ns=3836478286973 event=RECEIVE state=ESTABLISHED seq=518059076 ack=1946715251 snd_una=1946715251 snd_nxt=1946715251 rcv_nxt=518059076 rwnd=65535 recv_used=61396 right_edge=1946780786 flight=0 sample_rtt=NA srtt=0.043393 rttvar=0.021697 rto=1.000000 retransmitted=0 dupack=0
timestamp_ns=3836478329744 event=DATA_ACK state=ESTABLISHED seq=1946715251 ack=518085972 snd_una=1946715251 snd_nxt=1946715251 rcv_nxt=518085972 rwnd=65535 recv_used=62776 right_edge=1946780786 flight=0 sample_rtt=NA srtt=0.043393 rttvar=0.021697 rto=1.000000 retransmitted=0 dupack=0
timestamp_ns=3836521012965 event=RECEIVE state=ESTABLISHED seq=518123232 ack=1946715251 snd_una=1946715251 snd_nxt=1946715251 rcv_nxt=518085972 rwnd=65535 recv_used=35880 right_edge=1946780786 flight=0 sample_rtt=NA srtt=0.043393 rttvar=0.021697 rto=1.000000 retransmitted=0 dupack=0
timestamp_ns=3836521033594 event=DATA_ACK state=ESTABLISHED seq=1946715251 ack=518085972 snd_una=1946715251 snd_nxt=1946715251 rcv_nxt=518085972 rwnd=65535 recv_used=37260 right_edge=1946780786 flight=0 sample_rtt=NA srtt=0.043393 rttvar=0.021697 rto=1.000000 retransmitted=0 dupack=0
timestamp_ns=3836521089400 event=RECEIVE state=ESTABLISHED seq=518124612 ack=1946715251 snd_una=1946715251 snd_nxt=1946715251 rcv_nxt=518085972 rwnd=65535 recv_used=37260 right_edge=1946780786 flight=0 sample_rtt=NA srtt=0.043393 rttvar=0.021697 rto=1.000000 retransmitted=0 dupack=0
timestamp_ns=3836521093778 event=DATA_ACK state=ESTABLISHED seq=1946715251 ack=518085972 snd_una=1946715251 snd_nxt=1946715251 rcv_nxt=518085972 rwnd=65535 recv_used=38640 right_edge=1946780786 flight=0 sample_rtt=NA srtt=0.043393 rttvar=0.021697 rto=1.000000 retransmitted=0 dupack=0
timestamp_ns=3836521096413 event=RECEIVE state=ESTABLISHED seq=518125992 ack=1946715251 snd_una=1946715251 snd_nxt=1946715251 rcv_nxt=518085972 rwnd=65535 recv_used=38640 right_edge=1946780786 flight=0 sample_rtt=NA srtt=0.043393 rttvar=0.021697 rto=1.000000 retransmitted=0 dupack=0
timestamp_ns=3836521098096 event=DATA_ACK state=ESTABLISHED seq=1946715251 ack=518085972 snd_una=1946715251 snd_nxt=1946715251 rcv_nxt=518085972 rwnd=65535 recv_used=40020 right_edge=1946780786 flight=0 sample_rtt=NA srtt=0.043393 rttvar=0.021697 rto=1.000000 retransmitted=0 dupack=0
timestamp_ns=3836521100210 event=RECEIVE state=ESTABLISHED seq=518127372 ack=1946715251 snd_una=1946715251 snd_nxt=1946715251 rcv_nxt=518085972 rwnd=65535 recv_used=40020 right_edge=1946780786 flight=0 sample_rtt=NA srtt=0.043393 rttvar=0.021697 rto=1.000000 retransmitted=0 dupack=0
timestamp_ns=3836521101573 event=DATA_ACK state=ESTABLISHED seq=1946715251 ack=518085972 snd_una=1946715251 snd_nxt=1946715251 rcv_nxt=518085972 rwnd=65535 recv_used=41400 right_edge=1946780786 flight=0 sample_rtt=NA srtt=0.043393 rttvar=0.021697 rto=1.000000 retransmitted=0 dupack=0
timestamp_ns=3836521104028 event=RECEIVE state=ESTABLISHED seq=518128752 ack=1946715251 snd_una=1946715251 snd_nxt=1946715251 rcv_nxt=518085972 rwnd=65535 recv_used=41400 right_edge=1946780786 flight=0 sample_rtt=NA srtt=0.043393 rttvar=0.021697 rto=1.000000 retransmitted=0 dupack=0
timestamp_ns=3836521105771 event=DATA_ACK state=ESTABLISHED seq=1946715251 ack=518085972 snd_una=1946715251 snd_nxt=1946715251 rcv_nxt=518085972 rwnd=65535 recv_used=42780 right_edge=1946780786 flight=0 sample_rtt=NA srtt=0.043393 rttvar=0.021697 rto=1.000000 retransmitted=0 dupack=0
timestamp_ns=3836521107845 event=RECEIVE state=ESTABLISHED seq=518130132 ack=1946715251 snd_una=1946715251 snd_nxt=1946715251 rcv_nxt=518085972 rwnd=65535 recv_used=42780 right_edge=1946780786 flight=0 sample_rtt=NA srtt=0.043393 rttvar=0.021697 rto=1.000000 retransmitted=0 dupack=0
timestamp_ns=3836521109157 event=DATA_ACK state=ESTABLISHED seq=1946715251 ack=518085972 snd_una=1946715251 snd_nxt=1946715251 rcv_nxt=518085972 rwnd=65535 recv_used=44160 right_edge=1946780786 flight=0 sample_rtt=NA srtt=0.043393 rttvar=0.021697 rto=1.000000 retransmitted=0 dupack=0
timestamp_ns=3836521111191 event=RECEIVE state=ESTABLISHED seq=518131512 ack=1946715251 snd_una=1946715251 snd_nxt=1946715251 rcv_nxt=518085972 rwnd=65535 recv_used=44160 right_edge=1946780786 flight=0 sample_rtt=NA srtt=0.043393 rttvar=0.021697 rto=1.000000 retransmitted=0 dupack=0
timestamp_ns=3836521112544 event=DATA_ACK state=ESTABLISHED seq=1946715251 ack=518085972 snd_una=1946715251 snd_nxt=1946715251 rcv_nxt=518085972 rwnd=65535 recv_used=45540 right_edge=1946780786 flight=0 sample_rtt=NA srtt=0.043393 rttvar=0.021697 rto=1.000000 retransmitted=0 dupack=0
timestamp_ns=3836521114508 event=RECEIVE state=ESTABLISHED seq=518132892 ack=1946715251 snd_una=1946715251 snd_nxt=1946715251 rcv_nxt=518085972 rwnd=65535 recv_used=45540 right_edge=1946780786 flight=0 sample_rtt=NA srtt=0.043393 rttvar=0.021697 rto=1.000000 retransmitted=0 dupack=0
timestamp_ns=3836521116321 event=DATA_ACK state=ESTABLISHED seq=1946715251 ack=518085972 snd_una=1946715251 snd_nxt=1946715251 rcv_nxt=518085972 rwnd=65535 recv_used=46920 right_edge=1946780786 flight=0 sample_rtt=NA srtt=0.043393 rttvar=0.021697 rto=1.000000 retransmitted=0 dupack=0
timestamp_ns=3836521118455 event=RECEIVE state=ESTABLISHED seq=518134272 ack=1946715251 snd_una=1946715251 snd_nxt=1946715251 rcv_nxt=518085972 rwnd=65535 recv_used=46920 right_edge=1946780786 flight=0 sample_rtt=NA srtt=0.043393 rttvar=0.021697 rto=1.000000 retransmitted=0 dupack=0
timestamp_ns=3836521121841 event=DATA_ACK state=ESTABLISHED seq=1946715251 ack=518085972 snd_una=1946715251 snd_nxt=1946715251 rcv_nxt=518085972 rwnd=65535 recv_used=48300 right_edge=1946780786 flight=0 sample_rtt=NA srtt=0.043393 rttvar=0.021697 rto=1.000000 retransmitted=0 dupack=0
timestamp_ns=3836521124256 event=RECEIVE state=ESTABLISHED seq=518135652 ack=1946715251 snd_una=1946715251 snd_nxt=1946715251 rcv_nxt=518085972 rwnd=65535 recv_used=48300 right_edge=1946780786 flight=0 sample_rtt=NA srtt=0.043393 rttvar=0.021697 rto=1.000000 retransmitted=0 dupack=0
timestamp_ns=3836521125889 event=DATA_ACK state=ESTABLISHED seq=1946715251 ack=518085972 snd_una=1946715251 snd_nxt=1946715251 rcv_nxt=518085972 rwnd=65535 recv_used=49680 right_edge=1946780786 flight=0 sample_rtt=NA srtt=0.043393 rttvar=0.021697 rto=1.000000 retransmitted=0 dupack=0
timestamp_ns=3836521129506 event=RECEIVE state=ESTABLISHED seq=518137032 ack=1946715251 snd_una=1946715251 snd_nxt=1946715251 rcv_nxt=518085972 rwnd=65535 recv_used=49680 right_edge=1946780786 flight=0 sample_rtt=NA srtt=0.043393 rttvar=0.021697 rto=1.000000 retransmitted=0 dupack=0
timestamp_ns=3836521188323 event=DATA_ACK state=ESTABLISHED seq=1946715251 ack=518085972 snd_una=1946715251 snd_nxt=1946715251 rcv_nxt=518085972 rwnd=65535 recv_used=51060 right_edge=1946780786 flight=0 sample_rtt=NA srtt=0.043393 rttvar=0.021697 rto=1.000000 retransmitted=0 dupack=0
timestamp_ns=3836521218069 event=RECEIVE state=ESTABLISHED seq=518138412 ack=1946715251 snd_una=1946715251 snd_nxt=1946715251 rcv_nxt=518085972 rwnd=65535 recv_used=51060 right_edge=1946780786 flight=0 sample_rtt=NA srtt=0.043393 rttvar=0.021697 rto=1.000000 retransmitted=0 dupack=0
timestamp_ns=3836521221716 event=DATA_ACK state=ESTABLISHED seq=1946715251 ack=518085972 snd_una=1946715251 snd_nxt=1946715251 rcv_nxt=518085972 rwnd=65535 recv_used=52440 right_edge=1946780786 flight=0 sample_rtt=NA srtt=0.043393 rttvar=0.021697 rto=1.000000 retransmitted=0 dupack=0
timestamp_ns=3836521226675 event=RECEIVE state=ESTABLISHED seq=518139792 ack=1946715251 snd_una=1946715251 snd_nxt=1946715251 rcv_nxt=518085972 rwnd=65535 recv_used=52440 right_edge=1946780786 flight=0 sample_rtt=NA srtt=0.043393 rttvar=0.021697 rto=1.000000 retransmitted=0 dupack=0
timestamp_ns=3836521228819 event=DATA_ACK state=ESTABLISHED seq=1946715251 ack=518085972 snd_una=1946715251 snd_nxt=1946715251 rcv_nxt=518085972 rwnd=65535 recv_used=53820 right_edge=1946780786 flight=0 sample_rtt=NA srtt=0.043393 rttvar=0.021697 rto=1.000000 retransmitted=0 dupack=0
timestamp_ns=3836521231575 event=RECEIVE state=ESTABLISHED seq=518141172 ack=1946715251 snd_una=1946715251 snd_nxt=1946715251 rcv_nxt=518085972 rwnd=65535 recv_used=53820 right_edge=1946780786 flight=0 sample_rtt=NA srtt=0.043393 rttvar=0.021697 rto=1.000000 retransmitted=0 dupack=0
timestamp_ns=3836521242385 event=DATA_ACK state=ESTABLISHED seq=1946715251 ack=518085972 snd_una=1946715251 snd_nxt=1946715251 rcv_nxt=518085972 rwnd=65535 recv_used=55200 right_edge=1946780786 flight=0 sample_rtt=NA srtt=0.043393 rttvar=0.021697 rto=1.000000 retransmitted=0 dupack=0
timestamp_ns=3836521245541 event=RECEIVE state=ESTABLISHED seq=518142552 ack=1946715251 snd_una=1946715251 snd_nxt=1946715251 rcv_nxt=518085972 rwnd=65535 recv_used=55200 right_edge=1946780786 flight=0 sample_rtt=NA srtt=0.043393 rttvar=0.021697 rto=1.000000 retransmitted=0 dupack=0
timestamp_ns=3836521247725 event=DATA_ACK state=ESTABLISHED seq=1946715251 ack=518085972 snd_una=1946715251 snd_nxt=1946715251 rcv_nxt=518085972 rwnd=65535 recv_used=56580 right_edge=1946780786 flight=0 sample_rtt=NA srtt=0.043393 rttvar=0.021697 rto=1.000000 retransmitted=0 dupack=0
timestamp_ns=3836521250490 event=RECEIVE state=ESTABLISHED seq=518143932 ack=1946715251 snd_una=1946715251 snd_nxt=1946715251 rcv_nxt=518085972 rwnd=65535 recv_used=56580 right_edge=1946780786 flight=0 sample_rtt=NA srtt=0.043393 rttvar=0.021697 rto=1.000000 retransmitted=0 dupack=0
timestamp_ns=3836521264768 event=DATA_ACK state=ESTABLISHED seq=1946715251 ack=518085972 snd_una=1946715251 snd_nxt=1946715251 rcv_nxt=518085972 rwnd=65535 recv_used=57960 right_edge=1946780786 flight=0 sample_rtt=NA srtt=0.043393 rttvar=0.021697 rto=1.000000 retransmitted=0 dupack=0
timestamp_ns=3836521267052 event=RECEIVE state=ESTABLISHED seq=518145312 ack=1946715251 snd_una=1946715251 snd_nxt=1946715251 rcv_nxt=518085972 rwnd=65535 recv_used=57960 right_edge=1946780786 flight=0 sample_rtt=NA srtt=0.043393 rttvar=0.021697 rto=1.000000 retransmitted=0 dupack=0
timestamp_ns=3836521271590 event=DATA_ACK state=ESTABLISHED seq=1946715251 ack=518085972 snd_una=1946715251 snd_nxt=1946715251 rcv_nxt=518085972 rwnd=65535 recv_used=59340 right_edge=1946780786 flight=0 sample_rtt=NA srtt=0.043393 rttvar=0.021697 rto=1.000000 retransmitted=0 dupack=0
timestamp_ns=3836521273765 event=RECEIVE state=ESTABLISHED seq=518146692 ack=1946715251 snd_una=1946715251 snd_nxt=1946715251 rcv_nxt=518085972 rwnd=65535 recv_used=59340 right_edge=1946780786 flight=0 sample_rtt=NA srtt=0.043393 rttvar=0.021697 rto=1.000000 retransmitted=0 dupack=0
timestamp_ns=3836521275277 event=DATA_ACK state=ESTABLISHED seq=1946715251 ack=518085972 snd_una=1946715251 snd_nxt=1946715251 rcv_nxt=518085972 rwnd=65535 recv_used=60720 right_edge=1946780786 flight=0 sample_rtt=NA srtt=0.043393 rttvar=0.021697 rto=1.000000 retransmitted=0 dupack=0
timestamp_ns=3836521278163 event=RECEIVE state=ESTABLISHED seq=518148072 ack=1946715251 snd_una=1946715251 snd_nxt=1946715251 rcv_nxt=518085972 rwnd=65535 recv_used=60720 right_edge=1946780786 flight=0 sample_rtt=NA srtt=0.043393 rttvar=0.021697 rto=1.000000 retransmitted=0 dupack=0
timestamp_ns=3836521279676 event=DATA_ACK state=ESTABLISHED seq=1946715251 ack=518085972 snd_una=1946715251 snd_nxt=1946715251 rcv_nxt=518085972 rwnd=65535 recv_used=62100 right_edge=1946780786 flight=0 sample_rtt=NA srtt=0.043393 rttvar=0.021697 rto=1.000000 retransmitted=0 dupack=0
timestamp_ns=3836521281860 event=RECEIVE state=ESTABLISHED seq=518149452 ack=1946715251 snd_una=1946715251 snd_nxt=1946715251 rcv_nxt=518085972 rwnd=65535 recv_used=62100 right_edge=1946780786 flight=0 sample_rtt=NA srtt=0.043393 rttvar=0.021697 rto=1.000000 retransmitted=0 dupack=0
timestamp_ns=3836521285958 event=DATA_ACK state=ESTABLISHED seq=1946715251 ack=518085972 snd_una=1946715251 snd_nxt=1946715251 rcv_nxt=518085972 rwnd=65535 recv_used=62776 right_edge=1946780786 flight=0 sample_rtt=NA srtt=0.043393 rttvar=0.021697 rto=1.000000 retransmitted=0 dupack=0
timestamp_ns=3836563185061 event=RECEIVE state=ESTABLISHED seq=518085972 ack=1946715251 snd_una=1946715251 snd_nxt=1946715251 rcv_nxt=518085972 rwnd=65535 recv_used=62776 right_edge=1946780786 flight=0 sample_rtt=NA srtt=0.043393 rttvar=0.021697 rto=1.000000 retransmitted=0 dupack=0
timestamp_ns=3836563352038 event=DATA_ACK state=ESTABLISHED seq=1946715251 ack=518150128 snd_una=1946715251 snd_nxt=1946715251 rcv_nxt=518150128 rwnd=65535 recv_used=64156 right_edge=1946780786 flight=0 sample_rtt=NA srtt=0.043393 rttvar=0.021697 rto=1.000000 retransmitted=0 dupack=0
timestamp_ns=3836606528305 event=RECEIVE state=ESTABLISHED seq=518150128 ack=1946715251 snd_una=1946715251 snd_nxt=1946715251 rcv_nxt=518150128 rwnd=65535 recv_used=0 right_edge=1946780786 flight=0 sample_rtt=NA srtt=0.043393 rttvar=0.021697 rto=1.000000 retransmitted=0 dupack=0
timestamp_ns=3836606548483 event=DATA_ACK state=ESTABLISHED seq=1946715251 ack=518151508 snd_una=1946715251 snd_nxt=1946715251 rcv_nxt=518151508 rwnd=65535 recv_used=1380 right_edge=1946780786 flight=0 sample_rtt=NA srtt=0.043393 rttvar=0.021697 rto=1.000000 retransmitted=0 dupack=0
timestamp_ns=3836606594961 event=RECEIVE state=ESTABLISHED seq=518151508 ack=1946715251 snd_una=1946715251 snd_nxt=1946715251 rcv_nxt=518151508 rwnd=65535 recv_used=0 right_edge=1946780786 flight=0 sample_rtt=NA srtt=0.043393 rttvar=0.021697 rto=1.000000 retransmitted=0 dupack=0
timestamp_ns=3836606597847 event=DATA_ACK state=ESTABLISHED seq=1946715251 ack=518152888 snd_una=1946715251 snd_nxt=1946715251 rcv_nxt=518152888 rwnd=65535 recv_used=1380 right_edge=1946780786 flight=0 sample_rtt=NA srtt=0.043393 rttvar=0.021697 rto=1.000000 retransmitted=0 dupack=0
timestamp_ns=3836606612004 event=RECEIVE state=ESTABLISHED seq=518152888 ack=1946715251 snd_una=1946715251 snd_nxt=1946715251 rcv_nxt=518152888 rwnd=65535 recv_used=0 right_edge=1946780786 flight=0 sample_rtt=NA srtt=0.043393 rttvar=0.021697 rto=1.000000 retransmitted=0 dupack=0
timestamp_ns=3836606619057 event=DATA_ACK state=ESTABLISHED seq=1946715251 ack=518154268 snd_una=1946715251 snd_nxt=1946715251 rcv_nxt=518154268 rwnd=65535 recv_used=1380 right_edge=1946780786 flight=0 sample_rtt=NA srtt=0.043393 rttvar=0.021697 rto=1.000000 retransmitted=0 dupack=0
timestamp_ns=3836606626090 event=RECEIVE state=ESTABLISHED seq=518154268 ack=1946715251 snd_una=1946715251 snd_nxt=1946715251 rcv_nxt=518154268 rwnd=65535 recv_used=0 right_edge=1946780786 flight=0 sample_rtt=NA srtt=0.043393 rttvar=0.021697 rto=1.000000 retransmitted=0 dupack=0
timestamp_ns=3836606628325 event=DATA_ACK state=ESTABLISHED seq=1946715251 ack=518155648 snd_una=1946715251 snd_nxt=1946715251 rcv_nxt=518155648 rwnd=65535 recv_used=1380 right_edge=1946780786 flight=0 sample_rtt=NA srtt=0.043393 rttvar=0.021697 rto=1.000000 retransmitted=0 dupack=0
timestamp_ns=3836606632743 event=RECEIVE state=ESTABLISHED seq=518155648 ack=1946715251 snd_una=1946715251 snd_nxt=1946715251 rcv_nxt=518155648 rwnd=65535 recv_used=0 right_edge=1946780786 flight=0 sample_rtt=NA srtt=0.043393 rttvar=0.021697 rto=1.000000 retransmitted=0 dupack=0
timestamp_ns=3836606634897 event=DATA_ACK state=ESTABLISHED seq=1946715251 ack=518157028 snd_una=1946715251 snd_nxt=1946715251 rcv_nxt=518157028 rwnd=65535 recv_used=1380 right_edge=1946780786 flight=0 sample_rtt=NA srtt=0.043393 rttvar=0.021697 rto=1.000000 retransmitted=0 dupack=0
timestamp_ns=3836606639325 event=RECEIVE state=ESTABLISHED seq=518157028 ack=1946715251 snd_una=1946715251 snd_nxt=1946715251 rcv_nxt=518157028 rwnd=65535 recv_used=0 right_edge=1946780786 flight=0 sample_rtt=NA srtt=0.043393 rttvar=0.021697 rto=1.000000 retransmitted=0 dupack=0
timestamp_ns=3836606642341 event=DATA_ACK state=ESTABLISHED seq=1946715251 ack=518158408 snd_una=1946715251 snd_nxt=1946715251 rcv_nxt=518158408 rwnd=65535 recv_used=1380 right_edge=1946780786 flight=0 sample_rtt=NA srtt=0.043393 rttvar=0.021697 rto=1.000000 retransmitted=0 dupack=0
timestamp_ns=3836606660756 event=RECEIVE state=ESTABLISHED seq=518158408 ack=1946715251 snd_una=1946715251 snd_nxt=1946715251 rcv_nxt=518158408 rwnd=65535 recv_used=0 right_edge=1946780786 flight=0 sample_rtt=NA srtt=0.043393 rttvar=0.021697 rto=1.000000 retransmitted=0 dupack=0
timestamp_ns=3836606662970 event=DATA_ACK state=ESTABLISHED seq=1946715251 ack=518159788 snd_una=1946715251 snd_nxt=1946715251 rcv_nxt=518159788 rwnd=65535 recv_used=1380 right_edge=1946780786 flight=0 sample_rtt=NA srtt=0.043393 rttvar=0.021697 rto=1.000000 retransmitted=0 dupack=0
timestamp_ns=3836606667649 event=RECEIVE state=ESTABLISHED seq=518159788 ack=1946715251 snd_una=1946715251 snd_nxt=1946715251 rcv_nxt=518159788 rwnd=65535 recv_used=0 right_edge=1946780786 flight=0 sample_rtt=NA srtt=0.043393 rttvar=0.021697 rto=1.000000 retransmitted=0 dupack=0
timestamp_ns=3836606669823 event=DATA_ACK state=ESTABLISHED seq=1946715251 ack=518161168 snd_una=1946715251 snd_nxt=1946715251 rcv_nxt=518161168 rwnd=65535 recv_used=1380 right_edge=1946780786 flight=0 sample_rtt=NA srtt=0.043393 rttvar=0.021697 rto=1.000000 retransmitted=0 dupack=0
timestamp_ns=3836606675484 event=RECEIVE state=ESTABLISHED seq=518161168 ack=1946715251 snd_una=1946715251 snd_nxt=1946715251 rcv_nxt=518161168 rwnd=65535 recv_used=0 right_edge=1946780786 flight=0 sample_rtt=NA srtt=0.043393 rttvar=0.021697 rto=1.000000 retransmitted=0 dupack=0
timestamp_ns=3836606678380 event=DATA_ACK state=ESTABLISHED seq=1946715251 ack=518162548 snd_una=1946715251 snd_nxt=1946715251 rcv_nxt=518162548 rwnd=65535 recv_used=1380 right_edge=1946780786 flight=0 sample_rtt=NA srtt=0.043393 rttvar=0.021697 rto=1.000000 retransmitted=0 dupack=0
timestamp_ns=3836606686074 event=RECEIVE state=ESTABLISHED seq=518162548 ack=1946715251 snd_una=1946715251 snd_nxt=1946715251 rcv_nxt=518162548 rwnd=65535 recv_used=0 right_edge=1946780786 flight=0 sample_rtt=NA srtt=0.043393 rttvar=0.021697 rto=1.000000 retransmitted=0 dupack=0
timestamp_ns=3836606688298 event=DATA_ACK state=ESTABLISHED seq=1946715251 ack=518163928 snd_una=1946715251 snd_nxt=1946715251 rcv_nxt=518163928 rwnd=65535 recv_used=1380 right_edge=1946780786 flight=0 sample_rtt=NA srtt=0.043393 rttvar=0.021697 rto=1.000000 retransmitted=0 dupack=0
timestamp_ns=3836606692907 event=RECEIVE state=ESTABLISHED seq=518163928 ack=1946715251 snd_una=1946715251 snd_nxt=1946715251 rcv_nxt=518163928 rwnd=65535 recv_used=0 right_edge=1946780786 flight=0 sample_rtt=NA srtt=0.043393 rttvar=0.021697 rto=1.000000 retransmitted=0 dupack=0
timestamp_ns=3836606695091 event=DATA_ACK state=ESTABLISHED seq=1946715251 ack=518165308 snd_una=1946715251 snd_nxt=1946715251 rcv_nxt=518165308 rwnd=65535 recv_used=1380 right_edge=1946780786 flight=0 sample_rtt=NA srtt=0.043393 rttvar=0.021697 rto=1.000000 retransmitted=0 dupack=0
timestamp_ns=3836606699520 event=RECEIVE state=ESTABLISHED seq=518165308 ack=1946715251 snd_una=1946715251 snd_nxt=1946715251 rcv_nxt=518165308 rwnd=65535 recv_used=0 right_edge=1946780786 flight=0 sample_rtt=NA srtt=0.043393 rttvar=0.021697 rto=1.000000 retransmitted=0 dupack=0
timestamp_ns=3836606702315 event=DATA_ACK state=ESTABLISHED seq=1946715251 ack=518166688 snd_una=1946715251 snd_nxt=1946715251 rcv_nxt=518166688 rwnd=65535 recv_used=1380 right_edge=1946780786 flight=0 sample_rtt=NA srtt=0.043393 rttvar=0.021697 rto=1.000000 retransmitted=0 dupack=0
timestamp_ns=3836606707795 event=RECEIVE state=ESTABLISHED seq=518166688 ack=1946715251 snd_una=1946715251 snd_nxt=1946715251 rcv_nxt=518166688 rwnd=65535 recv_used=0 right_edge=1946780786 flight=0 sample_rtt=NA srtt=0.043393 rttvar=0.021697 rto=1.000000 retransmitted=0 dupack=0
timestamp_ns=3836606709949 event=DATA_ACK state=ESTABLISHED seq=1946715251 ack=518168068 snd_una=1946715251 snd_nxt=1946715251 rcv_nxt=518168068 rwnd=65535 recv_used=1380 right_edge=1946780786 flight=0 sample_rtt=NA srtt=0.043393 rttvar=0.021697 rto=1.000000 retransmitted=0 dupack=0
timestamp_ns=3836606714418 event=RECEIVE state=ESTABLISHED seq=518168068 ack=1946715251 snd_una=1946715251 snd_nxt=1946715251 rcv_nxt=518168068 rwnd=65535 recv_used=0 right_edge=1946780786 flight=0 sample_rtt=NA srtt=0.043393 rttvar=0.021697 rto=1.000000 retransmitted=0 dupack=0
timestamp_ns=3836606716572 event=DATA_ACK state=ESTABLISHED seq=1946715251 ack=518169448 snd_una=1946715251 snd_nxt=1946715251 rcv_nxt=518169448 rwnd=65535 recv_used=1380 right_edge=1946780786 flight=0 sample_rtt=NA srtt=0.043393 rttvar=0.021697 rto=1.000000 retransmitted=0 dupack=0
timestamp_ns=3836606721050 event=RECEIVE state=ESTABLISHED seq=518169448 ack=1946715251 snd_una=1946715251 snd_nxt=1946715251 rcv_nxt=518169448 rwnd=65535 recv_used=0 right_edge=1946780786 flight=0 sample_rtt=NA srtt=0.043393 rttvar=0.021697 rto=1.000000 retransmitted=0 dupack=0
timestamp_ns=3836606723956 event=DATA_ACK state=ESTABLISHED seq=1946715251 ack=518170828 snd_una=1946715251 snd_nxt=1946715251 rcv_nxt=518170828 rwnd=65535 recv_used=1380 right_edge=1946780786 flight=0 sample_rtt=NA srtt=0.043393 rttvar=0.021697 rto=1.000000 retransmitted=0 dupack=0
timestamp_ns=3836606729156 event=RECEIVE state=ESTABLISHED seq=518170828 ack=1946715251 snd_una=1946715251 snd_nxt=1946715251 rcv_nxt=518170828 rwnd=65535 recv_used=0 right_edge=1946780786 flight=0 sample_rtt=NA srtt=0.043393 rttvar=0.021697 rto=1.000000 retransmitted=0 dupack=0
timestamp_ns=3836606731320 event=DATA_ACK state=ESTABLISHED seq=1946715251 ack=518172208 snd_una=1946715251 snd_nxt=1946715251 rcv_nxt=518172208 rwnd=65535 recv_used=1380 right_edge=1946780786 flight=0 sample_rtt=NA srtt=0.043393 rttvar=0.021697 rto=1.000000 retransmitted=0 dupack=0
timestamp_ns=3836606736009 event=RECEIVE state=ESTABLISHED seq=518172208 ack=1946715251 snd_una=1946715251 snd_nxt=1946715251 rcv_nxt=518172208 rwnd=65535 recv_used=0 right_edge=1946780786 flight=0 sample_rtt=NA srtt=0.043393 rttvar=0.021697 rto=1.000000 retransmitted=0 dupack=0
timestamp_ns=3836606739696 event=DATA_ACK state=ESTABLISHED seq=1946715251 ack=518173588 snd_una=1946715251 snd_nxt=1946715251 rcv_nxt=518173588 rwnd=65535 recv_used=1380 right_edge=1946780786 flight=0 sample_rtt=NA srtt=0.043393 rttvar=0.021697 rto=1.000000 retransmitted=0 dupack=0
timestamp_ns=3836606744445 event=RECEIVE state=ESTABLISHED seq=518173588 ack=1946715251 snd_una=1946715251 snd_nxt=1946715251 rcv_nxt=518173588 rwnd=65535 recv_used=0 right_edge=1946780786 flight=0 sample_rtt=NA srtt=0.043393 rttvar=0.021697 rto=1.000000 retransmitted=0 dupack=0
timestamp_ns=3836606748583 event=DATA_ACK state=ESTABLISHED seq=1946715251 ack=518174968 snd_una=1946715251 snd_nxt=1946715251 rcv_nxt=518174968 rwnd=65535 recv_used=1380 right_edge=1946780786 flight=0 sample_rtt=NA srtt=0.043393 rttvar=0.021697 rto=1.000000 retransmitted=0 dupack=0
timestamp_ns=3836606754374 event=RECEIVE state=ESTABLISHED seq=518176348 ack=1946715251 snd_una=1946715251 snd_nxt=1946715251 rcv_nxt=518174968 rwnd=65535 recv_used=0 right_edge=1946780786 flight=0 sample_rtt=NA srtt=0.043393 rttvar=0.021697 rto=1.000000 retransmitted=0 dupack=0
timestamp_ns=3836606755225 event=DATA_ACK state=ESTABLISHED seq=1946715251 ack=518174968 snd_una=1946715251 snd_nxt=1946715251 rcv_nxt=518174968 rwnd=65535 recv_used=1380 right_edge=1946780786 flight=0 sample_rtt=NA srtt=0.043393 rttvar=0.021697 rto=1.000000 retransmitted=0 dupack=0
timestamp_ns=3836606758010 event=RECEIVE state=ESTABLISHED seq=518177728 ack=1946715251 snd_una=1946715251 snd_nxt=1946715251 rcv_nxt=518174968 rwnd=65535 recv_used=1380 right_edge=1946780786 flight=0 sample_rtt=NA srtt=0.043393 rttvar=0.021697 rto=1.000000 retransmitted=0 dupack=0
timestamp_ns=3836606759143 event=DATA_ACK state=ESTABLISHED seq=1946715251 ack=518174968 snd_una=1946715251 snd_nxt=1946715251 rcv_nxt=518174968 rwnd=65535 recv_used=2760 right_edge=1946780786 flight=0 sample_rtt=NA srtt=0.043393 rttvar=0.021697 rto=1.000000 retransmitted=0 dupack=0
timestamp_ns=3836606761136 event=RECEIVE state=ESTABLISHED seq=518179108 ack=1946715251 snd_una=1946715251 snd_nxt=1946715251 rcv_nxt=518174968 rwnd=65535 recv_used=2760 right_edge=1946780786 flight=0 sample_rtt=NA srtt=0.043393 rttvar=0.021697 rto=1.000000 retransmitted=0 dupack=0
timestamp_ns=3836606762389 event=DATA_ACK state=ESTABLISHED seq=1946715251 ack=518174968 snd_una=1946715251 snd_nxt=1946715251 rcv_nxt=518174968 rwnd=65535 recv_used=4140 right_edge=1946780786 flight=0 sample_rtt=NA srtt=0.043393 rttvar=0.021697 rto=1.000000 retransmitted=0 dupack=0
timestamp_ns=3836606764934 event=RECEIVE state=ESTABLISHED seq=518180488 ack=1946715251 snd_una=1946715251 snd_nxt=1946715251 rcv_nxt=518174968 rwnd=65535 recv_used=4140 right_edge=1946780786 flight=0 sample_rtt=NA srtt=0.043393 rttvar=0.021697 rto=1.000000 retransmitted=0 dupack=0
timestamp_ns=3836606766206 event=DATA_ACK state=ESTABLISHED seq=1946715251 ack=518174968 snd_una=1946715251 snd_nxt=1946715251 rcv_nxt=518174968 rwnd=65535 recv_used=5520 right_edge=1946780786 flight=0 sample_rtt=NA srtt=0.043393 rttvar=0.021697 rto=1.000000 retransmitted=0 dupack=0
timestamp_ns=3836606768761 event=RECEIVE state=ESTABLISHED seq=518181868 ack=1946715251 snd_una=1946715251 snd_nxt=1946715251 rcv_nxt=518174968 rwnd=65535 recv_used=5520 right_edge=1946780786 flight=0 sample_rtt=NA srtt=0.043393 rttvar=0.021697 rto=1.000000 retransmitted=0 dupack=0
timestamp_ns=3836606769743 event=DATA_ACK state=ESTABLISHED seq=1946715251 ack=518174968 snd_una=1946715251 snd_nxt=1946715251 rcv_nxt=518174968 rwnd=65535 recv_used=6900 right_edge=1946780786 flight=0 sample_rtt=NA srtt=0.043393 rttvar=0.021697 rto=1.000000 retransmitted=0 dupack=0
timestamp_ns=3836606771777 event=RECEIVE state=ESTABLISHED seq=518183248 ack=1946715251 snd_una=1946715251 snd_nxt=1946715251 rcv_nxt=518174968 rwnd=65535 recv_used=6900 right_edge=1946780786 flight=0 sample_rtt=NA srtt=0.043393 rttvar=0.021697 rto=1.000000 retransmitted=0 dupack=0
timestamp_ns=3836606774401 event=DATA_ACK state=ESTABLISHED seq=1946715251 ack=518174968 snd_una=1946715251 snd_nxt=1946715251 rcv_nxt=518174968 rwnd=65535 recv_used=8280 right_edge=1946780786 flight=0 sample_rtt=NA srtt=0.043393 rttvar=0.021697 rto=1.000000 retransmitted=0 dupack=0
timestamp_ns=3836606776716 event=RECEIVE state=ESTABLISHED seq=518184628 ack=1946715251 snd_una=1946715251 snd_nxt=1946715251 rcv_nxt=518174968 rwnd=65535 recv_used=8280 right_edge=1946780786 flight=0 sample_rtt=NA srtt=0.043393 rttvar=0.021697 rto=1.000000 retransmitted=0 dupack=0
timestamp_ns=3836606778169 event=DATA_ACK state=ESTABLISHED seq=1946715251 ack=518174968 snd_una=1946715251 snd_nxt=1946715251 rcv_nxt=518174968 rwnd=65535 recv_used=9660 right_edge=1946780786 flight=0 sample_rtt=NA srtt=0.043393 rttvar=0.021697 rto=1.000000 retransmitted=0 dupack=0
timestamp_ns=3836606780453 event=RECEIVE state=ESTABLISHED seq=518186008 ack=1946715251 snd_una=1946715251 snd_nxt=1946715251 rcv_nxt=518174968 rwnd=65535 recv_used=9660 right_edge=1946780786 flight=0 sample_rtt=NA srtt=0.043393 rttvar=0.021697 rto=1.000000 retransmitted=0 dupack=0
timestamp_ns=3836606781365 event=DATA_ACK state=ESTABLISHED seq=1946715251 ack=518174968 snd_una=1946715251 snd_nxt=1946715251 rcv_nxt=518174968 rwnd=65535 recv_used=11040 right_edge=1946780786 flight=0 sample_rtt=NA srtt=0.043393 rttvar=0.021697 rto=1.000000 retransmitted=0 dupack=0
timestamp_ns=3836606783559 event=RECEIVE state=ESTABLISHED seq=518187388 ack=1946715251 snd_una=1946715251 snd_nxt=1946715251 rcv_nxt=518174968 rwnd=65535 recv_used=11040 right_edge=1946780786 flight=0 sample_rtt=NA srtt=0.043393 rttvar=0.021697 rto=1.000000 retransmitted=0 dupack=0
timestamp_ns=3836606784471 event=DATA_ACK state=ESTABLISHED seq=1946715251 ack=518174968 snd_una=1946715251 snd_nxt=1946715251 rcv_nxt=518174968 rwnd=65535 recv_used=12420 right_edge=1946780786 flight=0 sample_rtt=NA srtt=0.043393 rttvar=0.021697 rto=1.000000 retransmitted=0 dupack=0
timestamp_ns=3836606787086 event=RECEIVE state=ESTABLISHED seq=518188768 ack=1946715251 snd_una=1946715251 snd_nxt=1946715251 rcv_nxt=518174968 rwnd=65535 recv_used=12420 right_edge=1946780786 flight=0 sample_rtt=NA srtt=0.043393 rttvar=0.021697 rto=1.000000 retransmitted=0 dupack=0
timestamp_ns=3836606788568 event=DATA_ACK state=ESTABLISHED seq=1946715251 ack=518174968 snd_una=1946715251 snd_nxt=1946715251 rcv_nxt=518174968 rwnd=65535 recv_used=13800 right_edge=1946780786 flight=0 sample_rtt=NA srtt=0.043393 rttvar=0.021697 rto=1.000000 retransmitted=0 dupack=0
timestamp_ns=3836606790602 event=RECEIVE state=ESTABLISHED seq=518190148 ack=1946715251 snd_una=1946715251 snd_nxt=1946715251 rcv_nxt=518174968 rwnd=65535 recv_used=13800 right_edge=1946780786 flight=0 sample_rtt=NA srtt=0.043393 rttvar=0.021697 rto=1.000000 retransmitted=0 dupack=0
timestamp_ns=3836606791514 event=DATA_ACK state=ESTABLISHED seq=1946715251 ack=518174968 snd_una=1946715251 snd_nxt=1946715251 rcv_nxt=518174968 rwnd=65535 recv_used=15180 right_edge=1946780786 flight=0 sample_rtt=NA srtt=0.043393 rttvar=0.021697 rto=1.000000 retransmitted=0 dupack=0
timestamp_ns=3836606793508 event=RECEIVE state=ESTABLISHED seq=518191528 ack=1946715251 snd_una=1946715251 snd_nxt=1946715251 rcv_nxt=518174968 rwnd=65535 recv_used=15180 right_edge=1946780786 flight=0 sample_rtt=NA srtt=0.043393 rttvar=0.021697 rto=1.000000 retransmitted=0 dupack=0
timestamp_ns=3836606794439 event=DATA_ACK state=ESTABLISHED seq=1946715251 ack=518174968 snd_una=1946715251 snd_nxt=1946715251 rcv_nxt=518174968 rwnd=65535 recv_used=16560 right_edge=1946780786 flight=0 sample_rtt=NA srtt=0.043393 rttvar=0.021697 rto=1.000000 retransmitted=0 dupack=0
timestamp_ns=3836606796854 event=RECEIVE state=ESTABLISHED seq=518192908 ack=1946715251 snd_una=1946715251 snd_nxt=1946715251 rcv_nxt=518174968 rwnd=65535 recv_used=16560 right_edge=1946780786 flight=0 sample_rtt=NA srtt=0.043393 rttvar=0.021697 rto=1.000000 retransmitted=0 dupack=0
timestamp_ns=3836606798066 event=DATA_ACK state=ESTABLISHED seq=1946715251 ack=518174968 snd_una=1946715251 snd_nxt=1946715251 rcv_nxt=518174968 rwnd=65535 recv_used=17940 right_edge=1946780786 flight=0 sample_rtt=NA srtt=0.043393 rttvar=0.021697 rto=1.000000 retransmitted=0 dupack=0
timestamp_ns=3836606801633 event=RECEIVE state=ESTABLISHED seq=518195668 ack=1946715251 snd_una=1946715251 snd_nxt=1946715251 rcv_nxt=518174968 rwnd=65535 recv_used=17940 right_edge=1946780786 flight=0 sample_rtt=NA srtt=0.043393 rttvar=0.021697 rto=1.000000 retransmitted=0 dupack=0
timestamp_ns=3836606802575 event=DATA_ACK state=ESTABLISHED seq=1946715251 ack=518174968 snd_una=1946715251 snd_nxt=1946715251 rcv_nxt=518174968 rwnd=65535 recv_used=19320 right_edge=1946780786 flight=0 sample_rtt=NA srtt=0.043393 rttvar=0.021697 rto=1.000000 retransmitted=0 dupack=0
timestamp_ns=3836606835217 event=RECEIVE state=ESTABLISHED seq=518197048 ack=1946715251 snd_una=1946715251 snd_nxt=1946715251 rcv_nxt=518174968 rwnd=65535 recv_used=19320 right_edge=1946780786 flight=0 sample_rtt=NA srtt=0.043393 rttvar=0.021697 rto=1.000000 retransmitted=0 dupack=0
timestamp_ns=3836606839725 event=DATA_ACK state=ESTABLISHED seq=1946715251 ack=518174968 snd_una=1946715251 snd_nxt=1946715251 rcv_nxt=518174968 rwnd=65535 recv_used=20700 right_edge=1946780786 flight=0 sample_rtt=NA srtt=0.043393 rttvar=0.021697 rto=1.000000 retransmitted=0 dupack=0
timestamp_ns=3836606843973 event=RECEIVE state=ESTABLISHED seq=518198428 ack=1946715251 snd_una=1946715251 snd_nxt=1946715251 rcv_nxt=518174968 rwnd=65535 recv_used=20700 right_edge=1946780786 flight=0 sample_rtt=NA srtt=0.043393 rttvar=0.021697 rto=1.000000 retransmitted=0 dupack=0
timestamp_ns=3836606845045 event=DATA_ACK state=ESTABLISHED seq=1946715251 ack=518174968 snd_una=1946715251 snd_nxt=1946715251 rcv_nxt=518174968 rwnd=65535 recv_used=22080 right_edge=1946780786 flight=0 sample_rtt=NA srtt=0.043393 rttvar=0.021697 rto=1.000000 retransmitted=0 dupack=0
timestamp_ns=3836606847360 event=RECEIVE state=ESTABLISHED seq=518199808 ack=1946715251 snd_una=1946715251 snd_nxt=1946715251 rcv_nxt=518174968 rwnd=65535 recv_used=22080 right_edge=1946780786 flight=0 sample_rtt=NA srtt=0.043393 rttvar=0.021697 rto=1.000000 retransmitted=0 dupack=0
timestamp_ns=3836606848231 event=DATA_ACK state=ESTABLISHED seq=1946715251 ack=518174968 snd_una=1946715251 snd_nxt=1946715251 rcv_nxt=518174968 rwnd=65535 recv_used=23460 right_edge=1946780786 flight=0 sample_rtt=NA srtt=0.043393 rttvar=0.021697 rto=1.000000 retransmitted=0 dupack=0
timestamp_ns=3836606850315 event=RECEIVE state=ESTABLISHED seq=518202568 ack=1946715251 snd_una=1946715251 snd_nxt=1946715251 rcv_nxt=518174968 rwnd=65535 recv_used=23460 right_edge=1946780786 flight=0 sample_rtt=NA srtt=0.043393 rttvar=0.021697 rto=1.000000 retransmitted=0 dupack=0
timestamp_ns=3836606851317 event=DATA_ACK state=ESTABLISHED seq=1946715251 ack=518174968 snd_una=1946715251 snd_nxt=1946715251 rcv_nxt=518174968 rwnd=65535 recv_used=24840 right_edge=1946780786 flight=0 sample_rtt=NA srtt=0.043393 rttvar=0.021697 rto=1.000000 retransmitted=0 dupack=0
timestamp_ns=3836606853562 event=RECEIVE state=ESTABLISHED seq=518203948 ack=1946715251 snd_una=1946715251 snd_nxt=1946715251 rcv_nxt=518174968 rwnd=65535 recv_used=24840 right_edge=1946780786 flight=0 sample_rtt=NA srtt=0.043393 rttvar=0.021697 rto=1.000000 retransmitted=0 dupack=0
timestamp_ns=3836606854493 event=DATA_ACK state=ESTABLISHED seq=1946715251 ack=518174968 snd_una=1946715251 snd_nxt=1946715251 rcv_nxt=518174968 rwnd=65535 recv_used=26220 right_edge=1946780786 flight=0 sample_rtt=NA srtt=0.043393 rttvar=0.021697 rto=1.000000 retransmitted=0 dupack=0
timestamp_ns=3836606856818 event=RECEIVE state=ESTABLISHED seq=518205328 ack=1946715251 snd_una=1946715251 snd_nxt=1946715251 rcv_nxt=518174968 rwnd=65535 recv_used=26220 right_edge=1946780786 flight=0 sample_rtt=NA srtt=0.043393 rttvar=0.021697 rto=1.000000 retransmitted=0 dupack=0
timestamp_ns=3836606857699 event=DATA_ACK state=ESTABLISHED seq=1946715251 ack=518174968 snd_una=1946715251 snd_nxt=1946715251 rcv_nxt=518174968 rwnd=65535 recv_used=27600 right_edge=1946780786 flight=0 sample_rtt=NA srtt=0.043393 rttvar=0.021697 rto=1.000000 retransmitted=0 dupack=0
timestamp_ns=3836606868019 event=RECEIVE state=ESTABLISHED seq=518206708 ack=1946715251 snd_una=1946715251 snd_nxt=1946715251 rcv_nxt=518174968 rwnd=65535 recv_used=27600 right_edge=1946780786 flight=0 sample_rtt=NA srtt=0.043393 rttvar=0.021697 rto=1.000000 retransmitted=0 dupack=0
timestamp_ns=3836606868881 event=DATA_ACK state=ESTABLISHED seq=1946715251 ack=518174968 snd_una=1946715251 snd_nxt=1946715251 rcv_nxt=518174968 rwnd=65535 recv_used=28980 right_edge=1946780786 flight=0 sample_rtt=NA srtt=0.043393 rttvar=0.021697 rto=1.000000 retransmitted=0 dupack=0
timestamp_ns=3836606870954 event=RECEIVE state=ESTABLISHED seq=518208088 ack=1946715251 snd_una=1946715251 snd_nxt=1946715251 rcv_nxt=518174968 rwnd=65535 recv_used=28980 right_edge=1946780786 flight=0 sample_rtt=NA srtt=0.043393 rttvar=0.021697 rto=1.000000 retransmitted=0 dupack=0
timestamp_ns=3836606871936 event=DATA_ACK state=ESTABLISHED seq=1946715251 ack=518174968 snd_una=1946715251 snd_nxt=1946715251 rcv_nxt=518174968 rwnd=65535 recv_used=30360 right_edge=1946780786 flight=0 sample_rtt=NA srtt=0.043393 rttvar=0.021697 rto=1.000000 retransmitted=0 dupack=0
timestamp_ns=3836606874331 event=RECEIVE state=ESTABLISHED seq=518209468 ack=1946715251 snd_una=1946715251 snd_nxt=1946715251 rcv_nxt=518174968 rwnd=65535 recv_used=30360 right_edge=1946780786 flight=0 sample_rtt=NA srtt=0.043393 rttvar=0.021697 rto=1.000000 retransmitted=0 dupack=0
timestamp_ns=3836606875233 event=DATA_ACK state=ESTABLISHED seq=1946715251 ack=518174968 snd_una=1946715251 snd_nxt=1946715251 rcv_nxt=518174968 rwnd=65535 recv_used=31740 right_edge=1946780786 flight=0 sample_rtt=NA srtt=0.043393 rttvar=0.021697 rto=1.000000 retransmitted=0 dupack=0
timestamp_ns=3836606877166 event=RECEIVE state=ESTABLISHED seq=518210848 ack=1946715251 snd_una=1946715251 snd_nxt=1946715251 rcv_nxt=518174968 rwnd=65535 recv_used=31740 right_edge=1946780786 flight=0 sample_rtt=NA srtt=0.043393 rttvar=0.021697 rto=1.000000 retransmitted=0 dupack=0
timestamp_ns=3836606878459 event=DATA_ACK state=ESTABLISHED seq=1946715251 ack=518174968 snd_una=1946715251 snd_nxt=1946715251 rcv_nxt=518174968 rwnd=65535 recv_used=33120 right_edge=1946780786 flight=0 sample_rtt=NA srtt=0.043393 rttvar=0.021697 rto=1.000000 retransmitted=0 dupack=0
timestamp_ns=3836606880733 event=RECEIVE state=ESTABLISHED seq=518212228 ack=1946715251 snd_una=1946715251 snd_nxt=1946715251 rcv_nxt=518174968 rwnd=65535 recv_used=33120 right_edge=1946780786 flight=0 sample_rtt=NA srtt=0.043393 rttvar=0.021697 rto=1.000000 retransmitted=0 dupack=0
timestamp_ns=3836606881755 event=DATA_ACK state=ESTABLISHED seq=1946715251 ack=518174968 snd_una=1946715251 snd_nxt=1946715251 rcv_nxt=518174968 rwnd=65535 recv_used=34500 right_edge=1946780786 flight=0 sample_rtt=NA srtt=0.043393 rttvar=0.021697 rto=1.000000 retransmitted=0 dupack=0
timestamp_ns=3836606883819 event=RECEIVE state=ESTABLISHED seq=518213608 ack=1946715251 snd_una=1946715251 snd_nxt=1946715251 rcv_nxt=518174968 rwnd=65535 recv_used=34500 right_edge=1946780786 flight=0 sample_rtt=NA srtt=0.043393 rttvar=0.021697 rto=1.000000 retransmitted=0 dupack=0
timestamp_ns=3836606884811 event=DATA_ACK state=ESTABLISHED seq=1946715251 ack=518174968 snd_una=1946715251 snd_nxt=1946715251 rcv_nxt=518174968 rwnd=65535 recv_used=35880 right_edge=1946780786 flight=0 sample_rtt=NA srtt=0.043393 rttvar=0.021697 rto=1.000000 retransmitted=0 dupack=0
timestamp_ns=3836649715321 event=RECEIVE state=ESTABLISHED seq=518214988 ack=1946715251 snd_una=1946715251 snd_nxt=1946715251 rcv_nxt=518174968 rwnd=65535 recv_used=35880 right_edge=1946780786 flight=0 sample_rtt=NA srtt=0.043393 rttvar=0.021697 rto=1.000000 retransmitted=0 dupack=0
timestamp_ns=3836649732484 event=DATA_ACK state=ESTABLISHED seq=1946715251 ack=518174968 snd_una=1946715251 snd_nxt=1946715251 rcv_nxt=518174968 rwnd=65535 recv_used=36556 right_edge=1946780786 flight=0 sample_rtt=NA srtt=0.043393 rttvar=0.021697 rto=1.000000 retransmitted=0 dupack=0
timestamp_ns=3836649788700 event=RECEIVE state=ESTABLISHED seq=518215664 ack=1946715251 snd_una=1946715251 snd_nxt=1946715251 rcv_nxt=518174968 rwnd=65535 recv_used=36556 right_edge=1946780786 flight=0 sample_rtt=NA srtt=0.043393 rttvar=0.021697 rto=1.000000 retransmitted=0 dupack=0
timestamp_ns=3836649790414 event=DATA_ACK state=ESTABLISHED seq=1946715251 ack=518174968 snd_una=1946715251 snd_nxt=1946715251 rcv_nxt=518174968 rwnd=65535 recv_used=37936 right_edge=1946780786 flight=0 sample_rtt=NA srtt=0.043393 rttvar=0.021697 rto=1.000000 retransmitted=0 dupack=0
timestamp_ns=3836649792838 event=RECEIVE state=ESTABLISHED seq=518217044 ack=1946715251 snd_una=1946715251 snd_nxt=1946715251 rcv_nxt=518174968 rwnd=65535 recv_used=37936 right_edge=1946780786 flight=0 sample_rtt=NA srtt=0.043393 rttvar=0.021697 rto=1.000000 retransmitted=0 dupack=0
timestamp_ns=3836649793970 event=DATA_ACK state=ESTABLISHED seq=1946715251 ack=518174968 snd_una=1946715251 snd_nxt=1946715251 rcv_nxt=518174968 rwnd=65535 recv_used=39316 right_edge=1946780786 flight=0 sample_rtt=NA srtt=0.043393 rttvar=0.021697 rto=1.000000 retransmitted=0 dupack=0
timestamp_ns=3836649796044 event=RECEIVE state=ESTABLISHED seq=518218424 ack=1946715251 snd_una=1946715251 snd_nxt=1946715251 rcv_nxt=518174968 rwnd=65535 recv_used=39316 right_edge=1946780786 flight=0 sample_rtt=NA srtt=0.043393 rttvar=0.021697 rto=1.000000 retransmitted=0 dupack=0
timestamp_ns=3836649797257 event=DATA_ACK state=ESTABLISHED seq=1946715251 ack=518174968 snd_una=1946715251 snd_nxt=1946715251 rcv_nxt=518174968 rwnd=65535 recv_used=40696 right_edge=1946780786 flight=0 sample_rtt=NA srtt=0.043393 rttvar=0.021697 rto=1.000000 retransmitted=0 dupack=0
timestamp_ns=3836649799200 event=RECEIVE state=ESTABLISHED seq=518219804 ack=1946715251 snd_una=1946715251 snd_nxt=1946715251 rcv_nxt=518174968 rwnd=65535 recv_used=40696 right_edge=1946780786 flight=0 sample_rtt=NA srtt=0.043393 rttvar=0.021697 rto=1.000000 retransmitted=0 dupack=0
timestamp_ns=3836649801354 event=DATA_ACK state=ESTABLISHED seq=1946715251 ack=518174968 snd_una=1946715251 snd_nxt=1946715251 rcv_nxt=518174968 rwnd=65535 recv_used=42076 right_edge=1946780786 flight=0 sample_rtt=NA srtt=0.043393 rttvar=0.021697 rto=1.000000 retransmitted=0 dupack=0
timestamp_ns=3836649803348 event=RECEIVE state=ESTABLISHED seq=518221184 ack=1946715251 snd_una=1946715251 snd_nxt=1946715251 rcv_nxt=518174968 rwnd=65535 recv_used=42076 right_edge=1946780786 flight=0 sample_rtt=NA srtt=0.043393 rttvar=0.021697 rto=1.000000 retransmitted=0 dupack=0
timestamp_ns=3836649805102 event=DATA_ACK state=ESTABLISHED seq=1946715251 ack=518174968 snd_una=1946715251 snd_nxt=1946715251 rcv_nxt=518174968 rwnd=65535 recv_used=43456 right_edge=1946780786 flight=0 sample_rtt=NA srtt=0.043393 rttvar=0.021697 rto=1.000000 retransmitted=0 dupack=0
timestamp_ns=3836649807135 event=RECEIVE state=ESTABLISHED seq=518222564 ack=1946715251 snd_una=1946715251 snd_nxt=1946715251 rcv_nxt=518174968 rwnd=65535 recv_used=43456 right_edge=1946780786 flight=0 sample_rtt=NA srtt=0.043393 rttvar=0.021697 rto=1.000000 retransmitted=0 dupack=0
timestamp_ns=3836649808207 event=DATA_ACK state=ESTABLISHED seq=1946715251 ack=518174968 snd_una=1946715251 snd_nxt=1946715251 rcv_nxt=518174968 rwnd=65535 recv_used=44836 right_edge=1946780786 flight=0 sample_rtt=NA srtt=0.043393 rttvar=0.021697 rto=1.000000 retransmitted=0 dupack=0
timestamp_ns=3836649810602 event=RECEIVE state=ESTABLISHED seq=518223944 ack=1946715251 snd_una=1946715251 snd_nxt=1946715251 rcv_nxt=518174968 rwnd=65535 recv_used=44836 right_edge=1946780786 flight=0 sample_rtt=NA srtt=0.043393 rttvar=0.021697 rto=1.000000 retransmitted=0 dupack=0
timestamp_ns=3836649811644 event=DATA_ACK state=ESTABLISHED seq=1946715251 ack=518174968 snd_una=1946715251 snd_nxt=1946715251 rcv_nxt=518174968 rwnd=65535 recv_used=46216 right_edge=1946780786 flight=0 sample_rtt=NA srtt=0.043393 rttvar=0.021697 rto=1.000000 retransmitted=0 dupack=0
timestamp_ns=3836649813618 event=RECEIVE state=ESTABLISHED seq=518225324 ack=1946715251 snd_una=1946715251 snd_nxt=1946715251 rcv_nxt=518174968 rwnd=65535 recv_used=46216 right_edge=1946780786 flight=0 sample_rtt=NA srtt=0.043393 rttvar=0.021697 rto=1.000000 retransmitted=0 dupack=0
timestamp_ns=3836649817164 event=DATA_ACK state=ESTABLISHED seq=1946715251 ack=518174968 snd_una=1946715251 snd_nxt=1946715251 rcv_nxt=518174968 rwnd=65535 recv_used=47596 right_edge=1946780786 flight=0 sample_rtt=NA srtt=0.043393 rttvar=0.021697 rto=1.000000 retransmitted=0 dupack=0
timestamp_ns=3836649819258 event=RECEIVE state=ESTABLISHED seq=518226704 ack=1946715251 snd_una=1946715251 snd_nxt=1946715251 rcv_nxt=518174968 rwnd=65535 recv_used=47596 right_edge=1946780786 flight=0 sample_rtt=NA srtt=0.043393 rttvar=0.021697 rto=1.000000 retransmitted=0 dupack=0
timestamp_ns=3836649820370 event=DATA_ACK state=ESTABLISHED seq=1946715251 ack=518174968 snd_una=1946715251 snd_nxt=1946715251 rcv_nxt=518174968 rwnd=65535 recv_used=48976 right_edge=1946780786 flight=0 sample_rtt=NA srtt=0.043393 rttvar=0.021697 rto=1.000000 retransmitted=0 dupack=0
timestamp_ns=3836649822424 event=RECEIVE state=ESTABLISHED seq=518228084 ack=1946715251 snd_una=1946715251 snd_nxt=1946715251 rcv_nxt=518174968 rwnd=65535 recv_used=48976 right_edge=1946780786 flight=0 sample_rtt=NA srtt=0.043393 rttvar=0.021697 rto=1.000000 retransmitted=0 dupack=0
timestamp_ns=3836649823506 event=DATA_ACK state=ESTABLISHED seq=1946715251 ack=518174968 snd_una=1946715251 snd_nxt=1946715251 rcv_nxt=518174968 rwnd=65535 recv_used=50356 right_edge=1946780786 flight=0 sample_rtt=NA srtt=0.043393 rttvar=0.021697 rto=1.000000 retransmitted=0 dupack=0
timestamp_ns=3836649825831 event=RECEIVE state=ESTABLISHED seq=518229464 ack=1946715251 snd_una=1946715251 snd_nxt=1946715251 rcv_nxt=518174968 rwnd=65535 recv_used=50356 right_edge=1946780786 flight=0 sample_rtt=NA srtt=0.043393 rttvar=0.021697 rto=1.000000 retransmitted=0 dupack=0
timestamp_ns=3836649827584 event=DATA_ACK state=ESTABLISHED seq=1946715251 ack=518174968 snd_una=1946715251 snd_nxt=1946715251 rcv_nxt=518174968 rwnd=65535 recv_used=51736 right_edge=1946780786 flight=0 sample_rtt=NA srtt=0.043393 rttvar=0.021697 rto=1.000000 retransmitted=0 dupack=0
timestamp_ns=3836649829508 event=RECEIVE state=ESTABLISHED seq=518230844 ack=1946715251 snd_una=1946715251 snd_nxt=1946715251 rcv_nxt=518174968 rwnd=65535 recv_used=51736 right_edge=1946780786 flight=0 sample_rtt=NA srtt=0.043393 rttvar=0.021697 rto=1.000000 retransmitted=0 dupack=0
timestamp_ns=3836649830620 event=DATA_ACK state=ESTABLISHED seq=1946715251 ack=518174968 snd_una=1946715251 snd_nxt=1946715251 rcv_nxt=518174968 rwnd=65535 recv_used=53116 right_edge=1946780786 flight=0 sample_rtt=NA srtt=0.043393 rttvar=0.021697 rto=1.000000 retransmitted=0 dupack=0
timestamp_ns=3836649832944 event=RECEIVE state=ESTABLISHED seq=518232224 ack=1946715251 snd_una=1946715251 snd_nxt=1946715251 rcv_nxt=518174968 rwnd=65535 recv_used=53116 right_edge=1946780786 flight=0 sample_rtt=NA srtt=0.043393 rttvar=0.021697 rto=1.000000 retransmitted=0 dupack=0
timestamp_ns=3836649834036 event=DATA_ACK state=ESTABLISHED seq=1946715251 ack=518174968 snd_una=1946715251 snd_nxt=1946715251 rcv_nxt=518174968 rwnd=65535 recv_used=54496 right_edge=1946780786 flight=0 sample_rtt=NA srtt=0.043393 rttvar=0.021697 rto=1.000000 retransmitted=0 dupack=0
timestamp_ns=3836649835990 event=RECEIVE state=ESTABLISHED seq=518233604 ack=1946715251 snd_una=1946715251 snd_nxt=1946715251 rcv_nxt=518174968 rwnd=65535 recv_used=54496 right_edge=1946780786 flight=0 sample_rtt=NA srtt=0.043393 rttvar=0.021697 rto=1.000000 retransmitted=0 dupack=0
timestamp_ns=3836649844556 event=DATA_ACK state=ESTABLISHED seq=1946715251 ack=518174968 snd_una=1946715251 snd_nxt=1946715251 rcv_nxt=518174968 rwnd=65535 recv_used=55876 right_edge=1946780786 flight=0 sample_rtt=NA srtt=0.043393 rttvar=0.021697 rto=1.000000 retransmitted=0 dupack=0
timestamp_ns=3836649847622 event=RECEIVE state=ESTABLISHED seq=518234984 ack=1946715251 snd_una=1946715251 snd_nxt=1946715251 rcv_nxt=518174968 rwnd=65535 recv_used=55876 right_edge=1946780786 flight=0 sample_rtt=NA srtt=0.043393 rttvar=0.021697 rto=1.000000 retransmitted=0 dupack=0
timestamp_ns=3836649850638 event=DATA_ACK state=ESTABLISHED seq=1946715251 ack=518174968 snd_una=1946715251 snd_nxt=1946715251 rcv_nxt=518174968 rwnd=65535 recv_used=57256 right_edge=1946780786 flight=0 sample_rtt=NA srtt=0.043393 rttvar=0.021697 rto=1.000000 retransmitted=0 dupack=0
timestamp_ns=3836649852762 event=RECEIVE state=ESTABLISHED seq=518236364 ack=1946715251 snd_una=1946715251 snd_nxt=1946715251 rcv_nxt=518174968 rwnd=65535 recv_used=57256 right_edge=1946780786 flight=0 sample_rtt=NA srtt=0.043393 rttvar=0.021697 rto=1.000000 retransmitted=0 dupack=0
timestamp_ns=3836649853954 event=DATA_ACK state=ESTABLISHED seq=1946715251 ack=518174968 snd_una=1946715251 snd_nxt=1946715251 rcv_nxt=518174968 rwnd=65535 recv_used=58636 right_edge=1946780786 flight=0 sample_rtt=NA srtt=0.043393 rttvar=0.021697 rto=1.000000 retransmitted=0 dupack=0
timestamp_ns=3836649855858 event=RECEIVE state=ESTABLISHED seq=518237744 ack=1946715251 snd_una=1946715251 snd_nxt=1946715251 rcv_nxt=518174968 rwnd=65535 recv_used=58636 right_edge=1946780786 flight=0 sample_rtt=NA srtt=0.043393 rttvar=0.021697 rto=1.000000 retransmitted=0 dupack=0
timestamp_ns=3836649886305 event=DATA_ACK state=ESTABLISHED seq=1946715251 ack=518174968 snd_una=1946715251 snd_nxt=1946715251 rcv_nxt=518174968 rwnd=65535 recv_used=60016 right_edge=1946780786 flight=0 sample_rtt=NA srtt=0.043393 rttvar=0.021697 rto=1.000000 retransmitted=0 dupack=0
timestamp_ns=3836649897617 event=RECEIVE state=ESTABLISHED seq=518174968 ack=1946715251 snd_una=1946715251 snd_nxt=1946715251 rcv_nxt=518174968 rwnd=65535 recv_used=60016 right_edge=1946780786 flight=0 sample_rtt=NA srtt=0.043393 rttvar=0.021697 rto=1.000000 retransmitted=0 dupack=0
timestamp_ns=3836649919468 event=DATA_ACK state=ESTABLISHED seq=1946715251 ack=518194288 snd_una=1946715251 snd_nxt=1946715251 rcv_nxt=518194288 rwnd=65535 recv_used=61396 right_edge=1946780786 flight=0 sample_rtt=NA srtt=0.043393 rttvar=0.021697 rto=1.000000 retransmitted=0 dupack=0
timestamp_ns=3837651644675 event=RECEIVE state=ESTABLISHED seq=518174968 ack=1946715251 snd_una=1946715251 snd_nxt=1946715251 rcv_nxt=518194288 rwnd=65535 recv_used=42076 right_edge=1946780786 flight=0 sample_rtt=NA srtt=0.043393 rttvar=0.021697 rto=1.000000 retransmitted=0 dupack=0
timestamp_ns=3837651659112 event=DATA_ACK state=ESTABLISHED seq=1946715251 ack=518194288 snd_una=1946715251 snd_nxt=1946715251 rcv_nxt=518194288 rwnd=65535 recv_used=42076 right_edge=1946780786 flight=0 sample_rtt=NA srtt=0.043393 rttvar=0.021697 rto=1.000000 retransmitted=0 dupack=0
timestamp_ns=3837695431110 event=RECEIVE state=ESTABLISHED seq=518240504 ack=1946715251 snd_una=1946715251 snd_nxt=1946715251 rcv_nxt=518194288 rwnd=65535 recv_used=42076 right_edge=1946780786 flight=0 sample_rtt=NA srtt=0.043393 rttvar=0.021697 rto=1.000000 retransmitted=0 dupack=0
timestamp_ns=3837695446970 event=DATA_ACK state=ESTABLISHED seq=1946715251 ack=518194288 snd_una=1946715251 snd_nxt=1946715251 rcv_nxt=518194288 rwnd=65535 recv_used=43456 right_edge=1946780786 flight=0 sample_rtt=NA srtt=0.043393 rttvar=0.021697 rto=1.000000 retransmitted=0 dupack=0
timestamp_ns=3837695474132 event=RECEIVE state=ESTABLISHED seq=518241884 ack=1946715251 snd_una=1946715251 snd_nxt=1946715251 rcv_nxt=518194288 rwnd=65535 recv_used=43456 right_edge=1946780786 flight=0 sample_rtt=NA srtt=0.043393 rttvar=0.021697 rto=1.000000 retransmitted=0 dupack=0
timestamp_ns=3837695476226 event=DATA_ACK state=ESTABLISHED seq=1946715251 ack=518194288 snd_una=1946715251 snd_nxt=1946715251 rcv_nxt=518194288 rwnd=65535 recv_used=44836 right_edge=1946780786 flight=0 sample_rtt=NA srtt=0.043393 rttvar=0.021697 rto=1.000000 retransmitted=0 dupack=0
timestamp_ns=3837695478981 event=RECEIVE state=ESTABLISHED seq=518243264 ack=1946715251 snd_una=1946715251 snd_nxt=1946715251 rcv_nxt=518194288 rwnd=65535 recv_used=44836 right_edge=1946780786 flight=0 sample_rtt=NA srtt=0.043393 rttvar=0.021697 rto=1.000000 retransmitted=0 dupack=0
timestamp_ns=3837695480434 event=DATA_ACK state=ESTABLISHED seq=1946715251 ack=518194288 snd_una=1946715251 snd_nxt=1946715251 rcv_nxt=518194288 rwnd=65535 recv_used=46216 right_edge=1946780786 flight=0 sample_rtt=NA srtt=0.043393 rttvar=0.021697 rto=1.000000 retransmitted=0 dupack=0
timestamp_ns=3837695516752 event=RECEIVE state=ESTABLISHED seq=518244644 ack=1946715251 snd_una=1946715251 snd_nxt=1946715251 rcv_nxt=518194288 rwnd=65535 recv_used=46216 right_edge=1946780786 flight=0 sample_rtt=NA srtt=0.043393 rttvar=0.021697 rto=1.000000 retransmitted=0 dupack=0
timestamp_ns=3837695518125 event=DATA_ACK state=ESTABLISHED seq=1946715251 ack=518194288 snd_una=1946715251 snd_nxt=1946715251 rcv_nxt=518194288 rwnd=65535 recv_used=47596 right_edge=1946780786 flight=0 sample_rtt=NA srtt=0.043393 rttvar=0.021697 rto=1.000000 retransmitted=0 dupack=0
timestamp_ns=3837695520259 event=RECEIVE state=ESTABLISHED seq=518246024 ack=1946715251 snd_una=1946715251 snd_nxt=1946715251 rcv_nxt=518194288 rwnd=65535 recv_used=47596 right_edge=1946780786 flight=0 sample_rtt=NA srtt=0.043393 rttvar=0.021697 rto=1.000000 retransmitted=0 dupack=0
timestamp_ns=3837695521522 event=DATA_ACK state=ESTABLISHED seq=1946715251 ack=518194288 snd_una=1946715251 snd_nxt=1946715251 rcv_nxt=518194288 rwnd=65535 recv_used=48976 right_edge=1946780786 flight=0 sample_rtt=NA srtt=0.043393 rttvar=0.021697 rto=1.000000 retransmitted=0 dupack=0
timestamp_ns=3837695523595 event=RECEIVE state=ESTABLISHED seq=518247404 ack=1946715251 snd_una=1946715251 snd_nxt=1946715251 rcv_nxt=518194288 rwnd=65535 recv_used=48976 right_edge=1946780786 flight=0 sample_rtt=NA srtt=0.043393 rttvar=0.021697 rto=1.000000 retransmitted=0 dupack=0
timestamp_ns=3837695524758 event=DATA_ACK state=ESTABLISHED seq=1946715251 ack=518194288 snd_una=1946715251 snd_nxt=1946715251 rcv_nxt=518194288 rwnd=65535 recv_used=50356 right_edge=1946780786 flight=0 sample_rtt=NA srtt=0.043393 rttvar=0.021697 rto=1.000000 retransmitted=0 dupack=0
timestamp_ns=3837695528094 event=RECEIVE state=ESTABLISHED seq=518248784 ack=1946715251 snd_una=1946715251 snd_nxt=1946715251 rcv_nxt=518194288 rwnd=65535 recv_used=50356 right_edge=1946780786 flight=0 sample_rtt=NA srtt=0.043393 rttvar=0.021697 rto=1.000000 retransmitted=0 dupack=0
timestamp_ns=3837695529867 event=DATA_ACK state=ESTABLISHED seq=1946715251 ack=518194288 snd_una=1946715251 snd_nxt=1946715251 rcv_nxt=518194288 rwnd=65535 recv_used=51736 right_edge=1946780786 flight=0 sample_rtt=NA srtt=0.043393 rttvar=0.021697 rto=1.000000 retransmitted=0 dupack=0
timestamp_ns=3837695531971 event=RECEIVE state=ESTABLISHED seq=518250164 ack=1946715251 snd_una=1946715251 snd_nxt=1946715251 rcv_nxt=518194288 rwnd=65535 recv_used=51736 right_edge=1946780786 flight=0 sample_rtt=NA srtt=0.043393 rttvar=0.021697 rto=1.000000 retransmitted=0 dupack=0
timestamp_ns=3837695533564 event=DATA_ACK state=ESTABLISHED seq=1946715251 ack=518194288 snd_una=1946715251 snd_nxt=1946715251 rcv_nxt=518194288 rwnd=65535 recv_used=53116 right_edge=1946780786 flight=0 sample_rtt=NA srtt=0.043393 rttvar=0.021697 rto=1.000000 retransmitted=0 dupack=0
timestamp_ns=3837695535678 event=RECEIVE state=ESTABLISHED seq=518251544 ack=1946715251 snd_una=1946715251 snd_nxt=1946715251 rcv_nxt=518194288 rwnd=65535 recv_used=53116 right_edge=1946780786 flight=0 sample_rtt=NA srtt=0.043393 rttvar=0.021697 rto=1.000000 retransmitted=0 dupack=0
timestamp_ns=3837695536710 event=DATA_ACK state=ESTABLISHED seq=1946715251 ack=518194288 snd_una=1946715251 snd_nxt=1946715251 rcv_nxt=518194288 rwnd=65535 recv_used=54496 right_edge=1946780786 flight=0 sample_rtt=NA srtt=0.043393 rttvar=0.021697 rto=1.000000 retransmitted=0 dupack=0
timestamp_ns=3837695538955 event=RECEIVE state=ESTABLISHED seq=518252924 ack=1946715251 snd_una=1946715251 snd_nxt=1946715251 rcv_nxt=518194288 rwnd=65535 recv_used=54496 right_edge=1946780786 flight=0 sample_rtt=NA srtt=0.043393 rttvar=0.021697 rto=1.000000 retransmitted=0 dupack=0
timestamp_ns=3837695540007 event=DATA_ACK state=ESTABLISHED seq=1946715251 ack=518194288 snd_una=1946715251 snd_nxt=1946715251 rcv_nxt=518194288 rwnd=65535 recv_used=55876 right_edge=1946780786 flight=0 sample_rtt=NA srtt=0.043393 rttvar=0.021697 rto=1.000000 retransmitted=0 dupack=0
timestamp_ns=3837695544184 event=RECEIVE state=ESTABLISHED seq=518254304 ack=1946715251 snd_una=1946715251 snd_nxt=1946715251 rcv_nxt=518194288 rwnd=65535 recv_used=55876 right_edge=1946780786 flight=0 sample_rtt=NA srtt=0.043393 rttvar=0.021697 rto=1.000000 retransmitted=0 dupack=0
timestamp_ns=3837695545788 event=DATA_ACK state=ESTABLISHED seq=1946715251 ack=518194288 snd_una=1946715251 snd_nxt=1946715251 rcv_nxt=518194288 rwnd=65535 recv_used=57256 right_edge=1946780786 flight=0 sample_rtt=NA srtt=0.043393 rttvar=0.021697 rto=1.000000 retransmitted=0 dupack=0
timestamp_ns=3837695547851 event=RECEIVE state=ESTABLISHED seq=518255684 ack=1946715251 snd_una=1946715251 snd_nxt=1946715251 rcv_nxt=518194288 rwnd=65535 recv_used=57256 right_edge=1946780786 flight=0 sample_rtt=NA srtt=0.043393 rttvar=0.021697 rto=1.000000 retransmitted=0 dupack=0
timestamp_ns=3837695548863 event=DATA_ACK state=ESTABLISHED seq=1946715251 ack=518194288 snd_una=1946715251 snd_nxt=1946715251 rcv_nxt=518194288 rwnd=65535 recv_used=58636 right_edge=1946780786 flight=0 sample_rtt=NA srtt=0.043393 rttvar=0.021697 rto=1.000000 retransmitted=0 dupack=0
timestamp_ns=3837695552140 event=RECEIVE state=ESTABLISHED seq=518257064 ack=1946715251 snd_una=1946715251 snd_nxt=1946715251 rcv_nxt=518194288 rwnd=65535 recv_used=58636 right_edge=1946780786 flight=0 sample_rtt=NA srtt=0.043393 rttvar=0.021697 rto=1.000000 retransmitted=0 dupack=0
timestamp_ns=3837695553121 event=DATA_ACK state=ESTABLISHED seq=1946715251 ack=518194288 snd_una=1946715251 snd_nxt=1946715251 rcv_nxt=518194288 rwnd=65535 recv_used=60016 right_edge=1946780786 flight=0 sample_rtt=NA srtt=0.043393 rttvar=0.021697 rto=1.000000 retransmitted=0 dupack=0
timestamp_ns=3837738723548 event=RECEIVE state=ESTABLISHED seq=518194288 ack=1946715251 snd_una=1946715251 snd_nxt=1946715251 rcv_nxt=518194288 rwnd=65535 recv_used=60016 right_edge=1946780786 flight=0 sample_rtt=NA srtt=0.043393 rttvar=0.021697 rto=1.000000 retransmitted=0 dupack=0
timestamp_ns=3837738771990 event=DATA_ACK state=ESTABLISHED seq=1946715251 ack=518201188 snd_una=1946715251 snd_nxt=1946715251 rcv_nxt=518201188 rwnd=65535 recv_used=61396 right_edge=1946780786 flight=0 sample_rtt=NA srtt=0.043393 rttvar=0.021697 rto=1.000000 retransmitted=0 dupack=0
timestamp_ns=3837781296582 event=RECEIVE state=ESTABLISHED seq=518261204 ack=1946715251 snd_una=1946715251 snd_nxt=1946715251 rcv_nxt=518201188 rwnd=65535 recv_used=54496 right_edge=1946780786 flight=0 sample_rtt=NA srtt=0.043393 rttvar=0.021697 rto=1.000000 retransmitted=0 dupack=0
timestamp_ns=3837781308615 event=DATA_ACK state=ESTABLISHED seq=1946715251 ack=518201188 snd_una=1946715251 snd_nxt=1946715251 rcv_nxt=518201188 rwnd=65535 recv_used=55876 right_edge=1946780786 flight=0 sample_rtt=NA srtt=0.043393 rttvar=0.021697 rto=1.000000 retransmitted=0 dupack=0
timestamp_ns=3837781329585 event=RECEIVE state=ESTABLISHED seq=518262584 ack=1946715251 snd_una=1946715251 snd_nxt=1946715251 rcv_nxt=518201188 rwnd=65535 recv_used=55876 right_edge=1946780786 flight=0 sample_rtt=NA srtt=0.043393 rttvar=0.021697 rto=1.000000 retransmitted=0 dupack=0
timestamp_ns=3837781331338 event=DATA_ACK state=ESTABLISHED seq=1946715251 ack=518201188 snd_una=1946715251 snd_nxt=1946715251 rcv_nxt=518201188 rwnd=65535 recv_used=57256 right_edge=1946780786 flight=0 sample_rtt=NA srtt=0.043393 rttvar=0.021697 rto=1.000000 retransmitted=0 dupack=0
timestamp_ns=3837781334344 event=RECEIVE state=ESTABLISHED seq=518263964 ack=1946715251 snd_una=1946715251 snd_nxt=1946715251 rcv_nxt=518201188 rwnd=65535 recv_used=57256 right_edge=1946780786 flight=0 sample_rtt=NA srtt=0.043393 rttvar=0.021697 rto=1.000000 retransmitted=0 dupack=0
timestamp_ns=3837781335496 event=DATA_ACK state=ESTABLISHED seq=1946715251 ack=518201188 snd_una=1946715251 snd_nxt=1946715251 rcv_nxt=518201188 rwnd=65535 recv_used=58636 right_edge=1946780786 flight=0 sample_rtt=NA srtt=0.043393 rttvar=0.021697 rto=1.000000 retransmitted=0 dupack=0
timestamp_ns=3838606749342 event=RECEIVE state=ESTABLISHED seq=518201188 ack=1946715251 snd_una=1946715251 snd_nxt=1946715251 rcv_nxt=518201188 rwnd=65535 recv_used=58636 right_edge=1946780786 flight=0 sample_rtt=NA srtt=0.043393 rttvar=0.021697 rto=1.000000 retransmitted=0 dupack=0
timestamp_ns=3838606815747 event=DATA_ACK state=ESTABLISHED seq=1946715251 ack=518239124 snd_una=1946715251 snd_nxt=1946715251 rcv_nxt=518239124 rwnd=65535 recv_used=60016 right_edge=1946780786 flight=0 sample_rtt=NA srtt=0.043393 rttvar=0.021697 rto=1.000000 retransmitted=0 dupack=0
timestamp_ns=3838649578317 event=RECEIVE state=ESTABLISHED seq=518265344 ack=1946715251 snd_una=1946715251 snd_nxt=1946715251 rcv_nxt=518239124 rwnd=65535 recv_used=22080 right_edge=1946780786 flight=0 sample_rtt=NA srtt=0.043393 rttvar=0.021697 rto=1.000000 retransmitted=0 dupack=0
timestamp_ns=3838649594928 event=DATA_ACK state=ESTABLISHED seq=1946715251 ack=518239124 snd_una=1946715251 snd_nxt=1946715251 rcv_nxt=518239124 rwnd=65535 recv_used=23460 right_edge=1946780786 flight=0 sample_rtt=NA srtt=0.043393 rttvar=0.021697 rto=1.000000 retransmitted=0 dupack=0
timestamp_ns=3838649619846 event=RECEIVE state=ESTABLISHED seq=518266724 ack=1946715251 snd_una=1946715251 snd_nxt=1946715251 rcv_nxt=518239124 rwnd=65535 recv_used=23460 right_edge=1946780786 flight=0 sample_rtt=NA srtt=0.043393 rttvar=0.021697 rto=1.000000 retransmitted=0 dupack=0
timestamp_ns=3838649621268 event=DATA_ACK state=ESTABLISHED seq=1946715251 ack=518239124 snd_una=1946715251 snd_nxt=1946715251 rcv_nxt=518239124 rwnd=65535 recv_used=24840 right_edge=1946780786 flight=0 sample_rtt=NA srtt=0.043393 rttvar=0.021697 rto=1.000000 retransmitted=0 dupack=0
timestamp_ns=3838649623853 event=RECEIVE state=ESTABLISHED seq=518268104 ack=1946715251 snd_una=1946715251 snd_nxt=1946715251 rcv_nxt=518239124 rwnd=65535 recv_used=24840 right_edge=1946780786 flight=0 sample_rtt=NA srtt=0.043393 rttvar=0.021697 rto=1.000000 retransmitted=0 dupack=0
timestamp_ns=3838649624995 event=DATA_ACK state=ESTABLISHED seq=1946715251 ack=518239124 snd_una=1946715251 snd_nxt=1946715251 rcv_nxt=518239124 rwnd=65535 recv_used=26220 right_edge=1946780786 flight=0 sample_rtt=NA srtt=0.043393 rttvar=0.021697 rto=1.000000 retransmitted=0 dupack=0
timestamp_ns=3838649627230 event=RECEIVE state=ESTABLISHED seq=518269484 ack=1946715251 snd_una=1946715251 snd_nxt=1946715251 rcv_nxt=518239124 rwnd=65535 recv_used=26220 right_edge=1946780786 flight=0 sample_rtt=NA srtt=0.043393 rttvar=0.021697 rto=1.000000 retransmitted=0 dupack=0
timestamp_ns=3838649628873 event=DATA_ACK state=ESTABLISHED seq=1946715251 ack=518239124 snd_una=1946715251 snd_nxt=1946715251 rcv_nxt=518239124 rwnd=65535 recv_used=27600 right_edge=1946780786 flight=0 sample_rtt=NA srtt=0.043393 rttvar=0.021697 rto=1.000000 retransmitted=0 dupack=0
timestamp_ns=3838649630997 event=RECEIVE state=ESTABLISHED seq=518270864 ack=1946715251 snd_una=1946715251 snd_nxt=1946715251 rcv_nxt=518239124 rwnd=65535 recv_used=27600 right_edge=1946780786 flight=0 sample_rtt=NA srtt=0.043393 rttvar=0.021697 rto=1.000000 retransmitted=0 dupack=0
timestamp_ns=3838649631928 event=DATA_ACK state=ESTABLISHED seq=1946715251 ack=518239124 snd_una=1946715251 snd_nxt=1946715251 rcv_nxt=518239124 rwnd=65535 recv_used=28980 right_edge=1946780786 flight=0 sample_rtt=NA srtt=0.043393 rttvar=0.021697 rto=1.000000 retransmitted=0 dupack=0
timestamp_ns=3838649634012 event=RECEIVE state=ESTABLISHED seq=518272244 ack=1946715251 snd_una=1946715251 snd_nxt=1946715251 rcv_nxt=518239124 rwnd=65535 recv_used=28980 right_edge=1946780786 flight=0 sample_rtt=NA srtt=0.043393 rttvar=0.021697 rto=1.000000 retransmitted=0 dupack=0
timestamp_ns=3838649634964 event=DATA_ACK state=ESTABLISHED seq=1946715251 ack=518239124 snd_una=1946715251 snd_nxt=1946715251 rcv_nxt=518239124 rwnd=65535 recv_used=30360 right_edge=1946780786 flight=0 sample_rtt=NA srtt=0.043393 rttvar=0.021697 rto=1.000000 retransmitted=0 dupack=0
timestamp_ns=3838649637900 event=RECEIVE state=ESTABLISHED seq=518273624 ack=1946715251 snd_una=1946715251 snd_nxt=1946715251 rcv_nxt=518239124 rwnd=65535 recv_used=30360 right_edge=1946780786 flight=0 sample_rtt=NA srtt=0.043393 rttvar=0.021697 rto=1.000000 retransmitted=0 dupack=0
timestamp_ns=3838649671273 event=DATA_ACK state=ESTABLISHED seq=1946715251 ack=518239124 snd_una=1946715251 snd_nxt=1946715251 rcv_nxt=518239124 rwnd=65535 recv_used=31740 right_edge=1946780786 flight=0 sample_rtt=NA srtt=0.043393 rttvar=0.021697 rto=1.000000 retransmitted=0 dupack=0
timestamp_ns=3838649674068 event=RECEIVE state=ESTABLISHED seq=518275004 ack=1946715251 snd_una=1946715251 snd_nxt=1946715251 rcv_nxt=518239124 rwnd=65535 recv_used=31740 right_edge=1946780786 flight=0 sample_rtt=NA srtt=0.043393 rttvar=0.021697 rto=1.000000 retransmitted=0 dupack=0
timestamp_ns=3838649675200 event=DATA_ACK state=ESTABLISHED seq=1946715251 ack=518239124 snd_una=1946715251 snd_nxt=1946715251 rcv_nxt=518239124 rwnd=65535 recv_used=33120 right_edge=1946780786 flight=0 sample_rtt=NA srtt=0.043393 rttvar=0.021697 rto=1.000000 retransmitted=0 dupack=0
timestamp_ns=3838649677244 event=RECEIVE state=ESTABLISHED seq=518276384 ack=1946715251 snd_una=1946715251 snd_nxt=1946715251 rcv_nxt=518239124 rwnd=65535 recv_used=33120 right_edge=1946780786 flight=0 sample_rtt=NA srtt=0.043393 rttvar=0.021697 rto=1.000000 retransmitted=0 dupack=0
timestamp_ns=3838649678256 event=DATA_ACK state=ESTABLISHED seq=1946715251 ack=518239124 snd_una=1946715251 snd_nxt=1946715251 rcv_nxt=518239124 rwnd=65535 recv_used=34500 right_edge=1946780786 flight=0 sample_rtt=NA srtt=0.043393 rttvar=0.021697 rto=1.000000 retransmitted=0 dupack=0
timestamp_ns=3838649680250 event=RECEIVE state=ESTABLISHED seq=518277764 ack=1946715251 snd_una=1946715251 snd_nxt=1946715251 rcv_nxt=518239124 rwnd=65535 recv_used=34500 right_edge=1946780786 flight=0 sample_rtt=NA srtt=0.043393 rttvar=0.021697 rto=1.000000 retransmitted=0 dupack=0
timestamp_ns=3838649681232 event=DATA_ACK state=ESTABLISHED seq=1946715251 ack=518239124 snd_una=1946715251 snd_nxt=1946715251 rcv_nxt=518239124 rwnd=65535 recv_used=35880 right_edge=1946780786 flight=0 sample_rtt=NA srtt=0.043393 rttvar=0.021697 rto=1.000000 retransmitted=0 dupack=0
timestamp_ns=3838649683216 event=RECEIVE state=ESTABLISHED seq=518280524 ack=1946715251 snd_una=1946715251 snd_nxt=1946715251 rcv_nxt=518239124 rwnd=65535 recv_used=35880 right_edge=1946780786 flight=0 sample_rtt=NA srtt=0.043393 rttvar=0.021697 rto=1.000000 retransmitted=0 dupack=0
timestamp_ns=3838649684208 event=DATA_ACK state=ESTABLISHED seq=1946715251 ack=518239124 snd_una=1946715251 snd_nxt=1946715251 rcv_nxt=518239124 rwnd=65535 recv_used=36556 right_edge=1946780786 flight=0 sample_rtt=NA srtt=0.043393 rttvar=0.021697 rto=1.000000 retransmitted=0 dupack=0
timestamp_ns=3838649687013 event=RECEIVE state=ESTABLISHED seq=518281200 ack=1946715251 snd_una=1946715251 snd_nxt=1946715251 rcv_nxt=518239124 rwnd=65535 recv_used=36556 right_edge=1946780786 flight=0 sample_rtt=NA srtt=0.043393 rttvar=0.021697 rto=1.000000 retransmitted=0 dupack=0
timestamp_ns=3838649688165 event=DATA_ACK state=ESTABLISHED seq=1946715251 ack=518239124 snd_una=1946715251 snd_nxt=1946715251 rcv_nxt=518239124 rwnd=65535 recv_used=37936 right_edge=1946780786 flight=0 sample_rtt=NA srtt=0.043393 rttvar=0.021697 rto=1.000000 retransmitted=0 dupack=0
timestamp_ns=3838649690259 event=RECEIVE state=ESTABLISHED seq=518282580 ack=1946715251 snd_una=1946715251 snd_nxt=1946715251 rcv_nxt=518239124 rwnd=65535 recv_used=37936 right_edge=1946780786 flight=0 sample_rtt=NA srtt=0.043393 rttvar=0.021697 rto=1.000000 retransmitted=0 dupack=0
timestamp_ns=3838649691191 event=DATA_ACK state=ESTABLISHED seq=1946715251 ack=518239124 snd_una=1946715251 snd_nxt=1946715251 rcv_nxt=518239124 rwnd=65535 recv_used=39316 right_edge=1946780786 flight=0 sample_rtt=NA srtt=0.043393 rttvar=0.021697 rto=1.000000 retransmitted=0 dupack=0
timestamp_ns=3838649693585 event=RECEIVE state=ESTABLISHED seq=518283960 ack=1946715251 snd_una=1946715251 snd_nxt=1946715251 rcv_nxt=518239124 rwnd=65535 recv_used=39316 right_edge=1946780786 flight=0 sample_rtt=NA srtt=0.043393 rttvar=0.021697 rto=1.000000 retransmitted=0 dupack=0
timestamp_ns=3838649696922 event=DATA_ACK state=ESTABLISHED seq=1946715251 ack=518239124 snd_una=1946715251 snd_nxt=1946715251 rcv_nxt=518239124 rwnd=65535 recv_used=40696 right_edge=1946780786 flight=0 sample_rtt=NA srtt=0.043393 rttvar=0.021697 rto=1.000000 retransmitted=0 dupack=0
timestamp_ns=3838649699186 event=RECEIVE state=ESTABLISHED seq=518285340 ack=1946715251 snd_una=1946715251 snd_nxt=1946715251 rcv_nxt=518239124 rwnd=65535 recv_used=40696 right_edge=1946780786 flight=0 sample_rtt=NA srtt=0.043393 rttvar=0.021697 rto=1.000000 retransmitted=0 dupack=0
timestamp_ns=3838649700168 event=DATA_ACK state=ESTABLISHED seq=1946715251 ack=518239124 snd_una=1946715251 snd_nxt=1946715251 rcv_nxt=518239124 rwnd=65535 recv_used=42076 right_edge=1946780786 flight=0 sample_rtt=NA srtt=0.043393 rttvar=0.021697 rto=1.000000 retransmitted=0 dupack=0
timestamp_ns=3838649702152 event=RECEIVE state=ESTABLISHED seq=518286720 ack=1946715251 snd_una=1946715251 snd_nxt=1946715251 rcv_nxt=518239124 rwnd=65535 recv_used=42076 right_edge=1946780786 flight=0 sample_rtt=NA srtt=0.043393 rttvar=0.021697 rto=1.000000 retransmitted=0 dupack=0
timestamp_ns=3838649703043 event=DATA_ACK state=ESTABLISHED seq=1946715251 ack=518239124 snd_una=1946715251 snd_nxt=1946715251 rcv_nxt=518239124 rwnd=65535 recv_used=43456 right_edge=1946780786 flight=0 sample_rtt=NA srtt=0.043393 rttvar=0.021697 rto=1.000000 retransmitted=0 dupack=0
timestamp_ns=3838649705087 event=RECEIVE state=ESTABLISHED seq=518288100 ack=1946715251 snd_una=1946715251 snd_nxt=1946715251 rcv_nxt=518239124 rwnd=65535 recv_used=43456 right_edge=1946780786 flight=0 sample_rtt=NA srtt=0.043393 rttvar=0.021697 rto=1.000000 retransmitted=0 dupack=0
timestamp_ns=3838649705969 event=DATA_ACK state=ESTABLISHED seq=1946715251 ack=518239124 snd_una=1946715251 snd_nxt=1946715251 rcv_nxt=518239124 rwnd=65535 recv_used=44836 right_edge=1946780786 flight=0 sample_rtt=NA srtt=0.043393 rttvar=0.021697 rto=1.000000 retransmitted=0 dupack=0
timestamp_ns=3838649707933 event=RECEIVE state=ESTABLISHED seq=518289480 ack=1946715251 snd_una=1946715251 snd_nxt=1946715251 rcv_nxt=518239124 rwnd=65535 recv_used=44836 right_edge=1946780786 flight=0 sample_rtt=NA srtt=0.043393 rttvar=0.021697 rto=1.000000 retransmitted=0 dupack=0
timestamp_ns=3838649708814 event=DATA_ACK state=ESTABLISHED seq=1946715251 ack=518239124 snd_una=1946715251 snd_nxt=1946715251 rcv_nxt=518239124 rwnd=65535 recv_used=46216 right_edge=1946780786 flight=0 sample_rtt=NA srtt=0.043393 rttvar=0.021697 rto=1.000000 retransmitted=0 dupack=0
timestamp_ns=3838649711179 event=RECEIVE state=ESTABLISHED seq=518290860 ack=1946715251 snd_una=1946715251 snd_nxt=1946715251 rcv_nxt=518239124 rwnd=65535 recv_used=46216 right_edge=1946780786 flight=0 sample_rtt=NA srtt=0.043393 rttvar=0.021697 rto=1.000000 retransmitted=0 dupack=0
timestamp_ns=3838649712070 event=DATA_ACK state=ESTABLISHED seq=1946715251 ack=518239124 snd_una=1946715251 snd_nxt=1946715251 rcv_nxt=518239124 rwnd=65535 recv_used=47596 right_edge=1946780786 flight=0 sample_rtt=NA srtt=0.043393 rttvar=0.021697 rto=1.000000 retransmitted=0 dupack=0
timestamp_ns=3838649714104 event=RECEIVE state=ESTABLISHED seq=518292240 ack=1946715251 snd_una=1946715251 snd_nxt=1946715251 rcv_nxt=518239124 rwnd=65535 recv_used=47596 right_edge=1946780786 flight=0 sample_rtt=NA srtt=0.043393 rttvar=0.021697 rto=1.000000 retransmitted=0 dupack=0
timestamp_ns=3838649715507 event=DATA_ACK state=ESTABLISHED seq=1946715251 ack=518239124 snd_una=1946715251 snd_nxt=1946715251 rcv_nxt=518239124 rwnd=65535 recv_used=48976 right_edge=1946780786 flight=0 sample_rtt=NA srtt=0.043393 rttvar=0.021697 rto=1.000000 retransmitted=0 dupack=0
timestamp_ns=3838649717651 event=RECEIVE state=ESTABLISHED seq=518295000 ack=1946715251 snd_una=1946715251 snd_nxt=1946715251 rcv_nxt=518239124 rwnd=65535 recv_used=48976 right_edge=1946780786 flight=0 sample_rtt=NA srtt=0.043393 rttvar=0.021697 rto=1.000000 retransmitted=0 dupack=0
timestamp_ns=3838649718603 event=DATA_ACK state=ESTABLISHED seq=1946715251 ack=518239124 snd_una=1946715251 snd_nxt=1946715251 rcv_nxt=518239124 rwnd=65535 recv_used=50356 right_edge=1946780786 flight=0 sample_rtt=NA srtt=0.043393 rttvar=0.021697 rto=1.000000 retransmitted=0 dupack=0
timestamp_ns=3838649722470 event=RECEIVE state=ESTABLISHED seq=518296380 ack=1946715251 snd_una=1946715251 snd_nxt=1946715251 rcv_nxt=518239124 rwnd=65535 recv_used=50356 right_edge=1946780786 flight=0 sample_rtt=NA srtt=0.043393 rttvar=0.021697 rto=1.000000 retransmitted=0 dupack=0
timestamp_ns=3838649723402 event=DATA_ACK state=ESTABLISHED seq=1946715251 ack=518239124 snd_una=1946715251 snd_nxt=1946715251 rcv_nxt=518239124 rwnd=65535 recv_used=51736 right_edge=1946780786 flight=0 sample_rtt=NA srtt=0.043393 rttvar=0.021697 rto=1.000000 retransmitted=0 dupack=0
timestamp_ns=3838649725646 event=RECEIVE state=ESTABLISHED seq=518301900 ack=1946715251 snd_una=1946715251 snd_nxt=1946715251 rcv_nxt=518239124 rwnd=65535 recv_used=51736 right_edge=1946780786 flight=0 sample_rtt=NA srtt=0.043393 rttvar=0.021697 rto=1.000000 retransmitted=0 dupack=0
timestamp_ns=3838649726538 event=DATA_ACK state=ESTABLISHED seq=1946715251 ack=518239124 snd_una=1946715251 snd_nxt=1946715251 rcv_nxt=518239124 rwnd=65535 recv_used=53116 right_edge=1946780786 flight=0 sample_rtt=NA srtt=0.043393 rttvar=0.021697 rto=1.000000 retransmitted=0 dupack=0
timestamp_ns=3838692627684 event=RECEIVE state=ESTABLISHED seq=518239124 ack=1946715251 snd_una=1946715251 snd_nxt=1946715251 rcv_nxt=518239124 rwnd=65535 recv_used=53116 right_edge=1946780786 flight=0 sample_rtt=NA srtt=0.043393 rttvar=0.021697 rto=1.000000 retransmitted=0 dupack=0
timestamp_ns=3838692669433 event=DATA_ACK state=ESTABLISHED seq=1946715251 ack=518258444 snd_una=1946715251 snd_nxt=1946715251 rcv_nxt=518258444 rwnd=65535 recv_used=54496 right_edge=1946780786 flight=0 sample_rtt=NA srtt=0.043393 rttvar=0.021697 rto=1.000000 retransmitted=0 dupack=0
timestamp_ns=3838735279097 event=RECEIVE state=ESTABLISHED seq=518303280 ack=1946715251 snd_una=1946715251 snd_nxt=1946715251 rcv_nxt=518258444 rwnd=65535 recv_used=35176 right_edge=1946780786 flight=0 sample_rtt=NA srtt=0.043393 rttvar=0.021697 rto=1.000000 retransmitted=0 dupack=0
timestamp_ns=3838735290829 event=DATA_ACK state=ESTABLISHED seq=1946715251 ack=518258444 snd_una=1946715251 snd_nxt=1946715251 rcv_nxt=518258444 rwnd=65535 recv_used=36556 right_edge=1946780786 flight=0 sample_rtt=NA srtt=0.043393 rttvar=0.021697 rto=1.000000 retransmitted=0 dupack=0
timestamp_ns=3838735310126 event=RECEIVE state=ESTABLISHED seq=518304660 ack=1946715251 snd_una=1946715251 snd_nxt=1946715251 rcv_nxt=518258444 rwnd=65535 recv_used=36556 right_edge=1946780786 flight=0 sample_rtt=NA srtt=0.043393 rttvar=0.021697 rto=1.000000 retransmitted=0 dupack=0
timestamp_ns=3838735311548 event=DATA_ACK state=ESTABLISHED seq=1946715251 ack=518258444 snd_una=1946715251 snd_nxt=1946715251 rcv_nxt=518258444 rwnd=65535 recv_used=37936 right_edge=1946780786 flight=0 sample_rtt=NA srtt=0.043393 rttvar=0.021697 rto=1.000000 retransmitted=0 dupack=0
timestamp_ns=3838735314243 event=RECEIVE state=ESTABLISHED seq=518306040 ack=1946715251 snd_una=1946715251 snd_nxt=1946715251 rcv_nxt=518258444 rwnd=65535 recv_used=37936 right_edge=1946780786 flight=0 sample_rtt=NA srtt=0.043393 rttvar=0.021697 rto=1.000000 retransmitted=0 dupack=0
timestamp_ns=3838735315596 event=DATA_ACK state=ESTABLISHED seq=1946715251 ack=518258444 snd_una=1946715251 snd_nxt=1946715251 rcv_nxt=518258444 rwnd=65535 recv_used=39316 right_edge=1946780786 flight=0 sample_rtt=NA srtt=0.043393 rttvar=0.021697 rto=1.000000 retransmitted=0 dupack=0
timestamp_ns=3838735317610 event=RECEIVE state=ESTABLISHED seq=518307420 ack=1946715251 snd_una=1946715251 snd_nxt=1946715251 rcv_nxt=518258444 rwnd=65535 recv_used=39316 right_edge=1946780786 flight=0 sample_rtt=NA srtt=0.043393 rttvar=0.021697 rto=1.000000 retransmitted=0 dupack=0
timestamp_ns=3838735318562 event=DATA_ACK state=ESTABLISHED seq=1946715251 ack=518258444 snd_una=1946715251 snd_nxt=1946715251 rcv_nxt=518258444 rwnd=65535 recv_used=40696 right_edge=1946780786 flight=0 sample_rtt=NA srtt=0.043393 rttvar=0.021697 rto=1.000000 retransmitted=0 dupack=0
timestamp_ns=3838735346705 event=RECEIVE state=ESTABLISHED seq=518308800 ack=1946715251 snd_una=1946715251 snd_nxt=1946715251 rcv_nxt=518258444 rwnd=65535 recv_used=40696 right_edge=1946780786 flight=0 sample_rtt=NA srtt=0.043393 rttvar=0.021697 rto=1.000000 retransmitted=0 dupack=0
timestamp_ns=3838735347817 event=DATA_ACK state=ESTABLISHED seq=1946715251 ack=518258444 snd_una=1946715251 snd_nxt=1946715251 rcv_nxt=518258444 rwnd=65535 recv_used=42076 right_edge=1946780786 flight=0 sample_rtt=NA srtt=0.043393 rttvar=0.021697 rto=1.000000 retransmitted=0 dupack=0
timestamp_ns=3838735350372 event=RECEIVE state=ESTABLISHED seq=518310180 ack=1946715251 snd_una=1946715251 snd_nxt=1946715251 rcv_nxt=518258444 rwnd=65535 recv_used=42076 right_edge=1946780786 flight=0 sample_rtt=NA srtt=0.043393 rttvar=0.021697 rto=1.000000 retransmitted=0 dupack=0
timestamp_ns=3838735351574 event=DATA_ACK state=ESTABLISHED seq=1946715251 ack=518258444 snd_una=1946715251 snd_nxt=1946715251 rcv_nxt=518258444 rwnd=65535 recv_used=43456 right_edge=1946780786 flight=0 sample_rtt=NA srtt=0.043393 rttvar=0.021697 rto=1.000000 retransmitted=0 dupack=0
timestamp_ns=3838735353528 event=RECEIVE state=ESTABLISHED seq=518311560 ack=1946715251 snd_una=1946715251 snd_nxt=1946715251 rcv_nxt=518258444 rwnd=65535 recv_used=43456 right_edge=1946780786 flight=0 sample_rtt=NA srtt=0.043393 rttvar=0.021697 rto=1.000000 retransmitted=0 dupack=0
timestamp_ns=3838735354650 event=DATA_ACK state=ESTABLISHED seq=1946715251 ack=518258444 snd_una=1946715251 snd_nxt=1946715251 rcv_nxt=518258444 rwnd=65535 recv_used=44836 right_edge=1946780786 flight=0 sample_rtt=NA srtt=0.043393 rttvar=0.021697 rto=1.000000 retransmitted=0 dupack=0
timestamp_ns=3838735356704 event=RECEIVE state=ESTABLISHED seq=518312940 ack=1946715251 snd_una=1946715251 snd_nxt=1946715251 rcv_nxt=518258444 rwnd=65535 recv_used=44836 right_edge=1946780786 flight=0 sample_rtt=NA srtt=0.043393 rttvar=0.021697 rto=1.000000 retransmitted=0 dupack=0
timestamp_ns=3838735357656 event=DATA_ACK state=ESTABLISHED seq=1946715251 ack=518258444 snd_una=1946715251 snd_nxt=1946715251 rcv_nxt=518258444 rwnd=65535 recv_used=46216 right_edge=1946780786 flight=0 sample_rtt=NA srtt=0.043393 rttvar=0.021697 rto=1.000000 retransmitted=0 dupack=0
timestamp_ns=3838735360030 event=RECEIVE state=ESTABLISHED seq=518314320 ack=1946715251 snd_una=1946715251 snd_nxt=1946715251 rcv_nxt=518258444 rwnd=65535 recv_used=46216 right_edge=1946780786 flight=0 sample_rtt=NA srtt=0.043393 rttvar=0.021697 rto=1.000000 retransmitted=0 dupack=0
timestamp_ns=3838735360932 event=DATA_ACK state=ESTABLISHED seq=1946715251 ack=518258444 snd_una=1946715251 snd_nxt=1946715251 rcv_nxt=518258444 rwnd=65535 recv_used=47596 right_edge=1946780786 flight=0 sample_rtt=NA srtt=0.043393 rttvar=0.021697 rto=1.000000 retransmitted=0 dupack=0
timestamp_ns=3838735363016 event=RECEIVE state=ESTABLISHED seq=518315700 ack=1946715251 snd_una=1946715251 snd_nxt=1946715251 rcv_nxt=518258444 rwnd=65535 recv_used=47596 right_edge=1946780786 flight=0 sample_rtt=NA srtt=0.043393 rttvar=0.021697 rto=1.000000 retransmitted=0 dupack=0
timestamp_ns=3838735364639 event=DATA_ACK state=ESTABLISHED seq=1946715251 ack=518258444 snd_una=1946715251 snd_nxt=1946715251 rcv_nxt=518258444 rwnd=65535 recv_used=48976 right_edge=1946780786 flight=0 sample_rtt=NA srtt=0.043393 rttvar=0.021697 rto=1.000000 retransmitted=0 dupack=0
timestamp_ns=3838735366643 event=RECEIVE state=ESTABLISHED seq=518317080 ack=1946715251 snd_una=1946715251 snd_nxt=1946715251 rcv_nxt=518258444 rwnd=65535 recv_used=48976 right_edge=1946780786 flight=0 sample_rtt=NA srtt=0.043393 rttvar=0.021697 rto=1.000000 retransmitted=0 dupack=0
timestamp_ns=3838735367645 event=DATA_ACK state=ESTABLISHED seq=1946715251 ack=518258444 snd_una=1946715251 snd_nxt=1946715251 rcv_nxt=518258444 rwnd=65535 recv_used=50356 right_edge=1946780786 flight=0 sample_rtt=NA srtt=0.043393 rttvar=0.021697 rto=1.000000 retransmitted=0 dupack=0
timestamp_ns=3838735372754 event=RECEIVE state=ESTABLISHED seq=518318460 ack=1946715251 snd_una=1946715251 snd_nxt=1946715251 rcv_nxt=518258444 rwnd=65535 recv_used=50356 right_edge=1946780786 flight=0 sample_rtt=NA srtt=0.043393 rttvar=0.021697 rto=1.000000 retransmitted=0 dupack=0
timestamp_ns=3838735373696 event=DATA_ACK state=ESTABLISHED seq=1946715251 ack=518258444 snd_una=1946715251 snd_nxt=1946715251 rcv_nxt=518258444 rwnd=65535 recv_used=51736 right_edge=1946780786 flight=0 sample_rtt=NA srtt=0.043393 rttvar=0.021697 rto=1.000000 retransmitted=0 dupack=0
timestamp_ns=3838735375680 event=RECEIVE state=ESTABLISHED seq=518319840 ack=1946715251 snd_una=1946715251 snd_nxt=1946715251 rcv_nxt=518258444 rwnd=65535 recv_used=51736 right_edge=1946780786 flight=0 sample_rtt=NA srtt=0.043393 rttvar=0.021697 rto=1.000000 retransmitted=0 dupack=0
timestamp_ns=3838735376602 event=DATA_ACK state=ESTABLISHED seq=1946715251 ack=518258444 snd_una=1946715251 snd_nxt=1946715251 rcv_nxt=518258444 rwnd=65535 recv_used=53116 right_edge=1946780786 flight=0 sample_rtt=NA srtt=0.043393 rttvar=0.021697 rto=1.000000 retransmitted=0 dupack=0
timestamp_ns=3838735378976 event=RECEIVE state=ESTABLISHED seq=518321220 ack=1946715251 snd_una=1946715251 snd_nxt=1946715251 rcv_nxt=518258444 rwnd=65535 recv_used=53116 right_edge=1946780786 flight=0 sample_rtt=NA srtt=0.043393 rttvar=0.021697 rto=1.000000 retransmitted=0 dupack=0
timestamp_ns=3838735380359 event=DATA_ACK state=ESTABLISHED seq=1946715251 ack=518258444 snd_una=1946715251 snd_nxt=1946715251 rcv_nxt=518258444 rwnd=65535 recv_used=54496 right_edge=1946780786 flight=0 sample_rtt=NA srtt=0.043393 rttvar=0.021697 rto=1.000000 retransmitted=0 dupack=0
timestamp_ns=3838778557979 event=RECEIVE state=ESTABLISHED seq=518258444 ack=1946715251 snd_una=1946715251 snd_nxt=1946715251 rcv_nxt=518258444 rwnd=65535 recv_used=54496 right_edge=1946780786 flight=0 sample_rtt=NA srtt=0.043393 rttvar=0.021697 rto=1.000000 retransmitted=0 dupack=0
timestamp_ns=3838778578608 event=DATA_ACK state=ESTABLISHED seq=1946715251 ack=518259824 snd_una=1946715251 snd_nxt=1946715251 rcv_nxt=518259824 rwnd=65535 recv_used=55876 right_edge=1946780786 flight=0 sample_rtt=NA srtt=0.043393 rttvar=0.021697 rto=1.000000 retransmitted=0 dupack=0
timestamp_ns=3838821574923 event=RECEIVE state=ESTABLISHED seq=518322600 ack=1946715251 snd_una=1946715251 snd_nxt=1946715251 rcv_nxt=518259824 rwnd=65535 recv_used=54496 right_edge=1946780786 flight=0 sample_rtt=NA srtt=0.043393 rttvar=0.021697 rto=1.000000 retransmitted=0 dupack=0
timestamp_ns=3838821593989 event=DATA_ACK state=ESTABLISHED seq=1946715251 ack=518259824 snd_una=1946715251 snd_nxt=1946715251 rcv_nxt=518259824 rwnd=65535 recv_used=55876 right_edge=1946780786 flight=0 sample_rtt=NA srtt=0.043393 rttvar=0.021697 rto=1.000000 retransmitted=0 dupack=0
timestamp_ns=3841782519377 event=RECEIVE state=ESTABLISHED seq=518259824 ack=1946715251 snd_una=1946715251 snd_nxt=1946715251 rcv_nxt=518259824 rwnd=65535 recv_used=55876 right_edge=1946780786 flight=0 sample_rtt=NA srtt=0.043393 rttvar=0.021697 rto=1.000000 retransmitted=0 dupack=0
timestamp_ns=3841782578198 event=DATA_ACK state=ESTABLISHED seq=1946715251 ack=518279144 snd_una=1946715251 snd_nxt=1946715251 rcv_nxt=518279144 rwnd=65535 recv_used=57256 right_edge=1946780786 flight=0 sample_rtt=NA srtt=0.043393 rttvar=0.021697 rto=1.000000 retransmitted=0 dupack=0
timestamp_ns=3841826258461 event=RECEIVE state=ESTABLISHED seq=518323980 ack=1946715251 snd_una=1946715251 snd_nxt=1946715251 rcv_nxt=518279144 rwnd=65535 recv_used=37936 right_edge=1946780786 flight=0 sample_rtt=NA srtt=0.043393 rttvar=0.021697 rto=1.000000 retransmitted=0 dupack=0
timestamp_ns=3841826275673 event=DATA_ACK state=ESTABLISHED seq=1946715251 ack=518279144 snd_una=1946715251 snd_nxt=1946715251 rcv_nxt=518279144 rwnd=65535 recv_used=39316 right_edge=1946780786 flight=0 sample_rtt=NA srtt=0.043393 rttvar=0.021697 rto=1.000000 retransmitted=0 dupack=0
timestamp_ns=3841826297445 event=RECEIVE state=ESTABLISHED seq=518325360 ack=1946715251 snd_una=1946715251 snd_nxt=1946715251 rcv_nxt=518279144 rwnd=65535 recv_used=39316 right_edge=1946780786 flight=0 sample_rtt=NA srtt=0.043393 rttvar=0.021697 rto=1.000000 retransmitted=0 dupack=0
timestamp_ns=3841826328554 event=DATA_ACK state=ESTABLISHED seq=1946715251 ack=518279144 snd_una=1946715251 snd_nxt=1946715251 rcv_nxt=518279144 rwnd=65535 recv_used=40696 right_edge=1946780786 flight=0 sample_rtt=NA srtt=0.043393 rttvar=0.021697 rto=1.000000 retransmitted=0 dupack=0
timestamp_ns=3841826331409 event=RECEIVE state=ESTABLISHED seq=518328120 ack=1946715251 snd_una=1946715251 snd_nxt=1946715251 rcv_nxt=518279144 rwnd=65535 recv_used=40696 right_edge=1946780786 flight=0 sample_rtt=NA srtt=0.043393 rttvar=0.021697 rto=1.000000 retransmitted=0 dupack=0
timestamp_ns=3841826332962 event=DATA_ACK state=ESTABLISHED seq=1946715251 ack=518279144 snd_una=1946715251 snd_nxt=1946715251 rcv_nxt=518279144 rwnd=65535 recv_used=42076 right_edge=1946780786 flight=0 sample_rtt=NA srtt=0.043393 rttvar=0.021697 rto=1.000000 retransmitted=0 dupack=0
timestamp_ns=3841826335276 event=RECEIVE state=ESTABLISHED seq=518329500 ack=1946715251 snd_una=1946715251 snd_nxt=1946715251 rcv_nxt=518279144 rwnd=65535 recv_used=42076 right_edge=1946780786 flight=0 sample_rtt=NA srtt=0.043393 rttvar=0.021697 rto=1.000000 retransmitted=0 dupack=0
timestamp_ns=3841826336569 event=DATA_ACK state=ESTABLISHED seq=1946715251 ack=518279144 snd_una=1946715251 snd_nxt=1946715251 rcv_nxt=518279144 rwnd=65535 recv_used=43456 right_edge=1946780786 flight=0 sample_rtt=NA srtt=0.043393 rttvar=0.021697 rto=1.000000 retransmitted=0 dupack=0
timestamp_ns=3841826338462 event=RECEIVE state=ESTABLISHED seq=518330880 ack=1946715251 snd_una=1946715251 snd_nxt=1946715251 rcv_nxt=518279144 rwnd=65535 recv_used=43456 right_edge=1946780786 flight=0 sample_rtt=NA srtt=0.043393 rttvar=0.021697 rto=1.000000 retransmitted=0 dupack=0
timestamp_ns=3841826339484 event=DATA_ACK state=ESTABLISHED seq=1946715251 ack=518279144 snd_una=1946715251 snd_nxt=1946715251 rcv_nxt=518279144 rwnd=65535 recv_used=44836 right_edge=1946780786 flight=0 sample_rtt=NA srtt=0.043393 rttvar=0.021697 rto=1.000000 retransmitted=0 dupack=0
timestamp_ns=3841826341458 event=RECEIVE state=ESTABLISHED seq=518332260 ack=1946715251 snd_una=1946715251 snd_nxt=1946715251 rcv_nxt=518279144 rwnd=65535 recv_used=44836 right_edge=1946780786 flight=0 sample_rtt=NA srtt=0.043393 rttvar=0.021697 rto=1.000000 retransmitted=0 dupack=0
timestamp_ns=3841826342440 event=DATA_ACK state=ESTABLISHED seq=1946715251 ack=518279144 snd_una=1946715251 snd_nxt=1946715251 rcv_nxt=518279144 rwnd=65535 recv_used=46216 right_edge=1946780786 flight=0 sample_rtt=NA srtt=0.043393 rttvar=0.021697 rto=1.000000 retransmitted=0 dupack=0
timestamp_ns=3841826344374 event=RECEIVE state=ESTABLISHED seq=518333640 ack=1946715251 snd_una=1946715251 snd_nxt=1946715251 rcv_nxt=518279144 rwnd=65535 recv_used=46216 right_edge=1946780786 flight=0 sample_rtt=NA srtt=0.043393 rttvar=0.021697 rto=1.000000 retransmitted=0 dupack=0
timestamp_ns=3841826345446 event=DATA_ACK state=ESTABLISHED seq=1946715251 ack=518279144 snd_una=1946715251 snd_nxt=1946715251 rcv_nxt=518279144 rwnd=65535 recv_used=47596 right_edge=1946780786 flight=0 sample_rtt=NA srtt=0.043393 rttvar=0.021697 rto=1.000000 retransmitted=0 dupack=0
timestamp_ns=3841826349043 event=RECEIVE state=ESTABLISHED seq=518335020 ack=1946715251 snd_una=1946715251 snd_nxt=1946715251 rcv_nxt=518279144 rwnd=65535 recv_used=47596 right_edge=1946780786 flight=0 sample_rtt=NA srtt=0.043393 rttvar=0.021697 rto=1.000000 retransmitted=0 dupack=0
timestamp_ns=3841826349974 event=DATA_ACK state=ESTABLISHED seq=1946715251 ack=518279144 snd_una=1946715251 snd_nxt=1946715251 rcv_nxt=518279144 rwnd=65535 recv_used=48976 right_edge=1946780786 flight=0 sample_rtt=NA srtt=0.043393 rttvar=0.021697 rto=1.000000 retransmitted=0 dupack=0
timestamp_ns=3841826351948 event=RECEIVE state=ESTABLISHED seq=518336400 ack=1946715251 snd_una=1946715251 snd_nxt=1946715251 rcv_nxt=518279144 rwnd=65535 recv_used=48976 right_edge=1946780786 flight=0 sample_rtt=NA srtt=0.043393 rttvar=0.021697 rto=1.000000 retransmitted=0 dupack=0
timestamp_ns=3841826356577 event=DATA_ACK state=ESTABLISHED seq=1946715251 ack=518279144 snd_una=1946715251 snd_nxt=1946715251 rcv_nxt=518279144 rwnd=65535 recv_used=50356 right_edge=1946780786 flight=0 sample_rtt=NA srtt=0.043393 rttvar=0.021697 rto=1.000000 retransmitted=0 dupack=0
timestamp_ns=3841826358671 event=RECEIVE state=ESTABLISHED seq=518337780 ack=1946715251 snd_una=1946715251 snd_nxt=1946715251 rcv_nxt=518279144 rwnd=65535 recv_used=50356 right_edge=1946780786 flight=0 sample_rtt=NA srtt=0.043393 rttvar=0.021697 rto=1.000000 retransmitted=0 dupack=0
timestamp_ns=3841826359633 event=DATA_ACK state=ESTABLISHED seq=1946715251 ack=518279144 snd_una=1946715251 snd_nxt=1946715251 rcv_nxt=518279144 rwnd=65535 recv_used=51736 right_edge=1946780786 flight=0 sample_rtt=NA srtt=0.043393 rttvar=0.021697 rto=1.000000 retransmitted=0 dupack=0
timestamp_ns=3841826361536 event=RECEIVE state=ESTABLISHED seq=518339160 ack=1946715251 snd_una=1946715251 snd_nxt=1946715251 rcv_nxt=518279144 rwnd=65535 recv_used=51736 right_edge=1946780786 flight=0 sample_rtt=NA srtt=0.043393 rttvar=0.021697 rto=1.000000 retransmitted=0 dupack=0
timestamp_ns=3841826362478 event=DATA_ACK state=ESTABLISHED seq=1946715251 ack=518279144 snd_una=1946715251 snd_nxt=1946715251 rcv_nxt=518279144 rwnd=65535 recv_used=53116 right_edge=1946780786 flight=0 sample_rtt=NA srtt=0.043393 rttvar=0.021697 rto=1.000000 retransmitted=0 dupack=0
timestamp_ns=3841826364432 event=RECEIVE state=ESTABLISHED seq=518340540 ack=1946715251 snd_una=1946715251 snd_nxt=1946715251 rcv_nxt=518279144 rwnd=65535 recv_used=53116 right_edge=1946780786 flight=0 sample_rtt=NA srtt=0.043393 rttvar=0.021697 rto=1.000000 retransmitted=0 dupack=0
timestamp_ns=3841826365424 event=DATA_ACK state=ESTABLISHED seq=1946715251 ack=518279144 snd_una=1946715251 snd_nxt=1946715251 rcv_nxt=518279144 rwnd=65535 recv_used=54496 right_edge=1946780786 flight=0 sample_rtt=NA srtt=0.043393 rttvar=0.021697 rto=1.000000 retransmitted=0 dupack=0
timestamp_ns=3841826368379 event=RECEIVE state=ESTABLISHED seq=518341920 ack=1946715251 snd_una=1946715251 snd_nxt=1946715251 rcv_nxt=518279144 rwnd=65535 recv_used=54496 right_edge=1946780786 flight=0 sample_rtt=NA srtt=0.043393 rttvar=0.021697 rto=1.000000 retransmitted=0 dupack=0
timestamp_ns=3841826369341 event=DATA_ACK state=ESTABLISHED seq=1946715251 ack=518279144 snd_una=1946715251 snd_nxt=1946715251 rcv_nxt=518279144 rwnd=65535 recv_used=55876 right_edge=1946780786 flight=0 sample_rtt=NA srtt=0.043393 rttvar=0.021697 rto=1.000000 retransmitted=0 dupack=0
timestamp_ns=3841868342181 event=RECEIVE state=ESTABLISHED seq=518279144 ack=1946715251 snd_una=1946715251 snd_nxt=1946715251 rcv_nxt=518279144 rwnd=65535 recv_used=55876 right_edge=1946780786 flight=0 sample_rtt=NA srtt=0.043393 rttvar=0.021697 rto=1.000000 retransmitted=0 dupack=0
timestamp_ns=3841868390673 event=DATA_ACK state=ESTABLISHED seq=1946715251 ack=518293620 snd_una=1946715251 snd_nxt=1946715251 rcv_nxt=518293620 rwnd=65535 recv_used=57256 right_edge=1946780786 flight=0 sample_rtt=NA srtt=0.043393 rttvar=0.021697 rto=1.000000 retransmitted=0 dupack=0
timestamp_ns=3841911732206 event=RECEIVE state=ESTABLISHED seq=518343300 ack=1946715251 snd_una=1946715251 snd_nxt=1946715251 rcv_nxt=518293620 rwnd=65535 recv_used=42780 right_edge=1946780786 flight=0 sample_rtt=NA srtt=0.043393 rttvar=0.021697 rto=1.000000 retransmitted=0 dupack=0
timestamp_ns=3841911781985 event=DATA_ACK state=ESTABLISHED seq=1946715251 ack=518293620 snd_una=1946715251 snd_nxt=1946715251 rcv_nxt=518293620 rwnd=65535 recv_used=44160 right_edge=1946780786 flight=0 sample_rtt=NA srtt=0.043393 rttvar=0.021697 rto=1.000000 retransmitted=0 dupack=0
timestamp_ns=3841911809327 event=RECEIVE state=ESTABLISHED seq=518344680 ack=1946715251 snd_una=1946715251 snd_nxt=1946715251 rcv_nxt=518293620 rwnd=65535 recv_used=44160 right_edge=1946780786 flight=0 sample_rtt=NA srtt=0.043393 rttvar=0.021697 rto=1.000000 retransmitted=0 dupack=0
timestamp_ns=3841911838342 event=DATA_ACK state=ESTABLISHED seq=1946715251 ack=518293620 snd_una=1946715251 snd_nxt=1946715251 rcv_nxt=518293620 rwnd=65535 recv_used=45540 right_edge=1946780786 flight=0 sample_rtt=NA srtt=0.043393 rttvar=0.021697 rto=1.000000 retransmitted=0 dupack=0
timestamp_ns=3841911841598 event=RECEIVE state=ESTABLISHED seq=518346060 ack=1946715251 snd_una=1946715251 snd_nxt=1946715251 rcv_nxt=518293620 rwnd=65535 recv_used=45540 right_edge=1946780786 flight=0 sample_rtt=NA srtt=0.043393 rttvar=0.021697 rto=1.000000 retransmitted=0 dupack=0
timestamp_ns=3841911843101 event=DATA_ACK state=ESTABLISHED seq=1946715251 ack=518293620 snd_una=1946715251 snd_nxt=1946715251 rcv_nxt=518293620 rwnd=65535 recv_used=46216 right_edge=1946780786 flight=0 sample_rtt=NA srtt=0.043393 rttvar=0.021697 rto=1.000000 retransmitted=0 dupack=0
timestamp_ns=3841911845375 event=RECEIVE state=ESTABLISHED seq=518346736 ack=1946715251 snd_una=1946715251 snd_nxt=1946715251 rcv_nxt=518293620 rwnd=65535 recv_used=46216 right_edge=1946780786 flight=0 sample_rtt=NA srtt=0.043393 rttvar=0.021697 rto=1.000000 retransmitted=0 dupack=0
timestamp_ns=3841911846587 event=DATA_ACK state=ESTABLISHED seq=1946715251 ack=518293620 snd_una=1946715251 snd_nxt=1946715251 rcv_nxt=518293620 rwnd=65535 recv_used=47596 right_edge=1946780786 flight=0 sample_rtt=NA srtt=0.043393 rttvar=0.021697 rto=1.000000 retransmitted=0 dupack=0
timestamp_ns=3841911848641 event=RECEIVE state=ESTABLISHED seq=518348116 ack=1946715251 snd_una=1946715251 snd_nxt=1946715251 rcv_nxt=518293620 rwnd=65535 recv_used=47596 right_edge=1946780786 flight=0 sample_rtt=NA srtt=0.043393 rttvar=0.021697 rto=1.000000 retransmitted=0 dupack=0
timestamp_ns=3841911849873 event=DATA_ACK state=ESTABLISHED seq=1946715251 ack=518293620 snd_una=1946715251 snd_nxt=1946715251 rcv_nxt=518293620 rwnd=65535 recv_used=48976 right_edge=1946780786 flight=0 sample_rtt=NA srtt=0.043393 rttvar=0.021697 rto=1.000000 retransmitted=0 dupack=0
timestamp_ns=3841911852609 event=RECEIVE state=ESTABLISHED seq=518349496 ack=1946715251 snd_una=1946715251 snd_nxt=1946715251 rcv_nxt=518293620 rwnd=65535 recv_used=48976 right_edge=1946780786 flight=0 sample_rtt=NA srtt=0.043393 rttvar=0.021697 rto=1.000000 retransmitted=0 dupack=0
timestamp_ns=3841911853661 event=DATA_ACK state=ESTABLISHED seq=1946715251 ack=518293620 snd_una=1946715251 snd_nxt=1946715251 rcv_nxt=518293620 rwnd=65535 recv_used=50356 right_edge=1946780786 flight=0 sample_rtt=NA srtt=0.043393 rttvar=0.021697 rto=1.000000 retransmitted=0 dupack=0
timestamp_ns=3841911855955 event=RECEIVE state=ESTABLISHED seq=518350876 ack=1946715251 snd_una=1946715251 snd_nxt=1946715251 rcv_nxt=518293620 rwnd=65535 recv_used=50356 right_edge=1946780786 flight=0 sample_rtt=NA srtt=0.043393 rttvar=0.021697 rto=1.000000 retransmitted=0 dupack=0
timestamp_ns=3841911857047 event=DATA_ACK state=ESTABLISHED seq=1946715251 ack=518293620 snd_una=1946715251 snd_nxt=1946715251 rcv_nxt=518293620 rwnd=65535 recv_used=51736 right_edge=1946780786 flight=0 sample_rtt=NA srtt=0.043393 rttvar=0.021697 rto=1.000000 retransmitted=0 dupack=0
timestamp_ns=3841911859652 event=RECEIVE state=ESTABLISHED seq=518352256 ack=1946715251 snd_una=1946715251 snd_nxt=1946715251 rcv_nxt=518293620 rwnd=65535 recv_used=51736 right_edge=1946780786 flight=0 sample_rtt=NA srtt=0.043393 rttvar=0.021697 rto=1.000000 retransmitted=0 dupack=0
timestamp_ns=3841911861806 event=DATA_ACK state=ESTABLISHED seq=1946715251 ack=518293620 snd_una=1946715251 snd_nxt=1946715251 rcv_nxt=518293620 rwnd=65535 recv_used=53116 right_edge=1946780786 flight=0 sample_rtt=NA srtt=0.043393 rttvar=0.021697 rto=1.000000 retransmitted=0 dupack=0
timestamp_ns=3841911863880 event=RECEIVE state=ESTABLISHED seq=518353636 ack=1946715251 snd_una=1946715251 snd_nxt=1946715251 rcv_nxt=518293620 rwnd=65535 recv_used=53116 right_edge=1946780786 flight=0 sample_rtt=NA srtt=0.043393 rttvar=0.021697 rto=1.000000 retransmitted=0 dupack=0
timestamp_ns=3841911866425 event=DATA_ACK state=ESTABLISHED seq=1946715251 ack=518293620 snd_una=1946715251 snd_nxt=1946715251 rcv_nxt=518293620 rwnd=65535 recv_used=54496 right_edge=1946780786 flight=0 sample_rtt=NA srtt=0.043393 rttvar=0.021697 rto=1.000000 retransmitted=0 dupack=0
timestamp_ns=3841911870623 event=RECEIVE state=ESTABLISHED seq=518355016 ack=1946715251 snd_una=1946715251 snd_nxt=1946715251 rcv_nxt=518293620 rwnd=65535 recv_used=54496 right_edge=1946780786 flight=0 sample_rtt=NA srtt=0.043393 rttvar=0.021697 rto=1.000000 retransmitted=0 dupack=0
timestamp_ns=3841911871835 event=DATA_ACK state=ESTABLISHED seq=1946715251 ack=518293620 snd_una=1946715251 snd_nxt=1946715251 rcv_nxt=518293620 rwnd=65535 recv_used=55876 right_edge=1946780786 flight=0 sample_rtt=NA srtt=0.043393 rttvar=0.021697 rto=1.000000 retransmitted=0 dupack=0
timestamp_ns=3841911873939 event=RECEIVE state=ESTABLISHED seq=518356396 ack=1946715251 snd_una=1946715251 snd_nxt=1946715251 rcv_nxt=518293620 rwnd=65535 recv_used=55876 right_edge=1946780786 flight=0 sample_rtt=NA srtt=0.043393 rttvar=0.021697 rto=1.000000 retransmitted=0 dupack=0
timestamp_ns=3841911875141 event=DATA_ACK state=ESTABLISHED seq=1946715251 ack=518293620 snd_una=1946715251 snd_nxt=1946715251 rcv_nxt=518293620 rwnd=65535 recv_used=57256 right_edge=1946780786 flight=0 sample_rtt=NA srtt=0.043393 rttvar=0.021697 rto=1.000000 retransmitted=0 dupack=0
timestamp_ns=3841954599352 event=RECEIVE state=ESTABLISHED seq=518293620 ack=1946715251 snd_una=1946715251 snd_nxt=1946715251 rcv_nxt=518293620 rwnd=65535 recv_used=57256 right_edge=1946780786 flight=0 sample_rtt=NA srtt=0.043393 rttvar=0.021697 rto=1.000000 retransmitted=0 dupack=0
timestamp_ns=3841954623939 event=DATA_ACK state=ESTABLISHED seq=1946715251 ack=518297760 snd_una=1946715251 snd_nxt=1946715251 rcv_nxt=518297760 rwnd=65535 recv_used=58636 right_edge=1946780786 flight=0 sample_rtt=NA srtt=0.043393 rttvar=0.021697 rto=1.000000 retransmitted=0 dupack=0
timestamp_ns=3841996892085 event=RECEIVE state=ESTABLISHED seq=518357776 ack=1946715251 snd_una=1946715251 snd_nxt=1946715251 rcv_nxt=518297760 rwnd=65535 recv_used=54496 right_edge=1946780786 flight=0 sample_rtt=NA srtt=0.043393 rttvar=0.021697 rto=1.000000 retransmitted=0 dupack=0
timestamp_ns=3841996899780 event=DATA_ACK state=ESTABLISHED seq=1946715251 ack=518297760 snd_una=1946715251 snd_nxt=1946715251 rcv_nxt=518297760 rwnd=65535 recv_used=55876 right_edge=1946780786 flight=0 sample_rtt=NA srtt=0.043393 rttvar=0.021697 rto=1.000000 retransmitted=0 dupack=0
timestamp_ns=3841996914818 event=RECEIVE state=ESTABLISHED seq=518359156 ack=1946715251 snd_una=1946715251 snd_nxt=1946715251 rcv_nxt=518297760 rwnd=65535 recv_used=55876 right_edge=1946780786 flight=0 sample_rtt=NA srtt=0.043393 rttvar=0.021697 rto=1.000000 retransmitted=0 dupack=0
timestamp_ns=3841996916862 event=DATA_ACK state=ESTABLISHED seq=1946715251 ack=518297760 snd_una=1946715251 snd_nxt=1946715251 rcv_nxt=518297760 rwnd=65535 recv_used=57256 right_edge=1946780786 flight=0 sample_rtt=NA srtt=0.043393 rttvar=0.021697 rto=1.000000 retransmitted=0 dupack=0
timestamp_ns=3841996919557 event=RECEIVE state=ESTABLISHED seq=518360536 ack=1946715251 snd_una=1946715251 snd_nxt=1946715251 rcv_nxt=518297760 rwnd=65535 recv_used=57256 right_edge=1946780786 flight=0 sample_rtt=NA srtt=0.043393 rttvar=0.021697 rto=1.000000 retransmitted=0 dupack=0
timestamp_ns=3841996921471 event=DATA_ACK state=ESTABLISHED seq=1946715251 ack=518297760 snd_una=1946715251 snd_nxt=1946715251 rcv_nxt=518297760 rwnd=65535 recv_used=58636 right_edge=1946780786 flight=0 sample_rtt=NA srtt=0.043393 rttvar=0.021697 rto=1.000000 retransmitted=0 dupack=0
timestamp_ns=3842039855028 event=RECEIVE state=ESTABLISHED seq=518297760 ack=1946715251 snd_una=1946715251 snd_nxt=1946715251 rcv_nxt=518297760 rwnd=65535 recv_used=58636 right_edge=1946780786 flight=0 sample_rtt=NA srtt=0.043393 rttvar=0.021697 rto=1.000000 retransmitted=0 dupack=0
timestamp_ns=3842039872181 event=DATA_ACK state=ESTABLISHED seq=1946715251 ack=518299140 snd_una=1946715251 snd_nxt=1946715251 rcv_nxt=518299140 rwnd=65535 recv_used=60016 right_edge=1946780786 flight=0 sample_rtt=NA srtt=0.043393 rttvar=0.021697 rto=1.000000 retransmitted=0 dupack=0
timestamp_ns=3842083024501 event=RECEIVE state=ESTABLISHED seq=518361916 ack=1946715251 snd_una=1946715251 snd_nxt=1946715251 rcv_nxt=518299140 rwnd=65535 recv_used=58636 right_edge=1946780786 flight=0 sample_rtt=NA srtt=0.043393 rttvar=0.021697 rto=1.000000 retransmitted=0 dupack=0
timestamp_ns=3842083045030 event=DATA_ACK state=ESTABLISHED seq=1946715251 ack=518299140 snd_una=1946715251 snd_nxt=1946715251 rcv_nxt=518299140 rwnd=65535 recv_used=60016 right_edge=1946780786 flight=0 sample_rtt=NA srtt=0.043393 rttvar=0.021697 rto=1.000000 retransmitted=0 dupack=0
timestamp_ns=3846650477525 event=RECEIVE state=ESTABLISHED seq=518299140 ack=1946715251 snd_una=1946715251 snd_nxt=1946715251 rcv_nxt=518299140 rwnd=65535 recv_used=60016 right_edge=1946780786 flight=0 sample_rtt=NA srtt=0.043393 rttvar=0.021697 rto=1.000000 retransmitted=0 dupack=0
timestamp_ns=3846650507973 event=DATA_ACK state=ESTABLISHED seq=1946715251 ack=518300520 snd_una=1946715251 snd_nxt=1946715251 rcv_nxt=518300520 rwnd=65535 recv_used=61396 right_edge=1946780786 flight=0 sample_rtt=NA srtt=0.043393 rttvar=0.021697 rto=1.000000 retransmitted=0 dupack=0
timestamp_ns=3846693916865 event=RECEIVE state=ESTABLISHED seq=518363296 ack=1946715251 snd_una=1946715251 snd_nxt=1946715251 rcv_nxt=518300520 rwnd=65535 recv_used=60016 right_edge=1946780786 flight=0 sample_rtt=NA srtt=0.043393 rttvar=0.021697 rto=1.000000 retransmitted=0 dupack=0
timestamp_ns=3846693937624 event=DATA_ACK state=ESTABLISHED seq=1946715251 ack=518300520 snd_una=1946715251 snd_nxt=1946715251 rcv_nxt=518300520 rwnd=65535 recv_used=61396 right_edge=1946780786 flight=0 sample_rtt=NA srtt=0.043393 rttvar=0.021697 rto=1.000000 retransmitted=0 dupack=0
timestamp_ns=3854650410362 event=RECEIVE state=ESTABLISHED seq=518300520 ack=1946715251 snd_una=1946715251 snd_nxt=1946715251 rcv_nxt=518300520 rwnd=65535 recv_used=61396 right_edge=1946780786 flight=0 sample_rtt=NA srtt=0.043393 rttvar=0.021697 rto=1.000000 retransmitted=0 dupack=0
timestamp_ns=3854650467280 event=DATA_ACK state=ESTABLISHED seq=1946715251 ack=518326740 snd_una=1946715251 snd_nxt=1946715251 rcv_nxt=518326740 rwnd=65535 recv_used=62776 right_edge=1946780786 flight=0 sample_rtt=NA srtt=0.043393 rttvar=0.021697 rto=1.000000 retransmitted=0 dupack=0
timestamp_ns=3886651349859 event=RECEIVE state=ESTABLISHED seq=518300520 ack=1946715251 snd_una=1946715251 snd_nxt=1946715251 rcv_nxt=518326740 rwnd=65535 recv_used=36556 right_edge=1946780786 flight=0 sample_rtt=NA srtt=0.043393 rttvar=0.021697 rto=1.000000 retransmitted=0 dupack=0
timestamp_ns=3886651366531 event=DATA_ACK state=ESTABLISHED seq=1946715251 ack=518326740 snd_una=1946715251 snd_nxt=1946715251 rcv_nxt=518326740 rwnd=65535 recv_used=36556 right_edge=1946780786 flight=0 sample_rtt=NA srtt=0.043393 rttvar=0.021697 rto=1.000000 retransmitted=0 dupack=0
timestamp_ns=3886694343070 event=RECEIVE state=ESTABLISHED seq=518366056 ack=1946715251 snd_una=1946715251 snd_nxt=1946715251 rcv_nxt=518326740 rwnd=65535 recv_used=36556 right_edge=1946780786 flight=0 sample_rtt=NA srtt=0.043393 rttvar=0.021697 rto=1.000000 retransmitted=0 dupack=0
timestamp_ns=3886694356515 event=DATA_ACK state=ESTABLISHED seq=1946715251 ack=518326740 snd_una=1946715251 snd_nxt=1946715251 rcv_nxt=518326740 rwnd=65535 recv_used=37936 right_edge=1946780786 flight=0 sample_rtt=NA srtt=0.043393 rttvar=0.021697 rto=1.000000 retransmitted=0 dupack=0
timestamp_ns=3886694378176 event=RECEIVE state=ESTABLISHED seq=518367436 ack=1946715251 snd_una=1946715251 snd_nxt=1946715251 rcv_nxt=518326740 rwnd=65535 recv_used=37936 right_edge=1946780786 flight=0 sample_rtt=NA srtt=0.043393 rttvar=0.021697 rto=1.000000 retransmitted=0 dupack=0
timestamp_ns=3886694380140 event=DATA_ACK state=ESTABLISHED seq=1946715251 ack=518326740 snd_una=1946715251 snd_nxt=1946715251 rcv_nxt=518326740 rwnd=65535 recv_used=39316 right_edge=1946780786 flight=0 sample_rtt=NA srtt=0.043393 rttvar=0.021697 rto=1.000000 retransmitted=0 dupack=0
timestamp_ns=3886694383045 event=RECEIVE state=ESTABLISHED seq=518368816 ack=1946715251 snd_una=1946715251 snd_nxt=1946715251 rcv_nxt=518326740 rwnd=65535 recv_used=39316 right_edge=1946780786 flight=0 sample_rtt=NA srtt=0.043393 rttvar=0.021697 rto=1.000000 retransmitted=0 dupack=0
timestamp_ns=3886694424534 event=DATA_ACK state=ESTABLISHED seq=1946715251 ack=518326740 snd_una=1946715251 snd_nxt=1946715251 rcv_nxt=518326740 rwnd=65535 recv_used=40696 right_edge=1946780786 flight=0 sample_rtt=NA srtt=0.043393 rttvar=0.021697 rto=1.000000 retransmitted=0 dupack=0
timestamp_ns=3886694427169 event=RECEIVE state=ESTABLISHED seq=518370196 ack=1946715251 snd_una=1946715251 snd_nxt=1946715251 rcv_nxt=518326740 rwnd=65535 recv_used=40696 right_edge=1946780786 flight=0 sample_rtt=NA srtt=0.043393 rttvar=0.021697 rto=1.000000 retransmitted=0 dupack=0
timestamp_ns=3886694428421 event=DATA_ACK state=ESTABLISHED seq=1946715251 ack=518326740 snd_una=1946715251 snd_nxt=1946715251 rcv_nxt=518326740 rwnd=65535 recv_used=42076 right_edge=1946780786 flight=0 sample_rtt=NA srtt=0.043393 rttvar=0.021697 rto=1.000000 retransmitted=0 dupack=0
timestamp_ns=3886694430535 event=RECEIVE state=ESTABLISHED seq=518371576 ack=1946715251 snd_una=1946715251 snd_nxt=1946715251 rcv_nxt=518326740 rwnd=65535 recv_used=42076 right_edge=1946780786 flight=0 sample_rtt=NA srtt=0.043393 rttvar=0.021697 rto=1.000000 retransmitted=0 dupack=0
timestamp_ns=3886694431467 event=DATA_ACK state=ESTABLISHED seq=1946715251 ack=518326740 snd_una=1946715251 snd_nxt=1946715251 rcv_nxt=518326740 rwnd=65535 recv_used=43456 right_edge=1946780786 flight=0 sample_rtt=NA srtt=0.043393 rttvar=0.021697 rto=1.000000 retransmitted=0 dupack=0
timestamp_ns=3886694433561 event=RECEIVE state=ESTABLISHED seq=518372956 ack=1946715251 snd_una=1946715251 snd_nxt=1946715251 rcv_nxt=518326740 rwnd=65535 recv_used=43456 right_edge=1946780786 flight=0 sample_rtt=NA srtt=0.043393 rttvar=0.021697 rto=1.000000 retransmitted=0 dupack=0
timestamp_ns=3886694434503 event=DATA_ACK state=ESTABLISHED seq=1946715251 ack=518326740 snd_una=1946715251 snd_nxt=1946715251 rcv_nxt=518326740 rwnd=65535 recv_used=44836 right_edge=1946780786 flight=0 sample_rtt=NA srtt=0.043393 rttvar=0.021697 rto=1.000000 retransmitted=0 dupack=0
timestamp_ns=3886694436437 event=RECEIVE state=ESTABLISHED seq=518374336 ack=1946715251 snd_una=1946715251 snd_nxt=1946715251 rcv_nxt=518326740 rwnd=65535 recv_used=44836 right_edge=1946780786 flight=0 sample_rtt=NA srtt=0.043393 rttvar=0.021697 rto=1.000000 retransmitted=0 dupack=0
timestamp_ns=3886694438050 event=DATA_ACK state=ESTABLISHED seq=1946715251 ack=518326740 snd_una=1946715251 snd_nxt=1946715251 rcv_nxt=518326740 rwnd=65535 recv_used=46216 right_edge=1946780786 flight=0 sample_rtt=NA srtt=0.043393 rttvar=0.021697 rto=1.000000 retransmitted=0 dupack=0
timestamp_ns=3886694440054 event=RECEIVE state=ESTABLISHED seq=518375716 ack=1946715251 snd_una=1946715251 snd_nxt=1946715251 rcv_nxt=518326740 rwnd=65535 recv_used=46216 right_edge=1946780786 flight=0 sample_rtt=NA srtt=0.043393 rttvar=0.021697 rto=1.000000 retransmitted=0 dupack=0
timestamp_ns=3886694440985 event=DATA_ACK state=ESTABLISHED seq=1946715251 ack=518326740 snd_una=1946715251 snd_nxt=1946715251 rcv_nxt=518326740 rwnd=65535 recv_used=47596 right_edge=1946780786 flight=0 sample_rtt=NA srtt=0.043393 rttvar=0.021697 rto=1.000000 retransmitted=0 dupack=0
timestamp_ns=3886694443600 event=RECEIVE state=ESTABLISHED seq=518377096 ack=1946715251 snd_una=1946715251 snd_nxt=1946715251 rcv_nxt=518326740 rwnd=65535 recv_used=47596 right_edge=1946780786 flight=0 sample_rtt=NA srtt=0.043393 rttvar=0.021697 rto=1.000000 retransmitted=0 dupack=0
timestamp_ns=3886694444492 event=DATA_ACK state=ESTABLISHED seq=1946715251 ack=518326740 snd_una=1946715251 snd_nxt=1946715251 rcv_nxt=518326740 rwnd=65535 recv_used=48976 right_edge=1946780786 flight=0 sample_rtt=NA srtt=0.043393 rttvar=0.021697 rto=1.000000 retransmitted=0 dupack=0
timestamp_ns=3886694446526 event=RECEIVE state=ESTABLISHED seq=518379856 ack=1946715251 snd_una=1946715251 snd_nxt=1946715251 rcv_nxt=518326740 rwnd=65535 recv_used=48976 right_edge=1946780786 flight=0 sample_rtt=NA srtt=0.043393 rttvar=0.021697 rto=1.000000 retransmitted=0 dupack=0
timestamp_ns=3886694449652 event=DATA_ACK state=ESTABLISHED seq=1946715251 ack=518326740 snd_una=1946715251 snd_nxt=1946715251 rcv_nxt=518326740 rwnd=65535 recv_used=50356 right_edge=1946780786 flight=0 sample_rtt=NA srtt=0.043393 rttvar=0.021697 rto=1.000000 retransmitted=0 dupack=0
timestamp_ns=3886694451746 event=RECEIVE state=ESTABLISHED seq=518381236 ack=1946715251 snd_una=1946715251 snd_nxt=1946715251 rcv_nxt=518326740 rwnd=65535 recv_used=50356 right_edge=1946780786 flight=0 sample_rtt=NA srtt=0.043393 rttvar=0.021697 rto=1.000000 retransmitted=0 dupack=0
timestamp_ns=3886694452687 event=DATA_ACK state=ESTABLISHED seq=1946715251 ack=518326740 snd_una=1946715251 snd_nxt=1946715251 rcv_nxt=518326740 rwnd=65535 recv_used=51736 right_edge=1946780786 flight=0 sample_rtt=NA srtt=0.043393 rttvar=0.021697 rto=1.000000 retransmitted=0 dupack=0
timestamp_ns=3886694454671 event=RECEIVE state=ESTABLISHED seq=518382616 ack=1946715251 snd_una=1946715251 snd_nxt=1946715251 rcv_nxt=518326740 rwnd=65535 recv_used=51736 right_edge=1946780786 flight=0 sample_rtt=NA srtt=0.043393 rttvar=0.021697 rto=1.000000 retransmitted=0 dupack=0
timestamp_ns=3886694455573 event=DATA_ACK state=ESTABLISHED seq=1946715251 ack=518326740 snd_una=1946715251 snd_nxt=1946715251 rcv_nxt=518326740 rwnd=65535 recv_used=53116 right_edge=1946780786 flight=0 sample_rtt=NA srtt=0.043393 rttvar=0.021697 rto=1.000000 retransmitted=0 dupack=0
timestamp_ns=3886694457557 event=RECEIVE state=ESTABLISHED seq=518383996 ack=1946715251 snd_una=1946715251 snd_nxt=1946715251 rcv_nxt=518326740 rwnd=65535 recv_used=53116 right_edge=1946780786 flight=0 sample_rtt=NA srtt=0.043393 rttvar=0.021697 rto=1.000000 retransmitted=0 dupack=0
timestamp_ns=3886694458889 event=DATA_ACK state=ESTABLISHED seq=1946715251 ack=518326740 snd_una=1946715251 snd_nxt=1946715251 rcv_nxt=518326740 rwnd=65535 recv_used=54496 right_edge=1946780786 flight=0 sample_rtt=NA srtt=0.043393 rttvar=0.021697 rto=1.000000 retransmitted=0 dupack=0
timestamp_ns=3886694460903 event=RECEIVE state=ESTABLISHED seq=518385376 ack=1946715251 snd_una=1946715251 snd_nxt=1946715251 rcv_nxt=518326740 rwnd=65535 recv_used=54496 right_edge=1946780786 flight=0 sample_rtt=NA srtt=0.043393 rttvar=0.021697 rto=1.000000 retransmitted=0 dupack=0
timestamp_ns=3886694461845 event=DATA_ACK state=ESTABLISHED seq=1946715251 ack=518326740 snd_una=1946715251 snd_nxt=1946715251 rcv_nxt=518326740 rwnd=65535 recv_used=55876 right_edge=1946780786 flight=0 sample_rtt=NA srtt=0.043393 rttvar=0.021697 rto=1.000000 retransmitted=0 dupack=0
timestamp_ns=3886694464520 event=RECEIVE state=ESTABLISHED seq=518386756 ack=1946715251 snd_una=1946715251 snd_nxt=1946715251 rcv_nxt=518326740 rwnd=65535 recv_used=55876 right_edge=1946780786 flight=0 sample_rtt=NA srtt=0.043393 rttvar=0.021697 rto=1.000000 retransmitted=0 dupack=0
timestamp_ns=3886694465752 event=DATA_ACK state=ESTABLISHED seq=1946715251 ack=518326740 snd_una=1946715251 snd_nxt=1946715251 rcv_nxt=518326740 rwnd=65535 recv_used=57256 right_edge=1946780786 flight=0 sample_rtt=NA srtt=0.043393 rttvar=0.021697 rto=1.000000 retransmitted=0 dupack=0
timestamp_ns=3886694467726 event=RECEIVE state=ESTABLISHED seq=518388136 ack=1946715251 snd_una=1946715251 snd_nxt=1946715251 rcv_nxt=518326740 rwnd=65535 recv_used=57256 right_edge=1946780786 flight=0 sample_rtt=NA srtt=0.043393 rttvar=0.021697 rto=1.000000 retransmitted=0 dupack=0
timestamp_ns=3886694468618 event=DATA_ACK state=ESTABLISHED seq=1946715251 ack=518326740 snd_una=1946715251 snd_nxt=1946715251 rcv_nxt=518326740 rwnd=65535 recv_used=58636 right_edge=1946780786 flight=0 sample_rtt=NA srtt=0.043393 rttvar=0.021697 rto=1.000000 retransmitted=0 dupack=0
timestamp_ns=3886694470852 event=RECEIVE state=ESTABLISHED seq=518389516 ack=1946715251 snd_una=1946715251 snd_nxt=1946715251 rcv_nxt=518326740 rwnd=65535 recv_used=58636 right_edge=1946780786 flight=0 sample_rtt=NA srtt=0.043393 rttvar=0.021697 rto=1.000000 retransmitted=0 dupack=0
timestamp_ns=3886694473848 event=DATA_ACK state=ESTABLISHED seq=1946715251 ack=518326740 snd_una=1946715251 snd_nxt=1946715251 rcv_nxt=518326740 rwnd=65535 recv_used=60016 right_edge=1946780786 flight=0 sample_rtt=NA srtt=0.043393 rttvar=0.021697 rto=1.000000 retransmitted=0 dupack=0
timestamp_ns=3886736700045 event=RECEIVE state=ESTABLISHED seq=518326740 ack=1946715251 snd_una=1946715251 snd_nxt=1946715251 rcv_nxt=518326740 rwnd=65535 recv_used=60016 right_edge=1946780786 flight=0 sample_rtt=NA srtt=0.043393 rttvar=0.021697 rto=1.000000 retransmitted=0 dupack=0
timestamp_ns=3886736749679 event=DATA_ACK state=ESTABLISHED seq=1946715251 ack=518364676 snd_una=1946715251 snd_nxt=1946715251 rcv_nxt=518364676 rwnd=65535 recv_used=61396 right_edge=1946780786 flight=0 sample_rtt=NA srtt=0.043393 rttvar=0.021697 rto=1.000000 retransmitted=0 dupack=0
timestamp_ns=3886779732871 event=RECEIVE state=ESTABLISHED seq=518390896 ack=1946715251 snd_una=1946715251 snd_nxt=1946715251 rcv_nxt=518364676 rwnd=65535 recv_used=23460 right_edge=1946780786 flight=0 sample_rtt=NA srtt=0.043393 rttvar=0.021697 rto=1.000000 retransmitted=0 dupack=0
timestamp_ns=3886779746476 event=DATA_ACK state=ESTABLISHED seq=1946715251 ack=518364676 snd_una=1946715251 snd_nxt=1946715251 rcv_nxt=518364676 rwnd=65535 recv_used=24840 right_edge=1946780786 flight=0 sample_rtt=NA srtt=0.043393 rttvar=0.021697 rto=1.000000 retransmitted=0 dupack=0
timestamp_ns=3886779766144 event=RECEIVE state=ESTABLISHED seq=518392276 ack=1946715251 snd_una=1946715251 snd_nxt=1946715251 rcv_nxt=518364676 rwnd=65535 recv_used=24840 right_edge=1946780786 flight=0 sample_rtt=NA srtt=0.043393 rttvar=0.021697 rto=1.000000 retransmitted=0 dupack=0
timestamp_ns=3886779768137 event=DATA_ACK state=ESTABLISHED seq=1946715251 ack=518364676 snd_una=1946715251 snd_nxt=1946715251 rcv_nxt=518364676 rwnd=65535 recv_used=26220 right_edge=1946780786 flight=0 sample_rtt=NA srtt=0.043393 rttvar=0.021697 rto=1.000000 retransmitted=0 dupack=0
timestamp_ns=3886779770662 event=RECEIVE state=ESTABLISHED seq=518395036 ack=1946715251 snd_una=1946715251 snd_nxt=1946715251 rcv_nxt=518364676 rwnd=65535 recv_used=26220 right_edge=1946780786 flight=0 sample_rtt=NA srtt=0.043393 rttvar=0.021697 rto=1.000000 retransmitted=0 dupack=0
timestamp_ns=3886779771885 event=DATA_ACK state=ESTABLISHED seq=1946715251 ack=518364676 snd_una=1946715251 snd_nxt=1946715251 rcv_nxt=518364676 rwnd=65535 recv_used=27600 right_edge=1946780786 flight=0 sample_rtt=NA srtt=0.043393 rttvar=0.021697 rto=1.000000 retransmitted=0 dupack=0
timestamp_ns=3886779774089 event=RECEIVE state=ESTABLISHED seq=518399176 ack=1946715251 snd_una=1946715251 snd_nxt=1946715251 rcv_nxt=518364676 rwnd=65535 recv_used=27600 right_edge=1946780786 flight=0 sample_rtt=NA srtt=0.043393 rttvar=0.021697 rto=1.000000 retransmitted=0 dupack=0
timestamp_ns=3886779775161 event=DATA_ACK state=ESTABLISHED seq=1946715251 ack=518364676 snd_una=1946715251 snd_nxt=1946715251 rcv_nxt=518364676 rwnd=65535 recv_used=28980 right_edge=1946780786 flight=0 sample_rtt=NA srtt=0.043393 rttvar=0.021697 rto=1.000000 retransmitted=0 dupack=0
timestamp_ns=3886779777225 event=RECEIVE state=ESTABLISHED seq=518401936 ack=1946715251 snd_una=1946715251 snd_nxt=1946715251 rcv_nxt=518364676 rwnd=65535 recv_used=28980 right_edge=1946780786 flight=0 sample_rtt=NA srtt=0.043393 rttvar=0.021697 rto=1.000000 retransmitted=0 dupack=0
timestamp_ns=3886779778146 event=DATA_ACK state=ESTABLISHED seq=1946715251 ack=518364676 snd_una=1946715251 snd_nxt=1946715251 rcv_nxt=518364676 rwnd=65535 recv_used=30360 right_edge=1946780786 flight=0 sample_rtt=NA srtt=0.043393 rttvar=0.021697 rto=1.000000 retransmitted=0 dupack=0
timestamp_ns=3886779780351 event=RECEIVE state=ESTABLISHED seq=518403316 ack=1946715251 snd_una=1946715251 snd_nxt=1946715251 rcv_nxt=518364676 rwnd=65535 recv_used=30360 right_edge=1946780786 flight=0 sample_rtt=NA srtt=0.043393 rttvar=0.021697 rto=1.000000 retransmitted=0 dupack=0
timestamp_ns=3886779781393 event=DATA_ACK state=ESTABLISHED seq=1946715251 ack=518364676 snd_una=1946715251 snd_nxt=1946715251 rcv_nxt=518364676 rwnd=65535 recv_used=31740 right_edge=1946780786 flight=0 sample_rtt=NA srtt=0.043393 rttvar=0.021697 rto=1.000000 retransmitted=0 dupack=0
timestamp_ns=3886779809626 event=RECEIVE state=ESTABLISHED seq=518404696 ack=1946715251 snd_una=1946715251 snd_nxt=1946715251 rcv_nxt=518364676 rwnd=65535 recv_used=31740 right_edge=1946780786 flight=0 sample_rtt=NA srtt=0.043393 rttvar=0.021697 rto=1.000000 retransmitted=0 dupack=0
timestamp_ns=3886779810698 event=DATA_ACK state=ESTABLISHED seq=1946715251 ack=518364676 snd_una=1946715251 snd_nxt=1946715251 rcv_nxt=518364676 rwnd=65535 recv_used=33120 right_edge=1946780786 flight=0 sample_rtt=NA srtt=0.043393 rttvar=0.021697 rto=1.000000 retransmitted=0 dupack=0
timestamp_ns=3886779812842 event=RECEIVE state=ESTABLISHED seq=518406076 ack=1946715251 snd_una=1946715251 snd_nxt=1946715251 rcv_nxt=518364676 rwnd=65535 recv_used=33120 right_edge=1946780786 flight=0 sample_rtt=NA srtt=0.043393 rttvar=0.021697 rto=1.000000 retransmitted=0 dupack=0
timestamp_ns=3886779813974 event=DATA_ACK state=ESTABLISHED seq=1946715251 ack=518364676 snd_una=1946715251 snd_nxt=1946715251 rcv_nxt=518364676 rwnd=65535 recv_used=34500 right_edge=1946780786 flight=0 sample_rtt=NA srtt=0.043393 rttvar=0.021697 rto=1.000000 retransmitted=0 dupack=0
timestamp_ns=3886779816379 event=RECEIVE state=ESTABLISHED seq=518407456 ack=1946715251 snd_una=1946715251 snd_nxt=1946715251 rcv_nxt=518364676 rwnd=65535 recv_used=34500 right_edge=1946780786 flight=0 sample_rtt=NA srtt=0.043393 rttvar=0.021697 rto=1.000000 retransmitted=0 dupack=0
timestamp_ns=3886779817351 event=DATA_ACK state=ESTABLISHED seq=1946715251 ack=518364676 snd_una=1946715251 snd_nxt=1946715251 rcv_nxt=518364676 rwnd=65535 recv_used=35880 right_edge=1946780786 flight=0 sample_rtt=NA srtt=0.043393 rttvar=0.021697 rto=1.000000 retransmitted=0 dupack=0
timestamp_ns=3886779819445 event=RECEIVE state=ESTABLISHED seq=518408836 ack=1946715251 snd_una=1946715251 snd_nxt=1946715251 rcv_nxt=518364676 rwnd=65535 recv_used=35880 right_edge=1946780786 flight=0 sample_rtt=NA srtt=0.043393 rttvar=0.021697 rto=1.000000 retransmitted=0 dupack=0
timestamp_ns=3886779820406 event=DATA_ACK state=ESTABLISHED seq=1946715251 ack=518364676 snd_una=1946715251 snd_nxt=1946715251 rcv_nxt=518364676 rwnd=65535 recv_used=37260 right_edge=1946780786 flight=0 sample_rtt=NA srtt=0.043393 rttvar=0.021697 rto=1.000000 retransmitted=0 dupack=0
timestamp_ns=3886779843360 event=RECEIVE state=ESTABLISHED seq=518410216 ack=1946715251 snd_una=1946715251 snd_nxt=1946715251 rcv_nxt=518364676 rwnd=65535 recv_used=37260 right_edge=1946780786 flight=0 sample_rtt=NA srtt=0.043393 rttvar=0.021697 rto=1.000000 retransmitted=0 dupack=0
timestamp_ns=3886779848079 event=DATA_ACK state=ESTABLISHED seq=1946715251 ack=518364676 snd_una=1946715251 snd_nxt=1946715251 rcv_nxt=518364676 rwnd=65535 recv_used=38640 right_edge=1946780786 flight=0 sample_rtt=NA srtt=0.043393 rttvar=0.021697 rto=1.000000 retransmitted=0 dupack=0
timestamp_ns=3886779852407 event=RECEIVE state=ESTABLISHED seq=518411596 ack=1946715251 snd_una=1946715251 snd_nxt=1946715251 rcv_nxt=518364676 rwnd=65535 recv_used=38640 right_edge=1946780786 flight=0 sample_rtt=NA srtt=0.043393 rttvar=0.021697 rto=1.000000 retransmitted=0 dupack=0
timestamp_ns=3886779853599 event=DATA_ACK state=ESTABLISHED seq=1946715251 ack=518364676 snd_una=1946715251 snd_nxt=1946715251 rcv_nxt=518364676 rwnd=65535 recv_used=39316 right_edge=1946780786 flight=0 sample_rtt=NA srtt=0.043393 rttvar=0.021697 rto=1.000000 retransmitted=0 dupack=0
timestamp_ns=3886779855844 event=RECEIVE state=ESTABLISHED seq=518412272 ack=1946715251 snd_una=1946715251 snd_nxt=1946715251 rcv_nxt=518364676 rwnd=65535 recv_used=39316 right_edge=1946780786 flight=0 sample_rtt=NA srtt=0.043393 rttvar=0.021697 rto=1.000000 retransmitted=0 dupack=0
timestamp_ns=3886779856916 event=DATA_ACK state=ESTABLISHED seq=1946715251 ack=518364676 snd_una=1946715251 snd_nxt=1946715251 rcv_nxt=518364676 rwnd=65535 recv_used=40696 right_edge=1946780786 flight=0 sample_rtt=NA srtt=0.043393 rttvar=0.021697 rto=1.000000 retransmitted=0 dupack=0
timestamp_ns=3886779871433 event=RECEIVE state=ESTABLISHED seq=518413652 ack=1946715251 snd_una=1946715251 snd_nxt=1946715251 rcv_nxt=518364676 rwnd=65535 recv_used=40696 right_edge=1946780786 flight=0 sample_rtt=NA srtt=0.043393 rttvar=0.021697 rto=1.000000 retransmitted=0 dupack=0
timestamp_ns=3886779872625 event=DATA_ACK state=ESTABLISHED seq=1946715251 ack=518364676 snd_una=1946715251 snd_nxt=1946715251 rcv_nxt=518364676 rwnd=65535 recv_used=42076 right_edge=1946780786 flight=0 sample_rtt=NA srtt=0.043393 rttvar=0.021697 rto=1.000000 retransmitted=0 dupack=0
timestamp_ns=3886779874699 event=RECEIVE state=ESTABLISHED seq=518415032 ack=1946715251 snd_una=1946715251 snd_nxt=1946715251 rcv_nxt=518364676 rwnd=65535 recv_used=42076 right_edge=1946780786 flight=0 sample_rtt=NA srtt=0.043393 rttvar=0.021697 rto=1.000000 retransmitted=0 dupack=0
timestamp_ns=3886779875671 event=DATA_ACK state=ESTABLISHED seq=1946715251 ack=518364676 snd_una=1946715251 snd_nxt=1946715251 rcv_nxt=518364676 rwnd=65535 recv_used=43456 right_edge=1946780786 flight=0 sample_rtt=NA srtt=0.043393 rttvar=0.021697 rto=1.000000 retransmitted=0 dupack=0
timestamp_ns=3886779877745 event=RECEIVE state=ESTABLISHED seq=518416412 ack=1946715251 snd_una=1946715251 snd_nxt=1946715251 rcv_nxt=518364676 rwnd=65535 recv_used=43456 right_edge=1946780786 flight=0 sample_rtt=NA srtt=0.043393 rttvar=0.021697 rto=1.000000 retransmitted=0 dupack=0
timestamp_ns=3886779878947 event=DATA_ACK state=ESTABLISHED seq=1946715251 ack=518364676 snd_una=1946715251 snd_nxt=1946715251 rcv_nxt=518364676 rwnd=65535 recv_used=44836 right_edge=1946780786 flight=0 sample_rtt=NA srtt=0.043393 rttvar=0.021697 rto=1.000000 retransmitted=0 dupack=0
timestamp_ns=3886779881512 event=RECEIVE state=ESTABLISHED seq=518417792 ack=1946715251 snd_una=1946715251 snd_nxt=1946715251 rcv_nxt=518364676 rwnd=65535 recv_used=44836 right_edge=1946780786 flight=0 sample_rtt=NA srtt=0.043393 rttvar=0.021697 rto=1.000000 retransmitted=0 dupack=0
timestamp_ns=3886779882504 event=DATA_ACK state=ESTABLISHED seq=1946715251 ack=518364676 snd_una=1946715251 snd_nxt=1946715251 rcv_nxt=518364676 rwnd=65535 recv_used=46216 right_edge=1946780786 flight=0 sample_rtt=NA srtt=0.043393 rttvar=0.021697 rto=1.000000 retransmitted=0 dupack=0
timestamp_ns=3886779884628 event=RECEIVE state=ESTABLISHED seq=518419172 ack=1946715251 snd_una=1946715251 snd_nxt=1946715251 rcv_nxt=518364676 rwnd=65535 recv_used=46216 right_edge=1946780786 flight=0 sample_rtt=NA srtt=0.043393 rttvar=0.021697 rto=1.000000 retransmitted=0 dupack=0
timestamp_ns=3886779885830 event=DATA_ACK state=ESTABLISHED seq=1946715251 ack=518364676 snd_una=1946715251 snd_nxt=1946715251 rcv_nxt=518364676 rwnd=65535 recv_used=47596 right_edge=1946780786 flight=0 sample_rtt=NA srtt=0.043393 rttvar=0.021697 rto=1.000000 retransmitted=0 dupack=0
timestamp_ns=3886779887924 event=RECEIVE state=ESTABLISHED seq=518420552 ack=1946715251 snd_una=1946715251 snd_nxt=1946715251 rcv_nxt=518364676 rwnd=65535 recv_used=47596 right_edge=1946780786 flight=0 sample_rtt=NA srtt=0.043393 rttvar=0.021697 rto=1.000000 retransmitted=0 dupack=0
timestamp_ns=3886779888916 event=DATA_ACK state=ESTABLISHED seq=1946715251 ack=518364676 snd_una=1946715251 snd_nxt=1946715251 rcv_nxt=518364676 rwnd=65535 recv_used=48976 right_edge=1946780786 flight=0 sample_rtt=NA srtt=0.043393 rttvar=0.021697 rto=1.000000 retransmitted=0 dupack=0
timestamp_ns=3886779891712 event=RECEIVE state=ESTABLISHED seq=518421932 ack=1946715251 snd_una=1946715251 snd_nxt=1946715251 rcv_nxt=518364676 rwnd=65535 recv_used=48976 right_edge=1946780786 flight=0 sample_rtt=NA srtt=0.043393 rttvar=0.021697 rto=1.000000 retransmitted=0 dupack=0
timestamp_ns=3886779892964 event=DATA_ACK state=ESTABLISHED seq=1946715251 ack=518364676 snd_una=1946715251 snd_nxt=1946715251 rcv_nxt=518364676 rwnd=65535 recv_used=50356 right_edge=1946780786 flight=0 sample_rtt=NA srtt=0.043393 rttvar=0.021697 rto=1.000000 retransmitted=0 dupack=0
timestamp_ns=3886779895218 event=RECEIVE state=ESTABLISHED seq=518423312 ack=1946715251 snd_una=1946715251 snd_nxt=1946715251 rcv_nxt=518364676 rwnd=65535 recv_used=50356 right_edge=1946780786 flight=0 sample_rtt=NA srtt=0.043393 rttvar=0.021697 rto=1.000000 retransmitted=0 dupack=0
timestamp_ns=3886779898234 event=DATA_ACK state=ESTABLISHED seq=1946715251 ack=518364676 snd_una=1946715251 snd_nxt=1946715251 rcv_nxt=518364676 rwnd=65535 recv_used=51736 right_edge=1946780786 flight=0 sample_rtt=NA srtt=0.043393 rttvar=0.021697 rto=1.000000 retransmitted=0 dupack=0
timestamp_ns=3886779900368 event=RECEIVE state=ESTABLISHED seq=518424692 ack=1946715251 snd_una=1946715251 snd_nxt=1946715251 rcv_nxt=518364676 rwnd=65535 recv_used=51736 right_edge=1946780786 flight=0 sample_rtt=NA srtt=0.043393 rttvar=0.021697 rto=1.000000 retransmitted=0 dupack=0
timestamp_ns=3886779901610 event=DATA_ACK state=ESTABLISHED seq=1946715251 ack=518364676 snd_una=1946715251 snd_nxt=1946715251 rcv_nxt=518364676 rwnd=65535 recv_used=53116 right_edge=1946780786 flight=0 sample_rtt=NA srtt=0.043393 rttvar=0.021697 rto=1.000000 retransmitted=0 dupack=0
timestamp_ns=3886779903664 event=RECEIVE state=ESTABLISHED seq=518426072 ack=1946715251 snd_una=1946715251 snd_nxt=1946715251 rcv_nxt=518364676 rwnd=65535 recv_used=53116 right_edge=1946780786 flight=0 sample_rtt=NA srtt=0.043393 rttvar=0.021697 rto=1.000000 retransmitted=0 dupack=0
timestamp_ns=3886779905909 event=DATA_ACK state=ESTABLISHED seq=1946715251 ack=518364676 snd_una=1946715251 snd_nxt=1946715251 rcv_nxt=518364676 rwnd=65535 recv_used=54496 right_edge=1946780786 flight=0 sample_rtt=NA srtt=0.043393 rttvar=0.021697 rto=1.000000 retransmitted=0 dupack=0
timestamp_ns=3886779908483 event=RECEIVE state=ESTABLISHED seq=518427452 ack=1946715251 snd_una=1946715251 snd_nxt=1946715251 rcv_nxt=518364676 rwnd=65535 recv_used=54496 right_edge=1946780786 flight=0 sample_rtt=NA srtt=0.043393 rttvar=0.021697 rto=1.000000 retransmitted=0 dupack=0
timestamp_ns=3886779910427 event=DATA_ACK state=ESTABLISHED seq=1946715251 ack=518364676 snd_una=1946715251 snd_nxt=1946715251 rcv_nxt=518364676 rwnd=65535 recv_used=55876 right_edge=1946780786 flight=0 sample_rtt=NA srtt=0.043393 rttvar=0.021697 rto=1.000000 retransmitted=0 dupack=0
timestamp_ns=3886822626703 event=RECEIVE state=ESTABLISHED seq=518364676 ack=1946715251 snd_una=1946715251 snd_nxt=1946715251 rcv_nxt=518364676 rwnd=65535 recv_used=55876 right_edge=1946780786 flight=0 sample_rtt=NA srtt=0.043393 rttvar=0.021697 rto=1.000000 retransmitted=0 dupack=0
timestamp_ns=3886822665236 event=DATA_ACK state=ESTABLISHED seq=1946715251 ack=518378476 snd_una=1946715251 snd_nxt=1946715251 rcv_nxt=518378476 rwnd=65535 recv_used=57256 right_edge=1946780786 flight=0 sample_rtt=NA srtt=0.043393 rttvar=0.021697 rto=1.000000 retransmitted=0 dupack=0
timestamp_ns=3886865794464 event=RECEIVE state=ESTABLISHED seq=518428832 ack=1946715251 snd_una=1946715251 snd_nxt=1946715251 rcv_nxt=518378476 rwnd=65535 recv_used=43456 right_edge=1946780786 flight=0 sample_rtt=NA srtt=0.043393 rttvar=0.021697 rto=1.000000 retransmitted=0 dupack=0
timestamp_ns=3886865804914 event=DATA_ACK state=ESTABLISHED seq=1946715251 ack=518378476 snd_una=1946715251 snd_nxt=1946715251 rcv_nxt=518378476 rwnd=65535 recv_used=44836 right_edge=1946780786 flight=0 sample_rtt=NA srtt=0.043393 rttvar=0.021697 rto=1.000000 retransmitted=0 dupack=0
timestamp_ns=3886865820153 event=RECEIVE state=ESTABLISHED seq=518430212 ack=1946715251 snd_una=1946715251 snd_nxt=1946715251 rcv_nxt=518378476 rwnd=65535 recv_used=44836 right_edge=1946780786 flight=0 sample_rtt=NA srtt=0.043393 rttvar=0.021697 rto=1.000000 retransmitted=0 dupack=0
timestamp_ns=3886865822267 event=DATA_ACK state=ESTABLISHED seq=1946715251 ack=518378476 snd_una=1946715251 snd_nxt=1946715251 rcv_nxt=518378476 rwnd=65535 recv_used=46216 right_edge=1946780786 flight=0 sample_rtt=NA srtt=0.043393 rttvar=0.021697 rto=1.000000 retransmitted=0 dupack=0
timestamp_ns=3886865824792 event=RECEIVE state=ESTABLISHED seq=518431592 ack=1946715251 snd_una=1946715251 snd_nxt=1946715251 rcv_nxt=518378476 rwnd=65535 recv_used=46216 right_edge=1946780786 flight=0 sample_rtt=NA srtt=0.043393 rttvar=0.021697 rto=1.000000 retransmitted=0 dupack=0
timestamp_ns=3886865843948 event=DATA_ACK state=ESTABLISHED seq=1946715251 ack=518378476 snd_una=1946715251 snd_nxt=1946715251 rcv_nxt=518378476 rwnd=65535 recv_used=47596 right_edge=1946780786 flight=0 sample_rtt=NA srtt=0.043393 rttvar=0.021697 rto=1.000000 retransmitted=0 dupack=0
timestamp_ns=3886865846282 event=RECEIVE state=ESTABLISHED seq=518432972 ack=1946715251 snd_una=1946715251 snd_nxt=1946715251 rcv_nxt=518378476 rwnd=65535 recv_used=47596 right_edge=1946780786 flight=0 sample_rtt=NA srtt=0.043393 rttvar=0.021697 rto=1.000000 retransmitted=0 dupack=0
timestamp_ns=3886865847515 event=DATA_ACK state=ESTABLISHED seq=1946715251 ack=518378476 snd_una=1946715251 snd_nxt=1946715251 rcv_nxt=518378476 rwnd=65535 recv_used=48976 right_edge=1946780786 flight=0 sample_rtt=NA srtt=0.043393 rttvar=0.021697 rto=1.000000 retransmitted=0 dupack=0
timestamp_ns=3886865849809 event=RECEIVE state=ESTABLISHED seq=518434352 ack=1946715251 snd_una=1946715251 snd_nxt=1946715251 rcv_nxt=518378476 rwnd=65535 recv_used=48976 right_edge=1946780786 flight=0 sample_rtt=NA srtt=0.043393 rttvar=0.021697 rto=1.000000 retransmitted=0 dupack=0
timestamp_ns=3886865851011 event=DATA_ACK state=ESTABLISHED seq=1946715251 ack=518378476 snd_una=1946715251 snd_nxt=1946715251 rcv_nxt=518378476 rwnd=65535 recv_used=50356 right_edge=1946780786 flight=0 sample_rtt=NA srtt=0.043393 rttvar=0.021697 rto=1.000000 retransmitted=0 dupack=0
timestamp_ns=3886865853105 event=RECEIVE state=ESTABLISHED seq=518435732 ack=1946715251 snd_una=1946715251 snd_nxt=1946715251 rcv_nxt=518378476 rwnd=65535 recv_used=50356 right_edge=1946780786 flight=0 sample_rtt=NA srtt=0.043393 rttvar=0.021697 rto=1.000000 retransmitted=0 dupack=0
timestamp_ns=3886865854298 event=DATA_ACK state=ESTABLISHED seq=1946715251 ack=518378476 snd_una=1946715251 snd_nxt=1946715251 rcv_nxt=518378476 rwnd=65535 recv_used=51736 right_edge=1946780786 flight=0 sample_rtt=NA srtt=0.043393 rttvar=0.021697 rto=1.000000 retransmitted=0 dupack=0
timestamp_ns=3886865856592 event=RECEIVE state=ESTABLISHED seq=518437112 ack=1946715251 snd_una=1946715251 snd_nxt=1946715251 rcv_nxt=518378476 rwnd=65535 recv_used=51736 right_edge=1946780786 flight=0 sample_rtt=NA srtt=0.043393 rttvar=0.021697 rto=1.000000 retransmitted=0 dupack=0
timestamp_ns=3886865857824 event=DATA_ACK state=ESTABLISHED seq=1946715251 ack=518378476 snd_una=1946715251 snd_nxt=1946715251 rcv_nxt=518378476 rwnd=65535 recv_used=53116 right_edge=1946780786 flight=0 sample_rtt=NA srtt=0.043393 rttvar=0.021697 rto=1.000000 retransmitted=0 dupack=0
timestamp_ns=3886865859938 event=RECEIVE state=ESTABLISHED seq=518438492 ack=1946715251 snd_una=1946715251 snd_nxt=1946715251 rcv_nxt=518378476 rwnd=65535 recv_used=53116 right_edge=1946780786 flight=0 sample_rtt=NA srtt=0.043393 rttvar=0.021697 rto=1.000000 retransmitted=0 dupack=0
timestamp_ns=3886865861131 event=DATA_ACK state=ESTABLISHED seq=1946715251 ack=518378476 snd_una=1946715251 snd_nxt=1946715251 rcv_nxt=518378476 rwnd=65535 recv_used=54496 right_edge=1946780786 flight=0 sample_rtt=NA srtt=0.043393 rttvar=0.021697 rto=1.000000 retransmitted=0 dupack=0
timestamp_ns=3886865863205 event=RECEIVE state=ESTABLISHED seq=518439872 ack=1946715251 snd_una=1946715251 snd_nxt=1946715251 rcv_nxt=518378476 rwnd=65535 recv_used=54496 right_edge=1946780786 flight=0 sample_rtt=NA srtt=0.043393 rttvar=0.021697 rto=1.000000 retransmitted=0 dupack=0
timestamp_ns=3886865864788 event=DATA_ACK state=ESTABLISHED seq=1946715251 ack=518378476 snd_una=1946715251 snd_nxt=1946715251 rcv_nxt=518378476 rwnd=65535 recv_used=55876 right_edge=1946780786 flight=0 sample_rtt=NA srtt=0.043393 rttvar=0.021697 rto=1.000000 retransmitted=0 dupack=0
timestamp_ns=3886865867072 event=RECEIVE state=ESTABLISHED seq=518441252 ack=1946715251 snd_una=1946715251 snd_nxt=1946715251 rcv_nxt=518378476 rwnd=65535 recv_used=55876 right_edge=1946780786 flight=0 sample_rtt=NA srtt=0.043393 rttvar=0.021697 rto=1.000000 retransmitted=0 dupack=0
timestamp_ns=3886865871200 event=DATA_ACK state=ESTABLISHED seq=1946715251 ack=518378476 snd_una=1946715251 snd_nxt=1946715251 rcv_nxt=518378476 rwnd=65535 recv_used=57256 right_edge=1946780786 flight=0 sample_rtt=NA srtt=0.043393 rttvar=0.021697 rto=1.000000 retransmitted=0 dupack=0
timestamp_ns=3886908739657 event=RECEIVE state=ESTABLISHED seq=518378476 ack=1946715251 snd_una=1946715251 snd_nxt=1946715251 rcv_nxt=518378476 rwnd=65535 recv_used=57256 right_edge=1946780786 flight=0 sample_rtt=NA srtt=0.043393 rttvar=0.021697 rto=1.000000 retransmitted=0 dupack=0
timestamp_ns=3886908780465 event=DATA_ACK state=ESTABLISHED seq=1946715251 ack=518393656 snd_una=1946715251 snd_nxt=1946715251 rcv_nxt=518393656 rwnd=65535 recv_used=58636 right_edge=1946780786 flight=0 sample_rtt=NA srtt=0.043393 rttvar=0.021697 rto=1.000000 retransmitted=0 dupack=0
timestamp_ns=3886952481563 event=RECEIVE state=ESTABLISHED seq=518442632 ack=1946715251 snd_una=1946715251 snd_nxt=1946715251 rcv_nxt=518393656 rwnd=65535 recv_used=43456 right_edge=1946780786 flight=0 sample_rtt=NA srtt=0.043393 rttvar=0.021697 rto=1.000000 retransmitted=0 dupack=0
timestamp_ns=3886952494928 event=DATA_ACK state=ESTABLISHED seq=1946715251 ack=518393656 snd_una=1946715251 snd_nxt=1946715251 rcv_nxt=518393656 rwnd=65535 recv_used=44836 right_edge=1946780786 flight=0 sample_rtt=NA srtt=0.043393 rttvar=0.021697 rto=1.000000 retransmitted=0 dupack=0
timestamp_ns=3886952511179 event=RECEIVE state=ESTABLISHED seq=518444012 ack=1946715251 snd_una=1946715251 snd_nxt=1946715251 rcv_nxt=518393656 rwnd=65535 recv_used=44836 right_edge=1946780786 flight=0 sample_rtt=NA srtt=0.043393 rttvar=0.021697 rto=1.000000 retransmitted=0 dupack=0
timestamp_ns=3886952514045 event=DATA_ACK state=ESTABLISHED seq=1946715251 ack=518393656 snd_una=1946715251 snd_nxt=1946715251 rcv_nxt=518393656 rwnd=65535 recv_used=46216 right_edge=1946780786 flight=0 sample_rtt=NA srtt=0.043393 rttvar=0.021697 rto=1.000000 retransmitted=0 dupack=0
timestamp_ns=3886952516519 event=RECEIVE state=ESTABLISHED seq=518445392 ack=1946715251 snd_una=1946715251 snd_nxt=1946715251 rcv_nxt=518393656 rwnd=65535 recv_used=46216 right_edge=1946780786 flight=0 sample_rtt=NA srtt=0.043393 rttvar=0.021697 rto=1.000000 retransmitted=0 dupack=0
timestamp_ns=3886952518483 event=DATA_ACK state=ESTABLISHED seq=1946715251 ack=518393656 snd_una=1946715251 snd_nxt=1946715251 rcv_nxt=518393656 rwnd=65535 recv_used=47596 right_edge=1946780786 flight=0 sample_rtt=NA srtt=0.043393 rttvar=0.021697 rto=1.000000 retransmitted=0 dupack=0
timestamp_ns=3886952520587 event=RECEIVE state=ESTABLISHED seq=518446772 ack=1946715251 snd_una=1946715251 snd_nxt=1946715251 rcv_nxt=518393656 rwnd=65535 recv_used=47596 right_edge=1946780786 flight=0 sample_rtt=NA srtt=0.043393 rttvar=0.021697 rto=1.000000 retransmitted=0 dupack=0
timestamp_ns=3886952522000 event=DATA_ACK state=ESTABLISHED seq=1946715251 ack=518393656 snd_una=1946715251 snd_nxt=1946715251 rcv_nxt=518393656 rwnd=65535 recv_used=48976 right_edge=1946780786 flight=0 sample_rtt=NA srtt=0.043393 rttvar=0.021697 rto=1.000000 retransmitted=0 dupack=0
timestamp_ns=3886952524985 event=RECEIVE state=ESTABLISHED seq=518448152 ack=1946715251 snd_una=1946715251 snd_nxt=1946715251 rcv_nxt=518393656 rwnd=65535 recv_used=48976 right_edge=1946780786 flight=0 sample_rtt=NA srtt=0.043393 rttvar=0.021697 rto=1.000000 retransmitted=0 dupack=0
timestamp_ns=3886952526348 event=DATA_ACK state=ESTABLISHED seq=1946715251 ack=518393656 snd_una=1946715251 snd_nxt=1946715251 rcv_nxt=518393656 rwnd=65535 recv_used=50356 right_edge=1946780786 flight=0 sample_rtt=NA srtt=0.043393 rttvar=0.021697 rto=1.000000 retransmitted=0 dupack=0
timestamp_ns=3886952528392 event=RECEIVE state=ESTABLISHED seq=518449532 ack=1946715251 snd_una=1946715251 snd_nxt=1946715251 rcv_nxt=518393656 rwnd=65535 recv_used=50356 right_edge=1946780786 flight=0 sample_rtt=NA srtt=0.043393 rttvar=0.021697 rto=1.000000 retransmitted=0 dupack=0
timestamp_ns=3886952530045 event=DATA_ACK state=ESTABLISHED seq=1946715251 ack=518393656 snd_una=1946715251 snd_nxt=1946715251 rcv_nxt=518393656 rwnd=65535 recv_used=51736 right_edge=1946780786 flight=0 sample_rtt=NA srtt=0.043393 rttvar=0.021697 rto=1.000000 retransmitted=0 dupack=0
timestamp_ns=3886952556725 event=RECEIVE state=ESTABLISHED seq=518450912 ack=1946715251 snd_una=1946715251 snd_nxt=1946715251 rcv_nxt=518393656 rwnd=65535 recv_used=51736 right_edge=1946780786 flight=0 sample_rtt=NA srtt=0.043393 rttvar=0.021697 rto=1.000000 retransmitted=0 dupack=0
timestamp_ns=3886952558218 event=DATA_ACK state=ESTABLISHED seq=1946715251 ack=518393656 snd_una=1946715251 snd_nxt=1946715251 rcv_nxt=518393656 rwnd=65535 recv_used=53116 right_edge=1946780786 flight=0 sample_rtt=NA srtt=0.043393 rttvar=0.021697 rto=1.000000 retransmitted=0 dupack=0
timestamp_ns=3886952560603 event=RECEIVE state=ESTABLISHED seq=518452292 ack=1946715251 snd_una=1946715251 snd_nxt=1946715251 rcv_nxt=518393656 rwnd=65535 recv_used=53116 right_edge=1946780786 flight=0 sample_rtt=NA srtt=0.043393 rttvar=0.021697 rto=1.000000 retransmitted=0 dupack=0
timestamp_ns=3886952562005 event=DATA_ACK state=ESTABLISHED seq=1946715251 ack=518393656 snd_una=1946715251 snd_nxt=1946715251 rcv_nxt=518393656 rwnd=65535 recv_used=54496 right_edge=1946780786 flight=0 sample_rtt=NA srtt=0.043393 rttvar=0.021697 rto=1.000000 retransmitted=0 dupack=0
timestamp_ns=3886952564019 event=RECEIVE state=ESTABLISHED seq=518453672 ack=1946715251 snd_una=1946715251 snd_nxt=1946715251 rcv_nxt=518393656 rwnd=65535 recv_used=54496 right_edge=1946780786 flight=0 sample_rtt=NA srtt=0.043393 rttvar=0.021697 rto=1.000000 retransmitted=0 dupack=0
timestamp_ns=3886952565893 event=DATA_ACK state=ESTABLISHED seq=1946715251 ack=518393656 snd_una=1946715251 snd_nxt=1946715251 rcv_nxt=518393656 rwnd=65535 recv_used=55876 right_edge=1946780786 flight=0 sample_rtt=NA srtt=0.043393 rttvar=0.021697 rto=1.000000 retransmitted=0 dupack=0
timestamp_ns=3886952567937 event=RECEIVE state=ESTABLISHED seq=518455052 ack=1946715251 snd_una=1946715251 snd_nxt=1946715251 rcv_nxt=518393656 rwnd=65535 recv_used=55876 right_edge=1946780786 flight=0 sample_rtt=NA srtt=0.043393 rttvar=0.021697 rto=1.000000 retransmitted=0 dupack=0
timestamp_ns=3886952569329 event=DATA_ACK state=ESTABLISHED seq=1946715251 ack=518393656 snd_una=1946715251 snd_nxt=1946715251 rcv_nxt=518393656 rwnd=65535 recv_used=57256 right_edge=1946780786 flight=0 sample_rtt=NA srtt=0.043393 rttvar=0.021697 rto=1.000000 retransmitted=0 dupack=0
timestamp_ns=3886952571694 event=RECEIVE state=ESTABLISHED seq=518456432 ack=1946715251 snd_una=1946715251 snd_nxt=1946715251 rcv_nxt=518393656 rwnd=65535 recv_used=57256 right_edge=1946780786 flight=0 sample_rtt=NA srtt=0.043393 rttvar=0.021697 rto=1.000000 retransmitted=0 dupack=0
timestamp_ns=3886952573096 event=DATA_ACK state=ESTABLISHED seq=1946715251 ack=518393656 snd_una=1946715251 snd_nxt=1946715251 rcv_nxt=518393656 rwnd=65535 recv_used=58636 right_edge=1946780786 flight=0 sample_rtt=NA srtt=0.043393 rttvar=0.021697 rto=1.000000 retransmitted=0 dupack=0
timestamp_ns=3886994607220 event=RECEIVE state=ESTABLISHED seq=518393656 ack=1946715251 snd_una=1946715251 snd_nxt=1946715251 rcv_nxt=518393656 rwnd=65535 recv_used=58636 right_edge=1946780786 flight=0 sample_rtt=NA srtt=0.043393 rttvar=0.021697 rto=1.000000 retransmitted=0 dupack=0
timestamp_ns=3886994634491 event=DATA_ACK state=ESTABLISHED seq=1946715251 ack=518396416 snd_una=1946715251 snd_nxt=1946715251 rcv_nxt=518396416 rwnd=65535 recv_used=60016 right_edge=1946780786 flight=0 sample_rtt=NA srtt=0.043393 rttvar=0.021697 rto=1.000000 retransmitted=0 dupack=0
timestamp_ns=3887037314597 event=RECEIVE state=ESTABLISHED seq=518457812 ack=1946715251 snd_una=1946715251 snd_nxt=1946715251 rcv_nxt=518396416 rwnd=65535 recv_used=57256 right_edge=1946780786 flight=0 sample_rtt=NA srtt=0.043393 rttvar=0.021697 rto=1.000000 retransmitted=0 dupack=0
timestamp_ns=3887037348812 event=DATA_ACK state=ESTABLISHED seq=1946715251 ack=518396416 snd_una=1946715251 snd_nxt=1946715251 rcv_nxt=518396416 rwnd=65535 recv_used=58636 right_edge=1946780786 flight=0 sample_rtt=NA srtt=0.043393 rttvar=0.021697 rto=1.000000 retransmitted=0 dupack=0
timestamp_ns=3887037406181 event=RECEIVE state=ESTABLISHED seq=518459192 ack=1946715251 snd_una=1946715251 snd_nxt=1946715251 rcv_nxt=518396416 rwnd=65535 recv_used=58636 right_edge=1946780786 flight=0 sample_rtt=NA srtt=0.043393 rttvar=0.021697 rto=1.000000 retransmitted=0 dupack=0
timestamp_ns=3887037410779 event=DATA_ACK state=ESTABLISHED seq=1946715251 ack=518396416 snd_una=1946715251 snd_nxt=1946715251 rcv_nxt=518396416 rwnd=65535 recv_used=60016 right_edge=1946780786 flight=0 sample_rtt=NA srtt=0.043393 rttvar=0.021697 rto=1.000000 retransmitted=0 dupack=0
timestamp_ns=3946779895946 event=RECEIVE state=ESTABLISHED seq=518396416 ack=1946715251 snd_una=1946715251 snd_nxt=1946715251 rcv_nxt=518396416 rwnd=65535 recv_used=60016 right_edge=1946780786 flight=0 sample_rtt=NA srtt=0.043393 rttvar=0.021697 rto=1.000000 retransmitted=0 dupack=0
timestamp_ns=3946779918919 event=DATA_ACK state=ESTABLISHED seq=1946715251 ack=518397796 snd_una=1946715251 snd_nxt=1946715251 rcv_nxt=518397796 rwnd=65535 recv_used=61396 right_edge=1946780786 flight=0 sample_rtt=NA srtt=0.043393 rttvar=0.021697 rto=1.000000 retransmitted=0 dupack=0
timestamp_ns=3946823885685 event=RECEIVE state=ESTABLISHED seq=518460572 ack=1946715251 snd_una=1946715251 snd_nxt=1946715251 rcv_nxt=518397796 rwnd=65535 recv_used=60016 right_edge=1946780786 flight=0 sample_rtt=NA srtt=0.043393 rttvar=0.021697 rto=1.000000 retransmitted=0 dupack=0
timestamp_ns=3946823905393 event=DATA_ACK state=ESTABLISHED seq=1946715251 ack=518397796 snd_una=1946715251 snd_nxt=1946715251 rcv_nxt=518397796 rwnd=65535 recv_used=61396 right_edge=1946780786 flight=0 sample_rtt=NA srtt=0.043393 rttvar=0.021697 rto=1.000000 retransmitted=0 dupack=0
timestamp_ns=3946823924940 event=RECEIVE state=ESTABLISHED seq=518397796 ack=1946715251 snd_una=1946715251 snd_nxt=1946715251 rcv_nxt=518397796 rwnd=65535 recv_used=61396 right_edge=1946780786 flight=0 sample_rtt=NA srtt=0.043393 rttvar=0.021697 rto=1.000000 retransmitted=0 dupack=0
timestamp_ns=3946823942273 event=DATA_ACK state=ESTABLISHED seq=1946715251 ack=518400556 snd_una=1946715251 snd_nxt=1946715251 rcv_nxt=518400556 rwnd=65535 recv_used=62776 right_edge=1946780786 flight=0 sample_rtt=NA srtt=0.043393 rttvar=0.021697 rto=1.000000 retransmitted=0 dupack=0
timestamp_ns=3946866303055 event=RECEIVE state=ESTABLISHED seq=518461952 ack=1946715251 snd_una=1946715251 snd_nxt=1946715251 rcv_nxt=518400556 rwnd=65535 recv_used=60016 right_edge=1946780786 flight=0 sample_rtt=NA srtt=0.043393 rttvar=0.021697 rto=1.000000 retransmitted=0 dupack=0
timestamp_ns=3946866316119 event=DATA_ACK state=ESTABLISHED seq=1946715251 ack=518400556 snd_una=1946715251 snd_nxt=1946715251 rcv_nxt=518400556 rwnd=65535 recv_used=61396 right_edge=1946780786 flight=0 sample_rtt=NA srtt=0.043393 rttvar=0.021697 rto=1.000000 retransmitted=0 dupack=0
timestamp_ns=3946866334544 event=RECEIVE state=ESTABLISHED seq=518463332 ack=1946715251 snd_una=1946715251 snd_nxt=1946715251 rcv_nxt=518400556 rwnd=65535 recv_used=61396 right_edge=1946780786 flight=0 sample_rtt=NA srtt=0.043393 rttvar=0.021697 rto=1.000000 retransmitted=0 dupack=0
timestamp_ns=3946866337600 event=DATA_ACK state=ESTABLISHED seq=1946715251 ack=518400556 snd_una=1946715251 snd_nxt=1946715251 rcv_nxt=518400556 rwnd=65535 recv_used=62776 right_edge=1946780786 flight=0 sample_rtt=NA srtt=0.043393 rttvar=0.021697 rto=1.000000 retransmitted=0 dupack=0
timestamp_ns=3946866341528 event=RECEIVE state=ESTABLISHED seq=518400556 ack=1946715251 snd_una=1946715251 snd_nxt=1946715251 rcv_nxt=518400556 rwnd=65535 recv_used=62776 right_edge=1946780786 flight=0 sample_rtt=NA srtt=0.043393 rttvar=0.021697 rto=1.000000 retransmitted=0 dupack=0
timestamp_ns=3946866396432 event=DATA_ACK state=ESTABLISHED seq=1946715251 ack=518464712 snd_una=1946715251 snd_nxt=1946715251 rcv_nxt=518464712 rwnd=65535 recv_used=64156 right_edge=1946780786 flight=0 sample_rtt=NA srtt=0.043393 rttvar=0.021697 rto=1.000000 retransmitted=0 dupack=0
timestamp_ns=3946909832305 event=RECEIVE state=ESTABLISHED seq=518464712 ack=1946715251 snd_una=1946715251 snd_nxt=1946715251 rcv_nxt=518464712 rwnd=65535 recv_used=0 right_edge=1946780786 flight=0 sample_rtt=NA srtt=0.043393 rttvar=0.021697 rto=1.000000 retransmitted=0 dupack=0
timestamp_ns=3946909931609 event=DATA_ACK state=ESTABLISHED seq=1946715251 ack=518466092 snd_una=1946715251 snd_nxt=1946715251 rcv_nxt=518466092 rwnd=65535 recv_used=1380 right_edge=1946780786 flight=0 sample_rtt=NA srtt=0.043393 rttvar=0.021697 rto=1.000000 retransmitted=0 dupack=0
timestamp_ns=3946909962147 event=RECEIVE state=ESTABLISHED seq=518466092 ack=1946715251 snd_una=1946715251 snd_nxt=1946715251 rcv_nxt=518466092 rwnd=65535 recv_used=0 right_edge=1946780786 flight=0 sample_rtt=NA srtt=0.043393 rttvar=0.021697 rto=1.000000 retransmitted=0 dupack=0
timestamp_ns=3946909964892 event=DATA_ACK state=ESTABLISHED seq=1946715251 ack=518467472 snd_una=1946715251 snd_nxt=1946715251 rcv_nxt=518467472 rwnd=65535 recv_used=1380 right_edge=1946780786 flight=0 sample_rtt=NA srtt=0.043393 rttvar=0.021697 rto=1.000000 retransmitted=0 dupack=0
timestamp_ns=3946909971826 event=RECEIVE state=ESTABLISHED seq=518467472 ack=1946715251 snd_una=1946715251 snd_nxt=1946715251 rcv_nxt=518467472 rwnd=65535 recv_used=0 right_edge=1946780786 flight=0 sample_rtt=NA srtt=0.043393 rttvar=0.021697 rto=1.000000 retransmitted=0 dupack=0
timestamp_ns=3946909974050 event=DATA_ACK state=ESTABLISHED seq=1946715251 ack=518468852 snd_una=1946715251 snd_nxt=1946715251 rcv_nxt=518468852 rwnd=65535 recv_used=1380 right_edge=1946780786 flight=0 sample_rtt=NA srtt=0.043393 rttvar=0.021697 rto=1.000000 retransmitted=0 dupack=0
timestamp_ns=3946909978759 event=RECEIVE state=ESTABLISHED seq=518468852 ack=1946715251 snd_una=1946715251 snd_nxt=1946715251 rcv_nxt=518468852 rwnd=65535 recv_used=0 right_edge=1946780786 flight=0 sample_rtt=NA srtt=0.043393 rttvar=0.021697 rto=1.000000 retransmitted=0 dupack=0
timestamp_ns=3946909981885 event=DATA_ACK state=ESTABLISHED seq=1946715251 ack=518470232 snd_una=1946715251 snd_nxt=1946715251 rcv_nxt=518470232 rwnd=65535 recv_used=1380 right_edge=1946780786 flight=0 sample_rtt=NA srtt=0.043393 rttvar=0.021697 rto=1.000000 retransmitted=0 dupack=0
timestamp_ns=3946909987856 event=RECEIVE state=ESTABLISHED seq=518470232 ack=1946715251 snd_una=1946715251 snd_nxt=1946715251 rcv_nxt=518470232 rwnd=65535 recv_used=0 right_edge=1946780786 flight=0 sample_rtt=NA srtt=0.043393 rttvar=0.021697 rto=1.000000 retransmitted=0 dupack=0
timestamp_ns=3946909990050 event=DATA_ACK state=ESTABLISHED seq=1946715251 ack=518471612 snd_una=1946715251 snd_nxt=1946715251 rcv_nxt=518471612 rwnd=65535 recv_used=1380 right_edge=1946780786 flight=0 sample_rtt=NA srtt=0.043393 rttvar=0.021697 rto=1.000000 retransmitted=0 dupack=0
timestamp_ns=3946909994949 event=RECEIVE state=ESTABLISHED seq=518472992 ack=1946715251 snd_una=1946715251 snd_nxt=1946715251 rcv_nxt=518471612 rwnd=65535 recv_used=0 right_edge=1946780786 flight=0 sample_rtt=NA srtt=0.043393 rttvar=0.021697 rto=1.000000 retransmitted=0 dupack=0
timestamp_ns=3946909995901 event=DATA_ACK state=ESTABLISHED seq=1946715251 ack=518471612 snd_una=1946715251 snd_nxt=1946715251 rcv_nxt=518471612 rwnd=65535 recv_used=1380 right_edge=1946780786 flight=0 sample_rtt=NA srtt=0.043393 rttvar=0.021697 rto=1.000000 retransmitted=0 dupack=0
timestamp_ns=3946909998226 event=RECEIVE state=ESTABLISHED seq=518474372 ack=1946715251 snd_una=1946715251 snd_nxt=1946715251 rcv_nxt=518471612 rwnd=65535 recv_used=1380 right_edge=1946780786 flight=0 sample_rtt=NA srtt=0.043393 rttvar=0.021697 rto=1.000000 retransmitted=0 dupack=0
timestamp_ns=3946909999328 event=DATA_ACK state=ESTABLISHED seq=1946715251 ack=518471612 snd_una=1946715251 snd_nxt=1946715251 rcv_nxt=518471612 rwnd=65535 recv_used=2760 right_edge=1946780786 flight=0 sample_rtt=NA srtt=0.043393 rttvar=0.021697 rto=1.000000 retransmitted=0 dupack=0
timestamp_ns=3946910001832 event=RECEIVE state=ESTABLISHED seq=518477132 ack=1946715251 snd_una=1946715251 snd_nxt=1946715251 rcv_nxt=518471612 rwnd=65535 recv_used=2760 right_edge=1946780786 flight=0 sample_rtt=NA srtt=0.043393 rttvar=0.021697 rto=1.000000 retransmitted=0 dupack=0
timestamp_ns=3946910005549 event=DATA_ACK state=ESTABLISHED seq=1946715251 ack=518471612 snd_una=1946715251 snd_nxt=1946715251 rcv_nxt=518471612 rwnd=65535 recv_used=3436 right_edge=1946780786 flight=0 sample_rtt=NA srtt=0.043393 rttvar=0.021697 rto=1.000000 retransmitted=0 dupack=0
timestamp_ns=3946910007794 event=RECEIVE state=ESTABLISHED seq=518477808 ack=1946715251 snd_una=1946715251 snd_nxt=1946715251 rcv_nxt=518471612 rwnd=65535 recv_used=3436 right_edge=1946780786 flight=0 sample_rtt=NA srtt=0.043393 rttvar=0.021697 rto=1.000000 retransmitted=0 dupack=0
timestamp_ns=3946910008695 event=DATA_ACK state=ESTABLISHED seq=1946715251 ack=518471612 snd_una=1946715251 snd_nxt=1946715251 rcv_nxt=518471612 rwnd=65535 recv_used=4816 right_edge=1946780786 flight=0 sample_rtt=NA srtt=0.043393 rttvar=0.021697 rto=1.000000 retransmitted=0 dupack=0
timestamp_ns=3946910010749 event=RECEIVE state=ESTABLISHED seq=518479188 ack=1946715251 snd_una=1946715251 snd_nxt=1946715251 rcv_nxt=518471612 rwnd=65535 recv_used=4816 right_edge=1946780786 flight=0 sample_rtt=NA srtt=0.043393 rttvar=0.021697 rto=1.000000 retransmitted=0 dupack=0
timestamp_ns=3946910011731 event=DATA_ACK state=ESTABLISHED seq=1946715251 ack=518471612 snd_una=1946715251 snd_nxt=1946715251 rcv_nxt=518471612 rwnd=65535 recv_used=6196 right_edge=1946780786 flight=0 sample_rtt=NA srtt=0.043393 rttvar=0.021697 rto=1.000000 retransmitted=0 dupack=0
timestamp_ns=3946910013855 event=RECEIVE state=ESTABLISHED seq=518480568 ack=1946715251 snd_una=1946715251 snd_nxt=1946715251 rcv_nxt=518471612 rwnd=65535 recv_used=6196 right_edge=1946780786 flight=0 sample_rtt=NA srtt=0.043393 rttvar=0.021697 rto=1.000000 retransmitted=0 dupack=0
timestamp_ns=3946910014837 event=DATA_ACK state=ESTABLISHED seq=1946715251 ack=518471612 snd_una=1946715251 snd_nxt=1946715251 rcv_nxt=518471612 rwnd=65535 recv_used=7576 right_edge=1946780786 flight=0 sample_rtt=NA srtt=0.043393 rttvar=0.021697 rto=1.000000 retransmitted=0 dupack=0
timestamp_ns=3946910016841 event=RECEIVE state=ESTABLISHED seq=518481948 ack=1946715251 snd_una=1946715251 snd_nxt=1946715251 rcv_nxt=518471612 rwnd=65535 recv_used=7576 right_edge=1946780786 flight=0 sample_rtt=NA srtt=0.043393 rttvar=0.021697 rto=1.000000 retransmitted=0 dupack=0
timestamp_ns=3946910017863 event=DATA_ACK state=ESTABLISHED seq=1946715251 ack=518471612 snd_una=1946715251 snd_nxt=1946715251 rcv_nxt=518471612 rwnd=65535 recv_used=8956 right_edge=1946780786 flight=0 sample_rtt=NA srtt=0.043393 rttvar=0.021697 rto=1.000000 retransmitted=0 dupack=0
timestamp_ns=3946910019927 event=RECEIVE state=ESTABLISHED seq=518483328 ack=1946715251 snd_una=1946715251 snd_nxt=1946715251 rcv_nxt=518471612 rwnd=65535 recv_used=8956 right_edge=1946780786 flight=0 sample_rtt=NA srtt=0.043393 rttvar=0.021697 rto=1.000000 retransmitted=0 dupack=0
timestamp_ns=3946910020889 event=DATA_ACK state=ESTABLISHED seq=1946715251 ack=518471612 snd_una=1946715251 snd_nxt=1946715251 rcv_nxt=518471612 rwnd=65535 recv_used=10336 right_edge=1946780786 flight=0 sample_rtt=NA srtt=0.043393 rttvar=0.021697 rto=1.000000 retransmitted=0 dupack=0
timestamp_ns=3946910023443 event=RECEIVE state=ESTABLISHED seq=518484708 ack=1946715251 snd_una=1946715251 snd_nxt=1946715251 rcv_nxt=518471612 rwnd=65535 recv_used=10336 right_edge=1946780786 flight=0 sample_rtt=NA srtt=0.043393 rttvar=0.021697 rto=1.000000 retransmitted=0 dupack=0
timestamp_ns=3946910024395 event=DATA_ACK state=ESTABLISHED seq=1946715251 ack=518471612 snd_una=1946715251 snd_nxt=1946715251 rcv_nxt=518471612 rwnd=65535 recv_used=11716 right_edge=1946780786 flight=0 sample_rtt=NA srtt=0.043393 rttvar=0.021697 rto=1.000000 retransmitted=0 dupack=0
timestamp_ns=3946910026479 event=RECEIVE state=ESTABLISHED seq=518486088 ack=1946715251 snd_una=1946715251 snd_nxt=1946715251 rcv_nxt=518471612 rwnd=65535 recv_used=11716 right_edge=1946780786 flight=0 sample_rtt=NA srtt=0.043393 rttvar=0.021697 rto=1.000000 retransmitted=0 dupack=0
timestamp_ns=3946910027671 event=DATA_ACK state=ESTABLISHED seq=1946715251 ack=518471612 snd_una=1946715251 snd_nxt=1946715251 rcv_nxt=518471612 rwnd=65535 recv_used=13096 right_edge=1946780786 flight=0 sample_rtt=NA srtt=0.043393 rttvar=0.021697 rto=1.000000 retransmitted=0 dupack=0
timestamp_ns=3946910031779 event=RECEIVE state=ESTABLISHED seq=518487468 ack=1946715251 snd_una=1946715251 snd_nxt=1946715251 rcv_nxt=518471612 rwnd=65535 recv_used=13096 right_edge=1946780786 flight=0 sample_rtt=NA srtt=0.043393 rttvar=0.021697 rto=1.000000 retransmitted=0 dupack=0
timestamp_ns=3946910032761 event=DATA_ACK state=ESTABLISHED seq=1946715251 ack=518471612 snd_una=1946715251 snd_nxt=1946715251 rcv_nxt=518471612 rwnd=65535 recv_used=14476 right_edge=1946780786 flight=0 sample_rtt=NA srtt=0.043393 rttvar=0.021697 rto=1.000000 retransmitted=0 dupack=0
timestamp_ns=3946910035767 event=RECEIVE state=ESTABLISHED seq=518488848 ack=1946715251 snd_una=1946715251 snd_nxt=1946715251 rcv_nxt=518471612 rwnd=65535 recv_used=14476 right_edge=1946780786 flight=0 sample_rtt=NA srtt=0.043393 rttvar=0.021697 rto=1.000000 retransmitted=0 dupack=0
timestamp_ns=3946910036699 event=DATA_ACK state=ESTABLISHED seq=1946715251 ack=518471612 snd_una=1946715251 snd_nxt=1946715251 rcv_nxt=518471612 rwnd=65535 recv_used=15856 right_edge=1946780786 flight=0 sample_rtt=NA srtt=0.043393 rttvar=0.021697 rto=1.000000 retransmitted=0 dupack=0
timestamp_ns=3946910039213 event=RECEIVE state=ESTABLISHED seq=518490228 ack=1946715251 snd_una=1946715251 snd_nxt=1946715251 rcv_nxt=518471612 rwnd=65535 recv_used=15856 right_edge=1946780786 flight=0 sample_rtt=NA srtt=0.043393 rttvar=0.021697 rto=1.000000 retransmitted=0 dupack=0
timestamp_ns=3946910040325 event=DATA_ACK state=ESTABLISHED seq=1946715251 ack=518471612 snd_una=1946715251 snd_nxt=1946715251 rcv_nxt=518471612 rwnd=65535 recv_used=17236 right_edge=1946780786 flight=0 sample_rtt=NA srtt=0.043393 rttvar=0.021697 rto=1.000000 retransmitted=0 dupack=0
timestamp_ns=3946910042880 event=RECEIVE state=ESTABLISHED seq=518491608 ack=1946715251 snd_una=1946715251 snd_nxt=1946715251 rcv_nxt=518471612 rwnd=65535 recv_used=17236 right_edge=1946780786 flight=0 sample_rtt=NA srtt=0.043393 rttvar=0.021697 rto=1.000000 retransmitted=0 dupack=0
timestamp_ns=3946910043792 event=DATA_ACK state=ESTABLISHED seq=1946715251 ack=518471612 snd_una=1946715251 snd_nxt=1946715251 rcv_nxt=518471612 rwnd=65535 recv_used=18616 right_edge=1946780786 flight=0 sample_rtt=NA srtt=0.043393 rttvar=0.021697 rto=1.000000 retransmitted=0 dupack=0
timestamp_ns=3946910045956 event=RECEIVE state=ESTABLISHED seq=518492988 ack=1946715251 snd_una=1946715251 snd_nxt=1946715251 rcv_nxt=518471612 rwnd=65535 recv_used=18616 right_edge=1946780786 flight=0 sample_rtt=NA srtt=0.043393 rttvar=0.021697 rto=1.000000 retransmitted=0 dupack=0
timestamp_ns=3946910046898 event=DATA_ACK state=ESTABLISHED seq=1946715251 ack=518471612 snd_una=1946715251 snd_nxt=1946715251 rcv_nxt=518471612 rwnd=65535 recv_used=19996 right_edge=1946780786 flight=0 sample_rtt=NA srtt=0.043393 rttvar=0.021697 rto=1.000000 retransmitted=0 dupack=0
timestamp_ns=3946910049032 event=RECEIVE state=ESTABLISHED seq=518494368 ack=1946715251 snd_una=1946715251 snd_nxt=1946715251 rcv_nxt=518471612 rwnd=65535 recv_used=19996 right_edge=1946780786 flight=0 sample_rtt=NA srtt=0.043393 rttvar=0.021697 rto=1.000000 retransmitted=0 dupack=0
timestamp_ns=3946910050064 event=DATA_ACK state=ESTABLISHED seq=1946715251 ack=518471612 snd_una=1946715251 snd_nxt=1946715251 rcv_nxt=518471612 rwnd=65535 recv_used=21376 right_edge=1946780786 flight=0 sample_rtt=NA srtt=0.043393 rttvar=0.021697 rto=1.000000 retransmitted=0 dupack=0
timestamp_ns=3946910052148 event=RECEIVE state=ESTABLISHED seq=518495748 ack=1946715251 snd_una=1946715251 snd_nxt=1946715251 rcv_nxt=518471612 rwnd=65535 recv_used=21376 right_edge=1946780786 flight=0 sample_rtt=NA srtt=0.043393 rttvar=0.021697 rto=1.000000 retransmitted=0 dupack=0
timestamp_ns=3946910053080 event=DATA_ACK state=ESTABLISHED seq=1946715251 ack=518471612 snd_una=1946715251 snd_nxt=1946715251 rcv_nxt=518471612 rwnd=65535 recv_used=22756 right_edge=1946780786 flight=0 sample_rtt=NA srtt=0.043393 rttvar=0.021697 rto=1.000000 retransmitted=0 dupack=0
timestamp_ns=3946910056887 event=RECEIVE state=ESTABLISHED seq=518497128 ack=1946715251 snd_una=1946715251 snd_nxt=1946715251 rcv_nxt=518471612 rwnd=65535 recv_used=22756 right_edge=1946780786 flight=0 sample_rtt=NA srtt=0.043393 rttvar=0.021697 rto=1.000000 retransmitted=0 dupack=0
timestamp_ns=3946910057889 event=DATA_ACK state=ESTABLISHED seq=1946715251 ack=518471612 snd_una=1946715251 snd_nxt=1946715251 rcv_nxt=518471612 rwnd=65535 recv_used=24136 right_edge=1946780786 flight=0 sample_rtt=NA srtt=0.043393 rttvar=0.021697 rto=1.000000 retransmitted=0 dupack=0
timestamp_ns=3946910060033 event=RECEIVE state=ESTABLISHED seq=518498508 ack=1946715251 snd_una=1946715251 snd_nxt=1946715251 rcv_nxt=518471612 rwnd=65535 recv_used=24136 right_edge=1946780786 flight=0 sample_rtt=NA srtt=0.043393 rttvar=0.021697 rto=1.000000 retransmitted=0 dupack=0
timestamp_ns=3946910061325 event=DATA_ACK state=ESTABLISHED seq=1946715251 ack=518471612 snd_una=1946715251 snd_nxt=1946715251 rcv_nxt=518471612 rwnd=65535 recv_used=25516 right_edge=1946780786 flight=0 sample_rtt=NA srtt=0.043393 rttvar=0.021697 rto=1.000000 retransmitted=0 dupack=0
timestamp_ns=3946910063529 event=RECEIVE state=ESTABLISHED seq=518499888 ack=1946715251 snd_una=1946715251 snd_nxt=1946715251 rcv_nxt=518471612 rwnd=65535 recv_used=25516 right_edge=1946780786 flight=0 sample_rtt=NA srtt=0.043393 rttvar=0.021697 rto=1.000000 retransmitted=0 dupack=0
timestamp_ns=3946910064511 event=DATA_ACK state=ESTABLISHED seq=1946715251 ack=518471612 snd_una=1946715251 snd_nxt=1946715251 rcv_nxt=518471612 rwnd=65535 recv_used=26896 right_edge=1946780786 flight=0 sample_rtt=NA srtt=0.043393 rttvar=0.021697 rto=1.000000 retransmitted=0 dupack=0
timestamp_ns=3946910066595 event=RECEIVE state=ESTABLISHED seq=518501268 ack=1946715251 snd_una=1946715251 snd_nxt=1946715251 rcv_nxt=518471612 rwnd=65535 recv_used=26896 right_edge=1946780786 flight=0 sample_rtt=NA srtt=0.043393 rttvar=0.021697 rto=1.000000 retransmitted=0 dupack=0
timestamp_ns=3946910067647 event=DATA_ACK state=ESTABLISHED seq=1946715251 ack=518471612 snd_una=1946715251 snd_nxt=1946715251 rcv_nxt=518471612 rwnd=65535 recv_used=28276 right_edge=1946780786 flight=0 sample_rtt=NA srtt=0.043393 rttvar=0.021697 rto=1.000000 retransmitted=0 dupack=0
timestamp_ns=3946910070292 event=RECEIVE state=ESTABLISHED seq=518502648 ack=1946715251 snd_una=1946715251 snd_nxt=1946715251 rcv_nxt=518471612 rwnd=65535 recv_used=28276 right_edge=1946780786 flight=0 sample_rtt=NA srtt=0.043393 rttvar=0.021697 rto=1.000000 retransmitted=0 dupack=0
timestamp_ns=3946910071595 event=DATA_ACK state=ESTABLISHED seq=1946715251 ack=518471612 snd_una=1946715251 snd_nxt=1946715251 rcv_nxt=518471612 rwnd=65535 recv_used=29656 right_edge=1946780786 flight=0 sample_rtt=NA srtt=0.043393 rttvar=0.021697 rto=1.000000 retransmitted=0 dupack=0
timestamp_ns=3946910073659 event=RECEIVE state=ESTABLISHED seq=518504028 ack=1946715251 snd_una=1946715251 snd_nxt=1946715251 rcv_nxt=518471612 rwnd=65535 recv_used=29656 right_edge=1946780786 flight=0 sample_rtt=NA srtt=0.043393 rttvar=0.021697 rto=1.000000 retransmitted=0 dupack=0
timestamp_ns=3946910074761 event=DATA_ACK state=ESTABLISHED seq=1946715251 ack=518471612 snd_una=1946715251 snd_nxt=1946715251 rcv_nxt=518471612 rwnd=65535 recv_used=31036 right_edge=1946780786 flight=0 sample_rtt=NA srtt=0.043393 rttvar=0.021697 rto=1.000000 retransmitted=0 dupack=0
timestamp_ns=3946910076865 event=RECEIVE state=ESTABLISHED seq=518505408 ack=1946715251 snd_una=1946715251 snd_nxt=1946715251 rcv_nxt=518471612 rwnd=65535 recv_used=31036 right_edge=1946780786 flight=0 sample_rtt=NA srtt=0.043393 rttvar=0.021697 rto=1.000000 retransmitted=0 dupack=0
timestamp_ns=3946910077917 event=DATA_ACK state=ESTABLISHED seq=1946715251 ack=518471612 snd_una=1946715251 snd_nxt=1946715251 rcv_nxt=518471612 rwnd=65535 recv_used=32416 right_edge=1946780786 flight=0 sample_rtt=NA srtt=0.043393 rttvar=0.021697 rto=1.000000 retransmitted=0 dupack=0
timestamp_ns=3946910081964 event=RECEIVE state=ESTABLISHED seq=518506788 ack=1946715251 snd_una=1946715251 snd_nxt=1946715251 rcv_nxt=518471612 rwnd=65535 recv_used=32416 right_edge=1946780786 flight=0 sample_rtt=NA srtt=0.043393 rttvar=0.021697 rto=1.000000 retransmitted=0 dupack=0
timestamp_ns=3946910083086 event=DATA_ACK state=ESTABLISHED seq=1946715251 ack=518471612 snd_una=1946715251 snd_nxt=1946715251 rcv_nxt=518471612 rwnd=65535 recv_used=33796 right_edge=1946780786 flight=0 sample_rtt=NA srtt=0.043393 rttvar=0.021697 rto=1.000000 retransmitted=0 dupack=0
timestamp_ns=3946910085080 event=RECEIVE state=ESTABLISHED seq=518508168 ack=1946715251 snd_una=1946715251 snd_nxt=1946715251 rcv_nxt=518471612 rwnd=65535 recv_used=33796 right_edge=1946780786 flight=0 sample_rtt=NA srtt=0.043393 rttvar=0.021697 rto=1.000000 retransmitted=0 dupack=0
timestamp_ns=3946910086182 event=DATA_ACK state=ESTABLISHED seq=1946715251 ack=518471612 snd_una=1946715251 snd_nxt=1946715251 rcv_nxt=518471612 rwnd=65535 recv_used=35176 right_edge=1946780786 flight=0 sample_rtt=NA srtt=0.043393 rttvar=0.021697 rto=1.000000 retransmitted=0 dupack=0
timestamp_ns=3946910088306 event=RECEIVE state=ESTABLISHED seq=518509548 ack=1946715251 snd_una=1946715251 snd_nxt=1946715251 rcv_nxt=518471612 rwnd=65535 recv_used=35176 right_edge=1946780786 flight=0 sample_rtt=NA srtt=0.043393 rttvar=0.021697 rto=1.000000 retransmitted=0 dupack=0
timestamp_ns=3946910089519 event=DATA_ACK state=ESTABLISHED seq=1946715251 ack=518471612 snd_una=1946715251 snd_nxt=1946715251 rcv_nxt=518471612 rwnd=65535 recv_used=36556 right_edge=1946780786 flight=0 sample_rtt=NA srtt=0.043393 rttvar=0.021697 rto=1.000000 retransmitted=0 dupack=0
timestamp_ns=3946910092274 event=RECEIVE state=ESTABLISHED seq=518510928 ack=1946715251 snd_una=1946715251 snd_nxt=1946715251 rcv_nxt=518471612 rwnd=65535 recv_used=36556 right_edge=1946780786 flight=0 sample_rtt=NA srtt=0.043393 rttvar=0.021697 rto=1.000000 retransmitted=0 dupack=0
timestamp_ns=3946910093646 event=DATA_ACK state=ESTABLISHED seq=1946715251 ack=518471612 snd_una=1946715251 snd_nxt=1946715251 rcv_nxt=518471612 rwnd=65535 recv_used=37936 right_edge=1946780786 flight=0 sample_rtt=NA srtt=0.043393 rttvar=0.021697 rto=1.000000 retransmitted=0 dupack=0
timestamp_ns=3946910096742 event=RECEIVE state=ESTABLISHED seq=518512308 ack=1946715251 snd_una=1946715251 snd_nxt=1946715251 rcv_nxt=518471612 rwnd=65535 recv_used=37936 right_edge=1946780786 flight=0 sample_rtt=NA srtt=0.043393 rttvar=0.021697 rto=1.000000 retransmitted=0 dupack=0
timestamp_ns=3946910097915 event=DATA_ACK state=ESTABLISHED seq=1946715251 ack=518471612 snd_una=1946715251 snd_nxt=1946715251 rcv_nxt=518471612 rwnd=65535 recv_used=39316 right_edge=1946780786 flight=0 sample_rtt=NA srtt=0.043393 rttvar=0.021697 rto=1.000000 retransmitted=0 dupack=0
timestamp_ns=3946910100479 event=RECEIVE state=ESTABLISHED seq=518513688 ack=1946715251 snd_una=1946715251 snd_nxt=1946715251 rcv_nxt=518471612 rwnd=65535 recv_used=39316 right_edge=1946780786 flight=0 sample_rtt=NA srtt=0.043393 rttvar=0.021697 rto=1.000000 retransmitted=0 dupack=0
timestamp_ns=3946910101662 event=DATA_ACK state=ESTABLISHED seq=1946715251 ack=518471612 snd_una=1946715251 snd_nxt=1946715251 rcv_nxt=518471612 rwnd=65535 recv_used=40696 right_edge=1946780786 flight=0 sample_rtt=NA srtt=0.043393 rttvar=0.021697 rto=1.000000 retransmitted=0 dupack=0
timestamp_ns=3946910104377 event=RECEIVE state=ESTABLISHED seq=518515068 ack=1946715251 snd_una=1946715251 snd_nxt=1946715251 rcv_nxt=518471612 rwnd=65535 recv_used=40696 right_edge=1946780786 flight=0 sample_rtt=NA srtt=0.043393 rttvar=0.021697 rto=1.000000 retransmitted=0 dupack=0
timestamp_ns=3946910105679 event=DATA_ACK state=ESTABLISHED seq=1946715251 ack=518471612 snd_una=1946715251 snd_nxt=1946715251 rcv_nxt=518471612 rwnd=65535 recv_used=42076 right_edge=1946780786 flight=0 sample_rtt=NA srtt=0.043393 rttvar=0.021697 rto=1.000000 retransmitted=0 dupack=0
timestamp_ns=3946910107753 event=RECEIVE state=ESTABLISHED seq=518516448 ack=1946715251 snd_una=1946715251 snd_nxt=1946715251 rcv_nxt=518471612 rwnd=65535 recv_used=42076 right_edge=1946780786 flight=0 sample_rtt=NA srtt=0.043393 rttvar=0.021697 rto=1.000000 retransmitted=0 dupack=0
timestamp_ns=3946910110508 event=DATA_ACK state=ESTABLISHED seq=1946715251 ack=518471612 snd_una=1946715251 snd_nxt=1946715251 rcv_nxt=518471612 rwnd=65535 recv_used=43456 right_edge=1946780786 flight=0 sample_rtt=NA srtt=0.043393 rttvar=0.021697 rto=1.000000 retransmitted=0 dupack=0
timestamp_ns=3946910112703 event=RECEIVE state=ESTABLISHED seq=518517828 ack=1946715251 snd_una=1946715251 snd_nxt=1946715251 rcv_nxt=518471612 rwnd=65535 recv_used=43456 right_edge=1946780786 flight=0 sample_rtt=NA srtt=0.043393 rttvar=0.021697 rto=1.000000 retransmitted=0 dupack=0
timestamp_ns=3946910113935 event=DATA_ACK state=ESTABLISHED seq=1946715251 ack=518471612 snd_una=1946715251 snd_nxt=1946715251 rcv_nxt=518471612 rwnd=65535 recv_used=44836 right_edge=1946780786 flight=0 sample_rtt=NA srtt=0.043393 rttvar=0.021697 rto=1.000000 retransmitted=0 dupack=0
timestamp_ns=3946910116610 event=RECEIVE state=ESTABLISHED seq=518519208 ack=1946715251 snd_una=1946715251 snd_nxt=1946715251 rcv_nxt=518471612 rwnd=65535 recv_used=44836 right_edge=1946780786 flight=0 sample_rtt=NA srtt=0.043393 rttvar=0.021697 rto=1.000000 retransmitted=0 dupack=0
timestamp_ns=3946910118403 event=DATA_ACK state=ESTABLISHED seq=1946715251 ack=518471612 snd_una=1946715251 snd_nxt=1946715251 rcv_nxt=518471612 rwnd=65535 recv_used=46216 right_edge=1946780786 flight=0 sample_rtt=NA srtt=0.043393 rttvar=0.021697 rto=1.000000 retransmitted=0 dupack=0
timestamp_ns=3946910120417 event=RECEIVE state=ESTABLISHED seq=518520588 ack=1946715251 snd_una=1946715251 snd_nxt=1946715251 rcv_nxt=518471612 rwnd=65535 recv_used=46216 right_edge=1946780786 flight=0 sample_rtt=NA srtt=0.043393 rttvar=0.021697 rto=1.000000 retransmitted=0 dupack=0
timestamp_ns=3946910121730 event=DATA_ACK state=ESTABLISHED seq=1946715251 ack=518471612 snd_una=1946715251 snd_nxt=1946715251 rcv_nxt=518471612 rwnd=65535 recv_used=47596 right_edge=1946780786 flight=0 sample_rtt=NA srtt=0.043393 rttvar=0.021697 rto=1.000000 retransmitted=0 dupack=0
timestamp_ns=3946910123894 event=RECEIVE state=ESTABLISHED seq=518521968 ack=1946715251 snd_una=1946715251 snd_nxt=1946715251 rcv_nxt=518471612 rwnd=65535 recv_used=47596 right_edge=1946780786 flight=0 sample_rtt=NA srtt=0.043393 rttvar=0.021697 rto=1.000000 retransmitted=0 dupack=0
timestamp_ns=3946910125276 event=DATA_ACK state=ESTABLISHED seq=1946715251 ack=518471612 snd_una=1946715251 snd_nxt=1946715251 rcv_nxt=518471612 rwnd=65535 recv_used=48976 right_edge=1946780786 flight=0 sample_rtt=NA srtt=0.043393 rttvar=0.021697 rto=1.000000 retransmitted=0 dupack=0
timestamp_ns=3946910127711 event=RECEIVE state=ESTABLISHED seq=518523348 ack=1946715251 snd_una=1946715251 snd_nxt=1946715251 rcv_nxt=518471612 rwnd=65535 recv_used=48976 right_edge=1946780786 flight=0 sample_rtt=NA srtt=0.043393 rttvar=0.021697 rto=1.000000 retransmitted=0 dupack=0
timestamp_ns=3946910131368 event=DATA_ACK state=ESTABLISHED seq=1946715251 ack=518471612 snd_una=1946715251 snd_nxt=1946715251 rcv_nxt=518471612 rwnd=65535 recv_used=50356 right_edge=1946780786 flight=0 sample_rtt=NA srtt=0.043393 rttvar=0.021697 rto=1.000000 retransmitted=0 dupack=0
timestamp_ns=3946910133602 event=RECEIVE state=ESTABLISHED seq=518524728 ack=1946715251 snd_una=1946715251 snd_nxt=1946715251 rcv_nxt=518471612 rwnd=65535 recv_used=50356 right_edge=1946780786 flight=0 sample_rtt=NA srtt=0.043393 rttvar=0.021697 rto=1.000000 retransmitted=0 dupack=0
timestamp_ns=3946910134925 event=DATA_ACK state=ESTABLISHED seq=1946715251 ack=518471612 snd_una=1946715251 snd_nxt=1946715251 rcv_nxt=518471612 rwnd=65535 recv_used=51736 right_edge=1946780786 flight=0 sample_rtt=NA srtt=0.043393 rttvar=0.021697 rto=1.000000 retransmitted=0 dupack=0
timestamp_ns=3946910137369 event=RECEIVE state=ESTABLISHED seq=518526108 ack=1946715251 snd_una=1946715251 snd_nxt=1946715251 rcv_nxt=518471612 rwnd=65535 recv_used=51736 right_edge=1946780786 flight=0 sample_rtt=NA srtt=0.043393 rttvar=0.021697 rto=1.000000 retransmitted=0 dupack=0
timestamp_ns=3946910140565 event=DATA_ACK state=ESTABLISHED seq=1946715251 ack=518471612 snd_una=1946715251 snd_nxt=1946715251 rcv_nxt=518471612 rwnd=65535 recv_used=53116 right_edge=1946780786 flight=0 sample_rtt=NA srtt=0.043393 rttvar=0.021697 rto=1.000000 retransmitted=0 dupack=0
timestamp_ns=3946910142860 event=RECEIVE state=ESTABLISHED seq=518527488 ack=1946715251 snd_una=1946715251 snd_nxt=1946715251 rcv_nxt=518471612 rwnd=65535 recv_used=53116 right_edge=1946780786 flight=0 sample_rtt=NA srtt=0.043393 rttvar=0.021697 rto=1.000000 retransmitted=0 dupack=0
timestamp_ns=3946910148110 event=DATA_ACK state=ESTABLISHED seq=1946715251 ack=518471612 snd_una=1946715251 snd_nxt=1946715251 rcv_nxt=518471612 rwnd=65535 recv_used=54496 right_edge=1946780786 flight=0 sample_rtt=NA srtt=0.043393 rttvar=0.021697 rto=1.000000 retransmitted=0 dupack=0
timestamp_ns=3946953560595 event=RECEIVE state=ESTABLISHED seq=518528868 ack=1946715251 snd_una=1946715251 snd_nxt=1946715251 rcv_nxt=518471612 rwnd=65535 recv_used=54496 right_edge=1946780786 flight=0 sample_rtt=NA srtt=0.043393 rttvar=0.021697 rto=1.000000 retransmitted=0 dupack=0
timestamp_ns=3946953571876 event=DATA_ACK state=ESTABLISHED seq=1946715251 ack=518471612 snd_una=1946715251 snd_nxt=1946715251 rcv_nxt=518471612 rwnd=65535 recv_used=55876 right_edge=1946780786 flight=0 sample_rtt=NA srtt=0.043393 rttvar=0.021697 rto=1.000000 retransmitted=0 dupack=0
timestamp_ns=3946953585452 event=RECEIVE state=ESTABLISHED seq=518530248 ack=1946715251 snd_una=1946715251 snd_nxt=1946715251 rcv_nxt=518471612 rwnd=65535 recv_used=55876 right_edge=1946780786 flight=0 sample_rtt=NA srtt=0.043393 rttvar=0.021697 rto=1.000000 retransmitted=0 dupack=0
timestamp_ns=3946953588357 event=DATA_ACK state=ESTABLISHED seq=1946715251 ack=518471612 snd_una=1946715251 snd_nxt=1946715251 rcv_nxt=518471612 rwnd=65535 recv_used=57256 right_edge=1946780786 flight=0 sample_rtt=NA srtt=0.043393 rttvar=0.021697 rto=1.000000 retransmitted=0 dupack=0
timestamp_ns=3946953592155 event=RECEIVE state=ESTABLISHED seq=518531628 ack=1946715251 snd_una=1946715251 snd_nxt=1946715251 rcv_nxt=518471612 rwnd=65535 recv_used=57256 right_edge=1946780786 flight=0 sample_rtt=NA srtt=0.043393 rttvar=0.021697 rto=1.000000 retransmitted=0 dupack=0
timestamp_ns=3946953603346 event=DATA_ACK state=ESTABLISHED seq=1946715251 ack=518471612 snd_una=1946715251 snd_nxt=1946715251 rcv_nxt=518471612 rwnd=65535 recv_used=58636 right_edge=1946780786 flight=0 sample_rtt=NA srtt=0.043393 rttvar=0.021697 rto=1.000000 retransmitted=0 dupack=0
timestamp_ns=3946953606352 event=RECEIVE state=ESTABLISHED seq=518533008 ack=1946715251 snd_una=1946715251 snd_nxt=1946715251 rcv_nxt=518471612 rwnd=65535 recv_used=58636 right_edge=1946780786 flight=0 sample_rtt=NA srtt=0.043393 rttvar=0.021697 rto=1.000000 retransmitted=0 dupack=0
timestamp_ns=3946953608395 event=DATA_ACK state=ESTABLISHED seq=1946715251 ack=518471612 snd_una=1946715251 snd_nxt=1946715251 rcv_nxt=518471612 rwnd=65535 recv_used=60016 right_edge=1946780786 flight=0 sample_rtt=NA srtt=0.043393 rttvar=0.021697 rto=1.000000 retransmitted=0 dupack=0
timestamp_ns=3946953611792 event=RECEIVE state=ESTABLISHED seq=518534388 ack=1946715251 snd_una=1946715251 snd_nxt=1946715251 rcv_nxt=518471612 rwnd=65535 recv_used=60016 right_edge=1946780786 flight=0 sample_rtt=NA srtt=0.043393 rttvar=0.021697 rto=1.000000 retransmitted=0 dupack=0
timestamp_ns=3946953613866 event=DATA_ACK state=ESTABLISHED seq=1946715251 ack=518471612 snd_una=1946715251 snd_nxt=1946715251 rcv_nxt=518471612 rwnd=65535 recv_used=61396 right_edge=1946780786 flight=0 sample_rtt=NA srtt=0.043393 rttvar=0.021697 rto=1.000000 retransmitted=0 dupack=0
timestamp_ns=3946953617503 event=RECEIVE state=ESTABLISHED seq=518471612 ack=1946715251 snd_una=1946715251 snd_nxt=1946715251 rcv_nxt=518471612 rwnd=65535 recv_used=61396 right_edge=1946780786 flight=0 sample_rtt=NA srtt=0.043393 rttvar=0.021697 rto=1.000000 retransmitted=0 dupack=0
timestamp_ns=3946953628083 event=DATA_ACK state=ESTABLISHED seq=1946715251 ack=518475752 snd_una=1946715251 snd_nxt=1946715251 rcv_nxt=518475752 rwnd=65535 recv_used=62776 right_edge=1946780786 flight=0 sample_rtt=NA srtt=0.043393 rttvar=0.021697 rto=1.000000 retransmitted=0 dupack=0
timestamp_ns=3946996157775 event=RECEIVE state=ESTABLISHED seq=518535768 ack=1946715251 snd_una=1946715251 snd_nxt=1946715251 rcv_nxt=518475752 rwnd=65535 recv_used=58636 right_edge=1946780786 flight=0 sample_rtt=NA srtt=0.043393 rttvar=0.021697 rto=1.000000 retransmitted=0 dupack=0
timestamp_ns=3946996167553 event=DATA_ACK state=ESTABLISHED seq=1946715251 ack=518475752 snd_una=1946715251 snd_nxt=1946715251 rcv_nxt=518475752 rwnd=65535 recv_used=60016 right_edge=1946780786 flight=0 sample_rtt=NA srtt=0.043393 rttvar=0.021697 rto=1.000000 retransmitted=0 dupack=0
timestamp_ns=3946996180247 event=RECEIVE state=ESTABLISHED seq=518537148 ack=1946715251 snd_una=1946715251 snd_nxt=1946715251 rcv_nxt=518475752 rwnd=65535 recv_used=60016 right_edge=1946780786 flight=0 sample_rtt=NA srtt=0.043393 rttvar=0.021697 rto=1.000000 retransmitted=0 dupack=0
timestamp_ns=3946996182592 event=DATA_ACK state=ESTABLISHED seq=1946715251 ack=518475752 snd_una=1946715251 snd_nxt=1946715251 rcv_nxt=518475752 rwnd=65535 recv_used=61396 right_edge=1946780786 flight=0 sample_rtt=NA srtt=0.043393 rttvar=0.021697 rto=1.000000 retransmitted=0 dupack=0
timestamp_ns=3946996185407 event=RECEIVE state=ESTABLISHED seq=518538528 ack=1946715251 snd_una=1946715251 snd_nxt=1946715251 rcv_nxt=518475752 rwnd=65535 recv_used=61396 right_edge=1946780786 flight=0 sample_rtt=NA srtt=0.043393 rttvar=0.021697 rto=1.000000 retransmitted=0 dupack=0
timestamp_ns=3946996195416 event=DATA_ACK state=ESTABLISHED seq=1946715251 ack=518475752 snd_una=1946715251 snd_nxt=1946715251 rcv_nxt=518475752 rwnd=65535 recv_used=62776 right_edge=1946780786 flight=0 sample_rtt=NA srtt=0.043393 rttvar=0.021697 rto=1.000000 retransmitted=0 dupack=0
timestamp_ns=3947038473281 event=RECEIVE state=ESTABLISHED seq=518475752 ack=1946715251 snd_una=1946715251 snd_nxt=1946715251 rcv_nxt=518475752 rwnd=65535 recv_used=62776 right_edge=1946780786 flight=0 sample_rtt=NA srtt=0.043393 rttvar=0.021697 rto=1.000000 retransmitted=0 dupack=0
timestamp_ns=3947038536210 event=DATA_ACK state=ESTABLISHED seq=1946715251 ack=518539908 snd_una=1946715251 snd_nxt=1946715251 rcv_nxt=518539908 rwnd=65535 recv_used=64156 right_edge=1946780786 flight=0 sample_rtt=NA srtt=0.043393 rttvar=0.021697 rto=1.000000 retransmitted=0 dupack=0
timestamp_ns=3947081085419 event=RECEIVE state=ESTABLISHED seq=518539908 ack=1946715251 snd_una=1946715251 snd_nxt=1946715251 rcv_nxt=518539908 rwnd=65535 recv_used=0 right_edge=1946780786 flight=0 sample_rtt=NA srtt=0.043393 rttvar=0.021697 rto=1.000000 retransmitted=0 dupack=0
timestamp_ns=3947081101811 event=DATA_ACK state=ESTABLISHED seq=1946715251 ack=518541288 snd_una=1946715251 snd_nxt=1946715251 rcv_nxt=518541288 rwnd=65535 recv_used=1380 right_edge=1946780786 flight=0 sample_rtt=NA srtt=0.043393 rttvar=0.021697 rto=1.000000 retransmitted=0 dupack=0
timestamp_ns=3947081131447 event=RECEIVE state=ESTABLISHED seq=518541288 ack=1946715251 snd_una=1946715251 snd_nxt=1946715251 rcv_nxt=518541288 rwnd=65535 recv_used=0 right_edge=1946780786 flight=0 sample_rtt=NA srtt=0.043393 rttvar=0.021697 rto=1.000000 retransmitted=0 dupack=0
timestamp_ns=3947081134272 event=DATA_ACK state=ESTABLISHED seq=1946715251 ack=518542668 snd_una=1946715251 snd_nxt=1946715251 rcv_nxt=518542668 rwnd=65535 recv_used=1380 right_edge=1946780786 flight=0 sample_rtt=NA srtt=0.043393 rttvar=0.021697 rto=1.000000 retransmitted=0 dupack=0
timestamp_ns=3947081139602 event=RECEIVE state=ESTABLISHED seq=518542668 ack=1946715251 snd_una=1946715251 snd_nxt=1946715251 rcv_nxt=518542668 rwnd=65535 recv_used=0 right_edge=1946780786 flight=0 sample_rtt=NA srtt=0.043393 rttvar=0.021697 rto=1.000000 retransmitted=0 dupack=0
timestamp_ns=3947081147016 event=DATA_ACK state=ESTABLISHED seq=1946715251 ack=518543344 snd_una=1946715251 snd_nxt=1946715251 rcv_nxt=518543344 rwnd=65535 recv_used=676 right_edge=1946780786 flight=0 sample_rtt=NA srtt=0.043393 rttvar=0.021697 rto=1.000000 retransmitted=0 dupack=0
timestamp_ns=3947081160472 event=RECEIVE state=ESTABLISHED seq=518543344 ack=1946715251 snd_una=1946715251 snd_nxt=1946715251 rcv_nxt=518543344 rwnd=65535 recv_used=0 right_edge=1946780786 flight=0 sample_rtt=NA srtt=0.043393 rttvar=0.021697 rto=1.000000 retransmitted=0 dupack=0
timestamp_ns=3947081162716 event=DATA_ACK state=ESTABLISHED seq=1946715251 ack=518544724 snd_una=1946715251 snd_nxt=1946715251 rcv_nxt=518544724 rwnd=65535 recv_used=1380 right_edge=1946780786 flight=0 sample_rtt=NA srtt=0.043393 rttvar=0.021697 rto=1.000000 retransmitted=0 dupack=0
timestamp_ns=3947081170340 event=RECEIVE state=ESTABLISHED seq=518544724 ack=1946715251 snd_una=1946715251 snd_nxt=1946715251 rcv_nxt=518544724 rwnd=65535 recv_used=0 right_edge=1946780786 flight=0 sample_rtt=NA srtt=0.043393 rttvar=0.021697 rto=1.000000 retransmitted=0 dupack=0
timestamp_ns=3947081194857 event=DATA_ACK state=ESTABLISHED seq=1946715251 ack=518546104 snd_una=1946715251 snd_nxt=1946715251 rcv_nxt=518546104 rwnd=65535 recv_used=1380 right_edge=1946780786 flight=0 sample_rtt=NA srtt=0.043393 rttvar=0.021697 rto=1.000000 retransmitted=0 dupack=0
timestamp_ns=3947081211068 event=RECEIVE state=ESTABLISHED seq=518546104 ack=1946715251 snd_una=1946715251 snd_nxt=1946715251 rcv_nxt=518546104 rwnd=65535 recv_used=0 right_edge=1946780786 flight=0 sample_rtt=NA srtt=0.043393 rttvar=0.021697 rto=1.000000 retransmitted=0 dupack=0
timestamp_ns=3947081216077 event=DATA_ACK state=ESTABLISHED seq=1946715251 ack=518547484 snd_una=1946715251 snd_nxt=1946715251 rcv_nxt=518547484 rwnd=65535 recv_used=1380 right_edge=1946780786 flight=0 sample_rtt=NA srtt=0.043393 rttvar=0.021697 rto=1.000000 retransmitted=0 dupack=0
timestamp_ns=3947081224854 event=RECEIVE state=ESTABLISHED seq=518547484 ack=1946715251 snd_una=1946715251 snd_nxt=1946715251 rcv_nxt=518547484 rwnd=65535 recv_used=0 right_edge=1946780786 flight=0 sample_rtt=NA srtt=0.043393 rttvar=0.021697 rto=1.000000 retransmitted=0 dupack=0
timestamp_ns=3947081227058 event=DATA_ACK state=ESTABLISHED seq=1946715251 ack=518548864 snd_una=1946715251 snd_nxt=1946715251 rcv_nxt=518548864 rwnd=65535 recv_used=1380 right_edge=1946780786 flight=0 sample_rtt=NA srtt=0.043393 rttvar=0.021697 rto=1.000000 retransmitted=0 dupack=0
timestamp_ns=3947081231677 event=RECEIVE state=ESTABLISHED seq=518550244 ack=1946715251 snd_una=1946715251 snd_nxt=1946715251 rcv_nxt=518548864 rwnd=65535 recv_used=0 right_edge=1946780786 flight=0 sample_rtt=NA srtt=0.043393 rttvar=0.021697 rto=1.000000 retransmitted=0 dupack=0
timestamp_ns=3947081232538 event=DATA_ACK state=ESTABLISHED seq=1946715251 ack=518548864 snd_una=1946715251 snd_nxt=1946715251 rcv_nxt=518548864 rwnd=65535 recv_used=1380 right_edge=1946780786 flight=0 sample_rtt=NA srtt=0.043393 rttvar=0.021697 rto=1.000000 retransmitted=0 dupack=0
timestamp_ns=3947081235203 event=RECEIVE state=ESTABLISHED seq=518551624 ack=1946715251 snd_una=1946715251 snd_nxt=1946715251 rcv_nxt=518548864 rwnd=65535 recv_used=1380 right_edge=1946780786 flight=0 sample_rtt=NA srtt=0.043393 rttvar=0.021697 rto=1.000000 retransmitted=0 dupack=0
timestamp_ns=3947081236416 event=DATA_ACK state=ESTABLISHED seq=1946715251 ack=518548864 snd_una=1946715251 snd_nxt=1946715251 rcv_nxt=518548864 rwnd=65535 recv_used=2760 right_edge=1946780786 flight=0 sample_rtt=NA srtt=0.043393 rttvar=0.021697 rto=1.000000 retransmitted=0 dupack=0
timestamp_ns=3947081238429 event=RECEIVE state=ESTABLISHED seq=518553004 ack=1946715251 snd_una=1946715251 snd_nxt=1946715251 rcv_nxt=518548864 rwnd=65535 recv_used=2760 right_edge=1946780786 flight=0 sample_rtt=NA srtt=0.043393 rttvar=0.021697 rto=1.000000 retransmitted=0 dupack=0
timestamp_ns=3947081239431 event=DATA_ACK state=ESTABLISHED seq=1946715251 ack=518548864 snd_una=1946715251 snd_nxt=1946715251 rcv_nxt=518548864 rwnd=65535 recv_used=4140 right_edge=1946780786 flight=0 sample_rtt=NA srtt=0.043393 rttvar=0.021697 rto=1.000000 retransmitted=0 dupack=0
timestamp_ns=3947081241465 event=RECEIVE state=ESTABLISHED seq=518554384 ack=1946715251 snd_una=1946715251 snd_nxt=1946715251 rcv_nxt=518548864 rwnd=65535 recv_used=4140 right_edge=1946780786 flight=0 sample_rtt=NA srtt=0.043393 rttvar=0.021697 rto=1.000000 retransmitted=0 dupack=0
timestamp_ns=3947081244371 event=DATA_ACK state=ESTABLISHED seq=1946715251 ack=518548864 snd_una=1946715251 snd_nxt=1946715251 rcv_nxt=518548864 rwnd=65535 recv_used=5520 right_edge=1946780786 flight=0 sample_rtt=NA srtt=0.043393 rttvar=0.021697 rto=1.000000 retransmitted=0 dupack=0
timestamp_ns=3947081246775 event=RECEIVE state=ESTABLISHED seq=518555764 ack=1946715251 snd_una=1946715251 snd_nxt=1946715251 rcv_nxt=518548864 rwnd=65535 recv_used=5520 right_edge=1946780786 flight=0 sample_rtt=NA srtt=0.043393 rttvar=0.021697 rto=1.000000 retransmitted=0 dupack=0
timestamp_ns=3947081247767 event=DATA_ACK state=ESTABLISHED seq=1946715251 ack=518548864 snd_una=1946715251 snd_nxt=1946715251 rcv_nxt=518548864 rwnd=65535 recv_used=6900 right_edge=1946780786 flight=0 sample_rtt=NA srtt=0.043393 rttvar=0.021697 rto=1.000000 retransmitted=0 dupack=0
timestamp_ns=3947081250562 event=RECEIVE state=ESTABLISHED seq=518557144 ack=1946715251 snd_una=1946715251 snd_nxt=1946715251 rcv_nxt=518548864 rwnd=65535 recv_used=6900 right_edge=1946780786 flight=0 sample_rtt=NA srtt=0.043393 rttvar=0.021697 rto=1.000000 retransmitted=0 dupack=0
timestamp_ns=3947081251514 event=DATA_ACK state=ESTABLISHED seq=1946715251 ack=518548864 snd_una=1946715251 snd_nxt=1946715251 rcv_nxt=518548864 rwnd=65535 recv_used=8280 right_edge=1946780786 flight=0 sample_rtt=NA srtt=0.043393 rttvar=0.021697 rto=1.000000 retransmitted=0 dupack=0
timestamp_ns=3947081253869 event=RECEIVE state=ESTABLISHED seq=518558524 ack=1946715251 snd_una=1946715251 snd_nxt=1946715251 rcv_nxt=518548864 rwnd=65535 recv_used=8280 right_edge=1946780786 flight=0 sample_rtt=NA srtt=0.043393 rttvar=0.021697 rto=1.000000 retransmitted=0 dupack=0
timestamp_ns=3947081255181 event=DATA_ACK state=ESTABLISHED seq=1946715251 ack=518548864 snd_una=1946715251 snd_nxt=1946715251 rcv_nxt=518548864 rwnd=65535 recv_used=9660 right_edge=1946780786 flight=0 sample_rtt=NA srtt=0.043393 rttvar=0.021697 rto=1.000000 retransmitted=0 dupack=0
timestamp_ns=3947081257706 event=RECEIVE state=ESTABLISHED seq=518559904 ack=1946715251 snd_una=1946715251 snd_nxt=1946715251 rcv_nxt=518548864 rwnd=65535 recv_used=9660 right_edge=1946780786 flight=0 sample_rtt=NA srtt=0.043393 rttvar=0.021697 rto=1.000000 retransmitted=0 dupack=0
timestamp_ns=3947081258648 event=DATA_ACK state=ESTABLISHED seq=1946715251 ack=518548864 snd_una=1946715251 snd_nxt=1946715251 rcv_nxt=518548864 rwnd=65535 recv_used=11040 right_edge=1946780786 flight=0 sample_rtt=NA srtt=0.043393 rttvar=0.021697 rto=1.000000 retransmitted=0 dupack=0
timestamp_ns=3947081260632 event=RECEIVE state=ESTABLISHED seq=518561284 ack=1946715251 snd_una=1946715251 snd_nxt=1946715251 rcv_nxt=518548864 rwnd=65535 recv_used=11040 right_edge=1946780786 flight=0 sample_rtt=NA srtt=0.043393 rttvar=0.021697 rto=1.000000 retransmitted=0 dupack=0
timestamp_ns=3947081261563 event=DATA_ACK state=ESTABLISHED seq=1946715251 ack=518548864 snd_una=1946715251 snd_nxt=1946715251 rcv_nxt=518548864 rwnd=65535 recv_used=12420 right_edge=1946780786 flight=0 sample_rtt=NA srtt=0.043393 rttvar=0.021697 rto=1.000000 retransmitted=0 dupack=0
timestamp_ns=3947081264098 event=RECEIVE state=ESTABLISHED seq=518562664 ack=1946715251 snd_una=1946715251 snd_nxt=1946715251 rcv_nxt=518548864 rwnd=65535 recv_used=12420 right_edge=1946780786 flight=0 sample_rtt=NA srtt=0.043393 rttvar=0.021697 rto=1.000000 retransmitted=0 dupack=0
timestamp_ns=3947081265300 event=DATA_ACK state=ESTABLISHED seq=1946715251 ack=518548864 snd_una=1946715251 snd_nxt=1946715251 rcv_nxt=518548864 rwnd=65535 recv_used=13800 right_edge=1946780786 flight=0 sample_rtt=NA srtt=0.043393 rttvar=0.021697 rto=1.000000 retransmitted=0 dupack=0
timestamp_ns=3947081267775 event=RECEIVE state=ESTABLISHED seq=518564044 ack=1946715251 snd_una=1946715251 snd_nxt=1946715251 rcv_nxt=518548864 rwnd=65535 recv_used=13800 right_edge=1946780786 flight=0 sample_rtt=NA srtt=0.043393 rttvar=0.021697 rto=1.000000 retransmitted=0 dupack=0
timestamp_ns=3947081270510 event=DATA_ACK state=ESTABLISHED seq=1946715251 ack=518548864 snd_una=1946715251 snd_nxt=1946715251 rcv_nxt=518548864 rwnd=65535 recv_used=15180 right_edge=1946780786 flight=0 sample_rtt=NA srtt=0.043393 rttvar=0.021697 rto=1.000000 retransmitted=0 dupack=0
timestamp_ns=3947081272584 event=RECEIVE state=ESTABLISHED seq=518565424 ack=1946715251 snd_una=1946715251 snd_nxt=1946715251 rcv_nxt=518548864 rwnd=65535 recv_used=15180 right_edge=1946780786 flight=0 sample_rtt=NA srtt=0.043393 rttvar=0.021697 rto=1.000000 retransmitted=0 dupack=0
timestamp_ns=3947081273516 event=DATA_ACK state=ESTABLISHED seq=1946715251 ack=518548864 snd_una=1946715251 snd_nxt=1946715251 rcv_nxt=518548864 rwnd=65535 recv_used=16560 right_edge=1946780786 flight=0 sample_rtt=NA srtt=0.043393 rttvar=0.021697 rto=1.000000 retransmitted=0 dupack=0
timestamp_ns=3947081275570 event=RECEIVE state=ESTABLISHED seq=518566804 ack=1946715251 snd_una=1946715251 snd_nxt=1946715251 rcv_nxt=518548864 rwnd=65535 recv_used=16560 right_edge=1946780786 flight=0 sample_rtt=NA srtt=0.043393 rttvar=0.021697 rto=1.000000 retransmitted=0 dupack=0
timestamp_ns=3947081276692 event=DATA_ACK state=ESTABLISHED seq=1946715251 ack=518548864 snd_una=1946715251 snd_nxt=1946715251 rcv_nxt=518548864 rwnd=65535 recv_used=17940 right_edge=1946780786 flight=0 sample_rtt=NA srtt=0.043393 rttvar=0.021697 rto=1.000000 retransmitted=0 dupack=0
timestamp_ns=3947081278766 event=RECEIVE state=ESTABLISHED seq=518568184 ack=1946715251 snd_una=1946715251 snd_nxt=1946715251 rcv_nxt=518548864 rwnd=65535 recv_used=17940 right_edge=1946780786 flight=0 sample_rtt=NA srtt=0.043393 rttvar=0.021697 rto=1.000000 retransmitted=0 dupack=0
timestamp_ns=3947081279728 event=DATA_ACK state=ESTABLISHED seq=1946715251 ack=518548864 snd_una=1946715251 snd_nxt=1946715251 rcv_nxt=518548864 rwnd=65535 recv_used=19320 right_edge=1946780786 flight=0 sample_rtt=NA srtt=0.043393 rttvar=0.021697 rto=1.000000 retransmitted=0 dupack=0
timestamp_ns=3947081281852 event=RECEIVE state=ESTABLISHED seq=518569564 ack=1946715251 snd_una=1946715251 snd_nxt=1946715251 rcv_nxt=518548864 rwnd=65535 recv_used=19320 right_edge=1946780786 flight=0 sample_rtt=NA srtt=0.043393 rttvar=0.021697 rto=1.000000 retransmitted=0 dupack=0
timestamp_ns=3947081282814 event=DATA_ACK state=ESTABLISHED seq=1946715251 ack=518548864 snd_una=1946715251 snd_nxt=1946715251 rcv_nxt=518548864 rwnd=65535 recv_used=20700 right_edge=1946780786 flight=0 sample_rtt=NA srtt=0.043393 rttvar=0.021697 rto=1.000000 retransmitted=0 dupack=0
timestamp_ns=3947081284988 event=RECEIVE state=ESTABLISHED seq=518570944 ack=1946715251 snd_una=1946715251 snd_nxt=1946715251 rcv_nxt=518548864 rwnd=65535 recv_used=20700 right_edge=1946780786 flight=0 sample_rtt=NA srtt=0.043393 rttvar=0.021697 rto=1.000000 retransmitted=0 dupack=0
timestamp_ns=3947081286190 event=DATA_ACK state=ESTABLISHED seq=1946715251 ack=518548864 snd_una=1946715251 snd_nxt=1946715251 rcv_nxt=518548864 rwnd=65535 recv_used=22080 right_edge=1946780786 flight=0 sample_rtt=NA srtt=0.043393 rttvar=0.021697 rto=1.000000 retransmitted=0 dupack=0
timestamp_ns=3947081288554 event=RECEIVE state=ESTABLISHED seq=518572324 ack=1946715251 snd_una=1946715251 snd_nxt=1946715251 rcv_nxt=518548864 rwnd=65535 recv_used=22080 right_edge=1946780786 flight=0 sample_rtt=NA srtt=0.043393 rttvar=0.021697 rto=1.000000 retransmitted=0 dupack=0
timestamp_ns=3947081289606 event=DATA_ACK state=ESTABLISHED seq=1946715251 ack=518548864 snd_una=1946715251 snd_nxt=1946715251 rcv_nxt=518548864 rwnd=65535 recv_used=23460 right_edge=1946780786 flight=0 sample_rtt=NA srtt=0.043393 rttvar=0.021697 rto=1.000000 retransmitted=0 dupack=0
timestamp_ns=3947081292292 event=RECEIVE state=ESTABLISHED seq=518573704 ack=1946715251 snd_una=1946715251 snd_nxt=1946715251 rcv_nxt=518548864 rwnd=65535 recv_used=23460 right_edge=1946780786 flight=0 sample_rtt=NA srtt=0.043393 rttvar=0.021697 rto=1.000000 retransmitted=0 dupack=0
timestamp_ns=3947081295027 event=DATA_ACK state=ESTABLISHED seq=1946715251 ack=518548864 snd_una=1946715251 snd_nxt=1946715251 rcv_nxt=518548864 rwnd=65535 recv_used=24840 right_edge=1946780786 flight=0 sample_rtt=NA srtt=0.043393 rttvar=0.021697 rto=1.000000 retransmitted=0 dupack=0
timestamp_ns=3947081297091 event=RECEIVE state=ESTABLISHED seq=518575084 ack=1946715251 snd_una=1946715251 snd_nxt=1946715251 rcv_nxt=518548864 rwnd=65535 recv_used=24840 right_edge=1946780786 flight=0 sample_rtt=NA srtt=0.043393 rttvar=0.021697 rto=1.000000 retransmitted=0 dupack=0
timestamp_ns=3947081298413 event=DATA_ACK state=ESTABLISHED seq=1946715251 ack=518548864 snd_una=1946715251 snd_nxt=1946715251 rcv_nxt=518548864 rwnd=65535 recv_used=26220 right_edge=1946780786 flight=0 sample_rtt=NA srtt=0.043393 rttvar=0.021697 rto=1.000000 retransmitted=0 dupack=0
timestamp_ns=3947081300467 event=RECEIVE state=ESTABLISHED seq=518576464 ack=1946715251 snd_una=1946715251 snd_nxt=1946715251 rcv_nxt=518548864 rwnd=65535 recv_used=26220 right_edge=1946780786 flight=0 sample_rtt=NA srtt=0.043393 rttvar=0.021697 rto=1.000000 retransmitted=0 dupack=0
timestamp_ns=3947081301489 event=DATA_ACK state=ESTABLISHED seq=1946715251 ack=518548864 snd_una=1946715251 snd_nxt=1946715251 rcv_nxt=518548864 rwnd=65535 recv_used=27600 right_edge=1946780786 flight=0 sample_rtt=NA srtt=0.043393 rttvar=0.021697 rto=1.000000 retransmitted=0 dupack=0
timestamp_ns=3947081303443 event=RECEIVE state=ESTABLISHED seq=518577844 ack=1946715251 snd_una=1946715251 snd_nxt=1946715251 rcv_nxt=518548864 rwnd=65535 recv_used=27600 right_edge=1946780786 flight=0 sample_rtt=NA srtt=0.043393 rttvar=0.021697 rto=1.000000 retransmitted=0 dupack=0
timestamp_ns=3947081304505 event=DATA_ACK state=ESTABLISHED seq=1946715251 ack=518548864 snd_una=1946715251 snd_nxt=1946715251 rcv_nxt=518548864 rwnd=65535 recv_used=28980 right_edge=1946780786 flight=0 sample_rtt=NA srtt=0.043393 rttvar=0.021697 rto=1.000000 retransmitted=0 dupack=0
timestamp_ns=3947081306498 event=RECEIVE state=ESTABLISHED seq=518579224 ack=1946715251 snd_una=1946715251 snd_nxt=1946715251 rcv_nxt=518548864 rwnd=65535 recv_used=28980 right_edge=1946780786 flight=0 sample_rtt=NA srtt=0.043393 rttvar=0.021697 rto=1.000000 retransmitted=0 dupack=0
timestamp_ns=3947081308092 event=DATA_ACK state=ESTABLISHED seq=1946715251 ack=518548864 snd_una=1946715251 snd_nxt=1946715251 rcv_nxt=518548864 rwnd=65535 recv_used=30360 right_edge=1946780786 flight=0 sample_rtt=NA srtt=0.043393 rttvar=0.021697 rto=1.000000 retransmitted=0 dupack=0
timestamp_ns=3947081310216 event=RECEIVE state=ESTABLISHED seq=518580604 ack=1946715251 snd_una=1946715251 snd_nxt=1946715251 rcv_nxt=518548864 rwnd=65535 recv_used=30360 right_edge=1946780786 flight=0 sample_rtt=NA srtt=0.043393 rttvar=0.021697 rto=1.000000 retransmitted=0 dupack=0
timestamp_ns=3947081311298 event=DATA_ACK state=ESTABLISHED seq=1946715251 ack=518548864 snd_una=1946715251 snd_nxt=1946715251 rcv_nxt=518548864 rwnd=65535 recv_used=31740 right_edge=1946780786 flight=0 sample_rtt=NA srtt=0.043393 rttvar=0.021697 rto=1.000000 retransmitted=0 dupack=0
timestamp_ns=3947081313602 event=RECEIVE state=ESTABLISHED seq=518581984 ack=1946715251 snd_una=1946715251 snd_nxt=1946715251 rcv_nxt=518548864 rwnd=65535 recv_used=31740 right_edge=1946780786 flight=0 sample_rtt=NA srtt=0.043393 rttvar=0.021697 rto=1.000000 retransmitted=0 dupack=0
timestamp_ns=3947081314764 event=DATA_ACK state=ESTABLISHED seq=1946715251 ack=518548864 snd_una=1946715251 snd_nxt=1946715251 rcv_nxt=518548864 rwnd=65535 recv_used=33120 right_edge=1946780786 flight=0 sample_rtt=NA srtt=0.043393 rttvar=0.021697 rto=1.000000 retransmitted=0 dupack=0
timestamp_ns=3947081316758 event=RECEIVE state=ESTABLISHED seq=518583364 ack=1946715251 snd_una=1946715251 snd_nxt=1946715251 rcv_nxt=518548864 rwnd=65535 recv_used=33120 right_edge=1946780786 flight=0 sample_rtt=NA srtt=0.043393 rttvar=0.021697 rto=1.000000 retransmitted=0 dupack=0
timestamp_ns=3947081318351 event=DATA_ACK state=ESTABLISHED seq=1946715251 ack=518548864 snd_una=1946715251 snd_nxt=1946715251 rcv_nxt=518548864 rwnd=65535 recv_used=34500 right_edge=1946780786 flight=0 sample_rtt=NA srtt=0.043393 rttvar=0.021697 rto=1.000000 retransmitted=0 dupack=0
timestamp_ns=3947081322379 event=RECEIVE state=ESTABLISHED seq=518584744 ack=1946715251 snd_una=1946715251 snd_nxt=1946715251 rcv_nxt=518548864 rwnd=65535 recv_used=34500 right_edge=1946780786 flight=0 sample_rtt=NA srtt=0.043393 rttvar=0.021697 rto=1.000000 retransmitted=0 dupack=0
timestamp_ns=3947081323501 event=DATA_ACK state=ESTABLISHED seq=1946715251 ack=518548864 snd_una=1946715251 snd_nxt=1946715251 rcv_nxt=518548864 rwnd=65535 recv_used=35880 right_edge=1946780786 flight=0 sample_rtt=NA srtt=0.043393 rttvar=0.021697 rto=1.000000 retransmitted=0 dupack=0
timestamp_ns=3947081325585 event=RECEIVE state=ESTABLISHED seq=518587504 ack=1946715251 snd_una=1946715251 snd_nxt=1946715251 rcv_nxt=518548864 rwnd=65535 recv_used=35880 right_edge=1946780786 flight=0 sample_rtt=NA srtt=0.043393 rttvar=0.021697 rto=1.000000 retransmitted=0 dupack=0
timestamp_ns=3947081326597 event=DATA_ACK state=ESTABLISHED seq=1946715251 ack=518548864 snd_una=1946715251 snd_nxt=1946715251 rcv_nxt=518548864 rwnd=65535 recv_used=37260 right_edge=1946780786 flight=0 sample_rtt=NA srtt=0.043393 rttvar=0.021697 rto=1.000000 retransmitted=0 dupack=0
timestamp_ns=3947081328600 event=RECEIVE state=ESTABLISHED seq=518588884 ack=1946715251 snd_una=1946715251 snd_nxt=1946715251 rcv_nxt=518548864 rwnd=65535 recv_used=37260 right_edge=1946780786 flight=0 sample_rtt=NA srtt=0.043393 rttvar=0.021697 rto=1.000000 retransmitted=0 dupack=0
timestamp_ns=3947081329512 event=DATA_ACK state=ESTABLISHED seq=1946715251 ack=518548864 snd_una=1946715251 snd_nxt=1946715251 rcv_nxt=518548864 rwnd=65535 recv_used=38640 right_edge=1946780786 flight=0 sample_rtt=NA srtt=0.043393 rttvar=0.021697 rto=1.000000 retransmitted=0 dupack=0
timestamp_ns=3947081331726 event=RECEIVE state=ESTABLISHED seq=518590264 ack=1946715251 snd_una=1946715251 snd_nxt=1946715251 rcv_nxt=518548864 rwnd=65535 recv_used=38640 right_edge=1946780786 flight=0 sample_rtt=NA srtt=0.043393 rttvar=0.021697 rto=1.000000 retransmitted=0 dupack=0
timestamp_ns=3947081332598 event=DATA_ACK state=ESTABLISHED seq=1946715251 ack=518548864 snd_una=1946715251 snd_nxt=1946715251 rcv_nxt=518548864 rwnd=65535 recv_used=40020 right_edge=1946780786 flight=0 sample_rtt=NA srtt=0.043393 rttvar=0.021697 rto=1.000000 retransmitted=0 dupack=0
timestamp_ns=3947081334662 event=RECEIVE state=ESTABLISHED seq=518591644 ack=1946715251 snd_una=1946715251 snd_nxt=1946715251 rcv_nxt=518548864 rwnd=65535 recv_used=40020 right_edge=1946780786 flight=0 sample_rtt=NA srtt=0.043393 rttvar=0.021697 rto=1.000000 retransmitted=0 dupack=0
timestamp_ns=3947081335483 event=DATA_ACK state=ESTABLISHED seq=1946715251 ack=518548864 snd_una=1946715251 snd_nxt=1946715251 rcv_nxt=518548864 rwnd=65535 recv_used=41400 right_edge=1946780786 flight=0 sample_rtt=NA srtt=0.043393 rttvar=0.021697 rto=1.000000 retransmitted=0 dupack=0
timestamp_ns=3947081337397 event=RECEIVE state=ESTABLISHED seq=518593024 ack=1946715251 snd_una=1946715251 snd_nxt=1946715251 rcv_nxt=518548864 rwnd=65535 recv_used=41400 right_edge=1946780786 flight=0 sample_rtt=NA srtt=0.043393 rttvar=0.021697 rto=1.000000 retransmitted=0 dupack=0
timestamp_ns=3947081338239 event=DATA_ACK state=ESTABLISHED seq=1946715251 ack=518548864 snd_una=1946715251 snd_nxt=1946715251 rcv_nxt=518548864 rwnd=65535 recv_used=42780 right_edge=1946780786 flight=0 sample_rtt=NA srtt=0.043393 rttvar=0.021697 rto=1.000000 retransmitted=0 dupack=0
timestamp_ns=3947081340283 event=RECEIVE state=ESTABLISHED seq=518594404 ack=1946715251 snd_una=1946715251 snd_nxt=1946715251 rcv_nxt=518548864 rwnd=65535 recv_used=42780 right_edge=1946780786 flight=0 sample_rtt=NA srtt=0.043393 rttvar=0.021697 rto=1.000000 retransmitted=0 dupack=0
timestamp_ns=3947081341114 event=DATA_ACK state=ESTABLISHED seq=1946715251 ack=518548864 snd_una=1946715251 snd_nxt=1946715251 rcv_nxt=518548864 rwnd=65535 recv_used=44160 right_edge=1946780786 flight=0 sample_rtt=NA srtt=0.043393 rttvar=0.021697 rto=1.000000 retransmitted=0 dupack=0
timestamp_ns=3947081344791 event=RECEIVE state=ESTABLISHED seq=518595784 ack=1946715251 snd_una=1946715251 snd_nxt=1946715251 rcv_nxt=518548864 rwnd=65535 recv_used=44160 right_edge=1946780786 flight=0 sample_rtt=NA srtt=0.043393 rttvar=0.021697 rto=1.000000 retransmitted=0 dupack=0
timestamp_ns=3947081345643 event=DATA_ACK state=ESTABLISHED seq=1946715251 ack=518548864 snd_una=1946715251 snd_nxt=1946715251 rcv_nxt=518548864 rwnd=65535 recv_used=45540 right_edge=1946780786 flight=0 sample_rtt=NA srtt=0.043393 rttvar=0.021697 rto=1.000000 retransmitted=0 dupack=0
timestamp_ns=3947081348027 event=RECEIVE state=ESTABLISHED seq=518597164 ack=1946715251 snd_una=1946715251 snd_nxt=1946715251 rcv_nxt=518548864 rwnd=65535 recv_used=45540 right_edge=1946780786 flight=0 sample_rtt=NA srtt=0.043393 rttvar=0.021697 rto=1.000000 retransmitted=0 dupack=0
timestamp_ns=3947081348899 event=DATA_ACK state=ESTABLISHED seq=1946715251 ack=518548864 snd_una=1946715251 snd_nxt=1946715251 rcv_nxt=518548864 rwnd=65535 recv_used=46920 right_edge=1946780786 flight=0 sample_rtt=NA srtt=0.043393 rttvar=0.021697 rto=1.000000 retransmitted=0 dupack=0
timestamp_ns=3947081350933 event=RECEIVE state=ESTABLISHED seq=518598544 ack=1946715251 snd_una=1946715251 snd_nxt=1946715251 rcv_nxt=518548864 rwnd=65535 recv_used=46920 right_edge=1946780786 flight=0 sample_rtt=NA srtt=0.043393 rttvar=0.021697 rto=1.000000 retransmitted=0 dupack=0
timestamp_ns=3947081351814 event=DATA_ACK state=ESTABLISHED seq=1946715251 ack=518548864 snd_una=1946715251 snd_nxt=1946715251 rcv_nxt=518548864 rwnd=65535 recv_used=48300 right_edge=1946780786 flight=0 sample_rtt=NA srtt=0.043393 rttvar=0.021697 rto=1.000000 retransmitted=0 dupack=0
timestamp_ns=3947081354049 event=RECEIVE state=ESTABLISHED seq=518599924 ack=1946715251 snd_una=1946715251 snd_nxt=1946715251 rcv_nxt=518548864 rwnd=65535 recv_used=48300 right_edge=1946780786 flight=0 sample_rtt=NA srtt=0.043393 rttvar=0.021697 rto=1.000000 retransmitted=0 dupack=0
timestamp_ns=3947081354960 event=DATA_ACK state=ESTABLISHED seq=1946715251 ack=518548864 snd_una=1946715251 snd_nxt=1946715251 rcv_nxt=518548864 rwnd=65535 recv_used=49680 right_edge=1946780786 flight=0 sample_rtt=NA srtt=0.043393 rttvar=0.021697 rto=1.000000 retransmitted=0 dupack=0
timestamp_ns=3947081356914 event=RECEIVE state=ESTABLISHED seq=518601304 ack=1946715251 snd_una=1946715251 snd_nxt=1946715251 rcv_nxt=518548864 rwnd=65535 recv_used=49680 right_edge=1946780786 flight=0 sample_rtt=NA srtt=0.043393 rttvar=0.021697 rto=1.000000 retransmitted=0 dupack=0
timestamp_ns=3947081357826 event=DATA_ACK state=ESTABLISHED seq=1946715251 ack=518548864 snd_una=1946715251 snd_nxt=1946715251 rcv_nxt=518548864 rwnd=65535 recv_used=51060 right_edge=1946780786 flight=0 sample_rtt=NA srtt=0.043393 rttvar=0.021697 rto=1.000000 retransmitted=0 dupack=0
timestamp_ns=3947081359840 event=RECEIVE state=ESTABLISHED seq=518602684 ack=1946715251 snd_una=1946715251 snd_nxt=1946715251 rcv_nxt=518548864 rwnd=65535 recv_used=51060 right_edge=1946780786 flight=0 sample_rtt=NA srtt=0.043393 rttvar=0.021697 rto=1.000000 retransmitted=0 dupack=0
timestamp_ns=3947081360741 event=DATA_ACK state=ESTABLISHED seq=1946715251 ack=518548864 snd_una=1946715251 snd_nxt=1946715251 rcv_nxt=518548864 rwnd=65535 recv_used=52440 right_edge=1946780786 flight=0 sample_rtt=NA srtt=0.043393 rttvar=0.021697 rto=1.000000 retransmitted=0 dupack=0
timestamp_ns=3947123517827 event=RECEIVE state=ESTABLISHED seq=518604064 ack=1946715251 snd_una=1946715251 snd_nxt=1946715251 rcv_nxt=518548864 rwnd=65535 recv_used=52440 right_edge=1946780786 flight=0 sample_rtt=NA srtt=0.043393 rttvar=0.021697 rto=1.000000 retransmitted=0 dupack=0
timestamp_ns=3947123531263 event=DATA_ACK state=ESTABLISHED seq=1946715251 ack=518548864 snd_una=1946715251 snd_nxt=1946715251 rcv_nxt=518548864 rwnd=65535 recv_used=53820 right_edge=1946780786 flight=0 sample_rtt=NA srtt=0.043393 rttvar=0.021697 rto=1.000000 retransmitted=0 dupack=0
timestamp_ns=3947123551711 event=RECEIVE state=ESTABLISHED seq=518605444 ack=1946715251 snd_una=1946715251 snd_nxt=1946715251 rcv_nxt=518548864 rwnd=65535 recv_used=53820 right_edge=1946780786 flight=0 sample_rtt=NA srtt=0.043393 rttvar=0.021697 rto=1.000000 retransmitted=0 dupack=0
timestamp_ns=3947123577430 event=DATA_ACK state=ESTABLISHED seq=1946715251 ack=518548864 snd_una=1946715251 snd_nxt=1946715251 rcv_nxt=518548864 rwnd=65535 recv_used=55200 right_edge=1946780786 flight=0 sample_rtt=NA srtt=0.043393 rttvar=0.021697 rto=1.000000 retransmitted=0 dupack=0
timestamp_ns=3947123581017 event=RECEIVE state=ESTABLISHED seq=518606824 ack=1946715251 snd_una=1946715251 snd_nxt=1946715251 rcv_nxt=518548864 rwnd=65535 recv_used=55200 right_edge=1946780786 flight=0 sample_rtt=NA srtt=0.043393 rttvar=0.021697 rto=1.000000 retransmitted=0 dupack=0
timestamp_ns=3947123582710 event=DATA_ACK state=ESTABLISHED seq=1946715251 ack=518548864 snd_una=1946715251 snd_nxt=1946715251 rcv_nxt=518548864 rwnd=65535 recv_used=56580 right_edge=1946780786 flight=0 sample_rtt=NA srtt=0.043393 rttvar=0.021697 rto=1.000000 retransmitted=0 dupack=0
timestamp_ns=3947123585726 event=RECEIVE state=ESTABLISHED seq=518608204 ack=1946715251 snd_una=1946715251 snd_nxt=1946715251 rcv_nxt=518548864 rwnd=65535 recv_used=56580 right_edge=1946780786 flight=0 sample_rtt=NA srtt=0.043393 rttvar=0.021697 rto=1.000000 retransmitted=0 dupack=0
timestamp_ns=3947123587780 event=DATA_ACK state=ESTABLISHED seq=1946715251 ack=518548864 snd_una=1946715251 snd_nxt=1946715251 rcv_nxt=518548864 rwnd=65535 recv_used=57256 right_edge=1946780786 flight=0 sample_rtt=NA srtt=0.043393 rttvar=0.021697 rto=1.000000 retransmitted=0 dupack=0
timestamp_ns=3947123590505 event=RECEIVE state=ESTABLISHED seq=518608880 ack=1946715251 snd_una=1946715251 snd_nxt=1946715251 rcv_nxt=518548864 rwnd=65535 recv_used=57256 right_edge=1946780786 flight=0 sample_rtt=NA srtt=0.043393 rttvar=0.021697 rto=1.000000 retransmitted=0 dupack=0
timestamp_ns=3947123592018 event=DATA_ACK state=ESTABLISHED seq=1946715251 ack=518548864 snd_una=1946715251 snd_nxt=1946715251 rcv_nxt=518548864 rwnd=65535 recv_used=58636 right_edge=1946780786 flight=0 sample_rtt=NA srtt=0.043393 rttvar=0.021697 rto=1.000000 retransmitted=0 dupack=0
timestamp_ns=3947123594883 event=RECEIVE state=ESTABLISHED seq=518610260 ack=1946715251 snd_una=1946715251 snd_nxt=1946715251 rcv_nxt=518548864 rwnd=65535 recv_used=58636 right_edge=1946780786 flight=0 sample_rtt=NA srtt=0.043393 rttvar=0.021697 rto=1.000000 retransmitted=0 dupack=0
timestamp_ns=3947123596316 event=DATA_ACK state=ESTABLISHED seq=1946715251 ack=518548864 snd_una=1946715251 snd_nxt=1946715251 rcv_nxt=518548864 rwnd=65535 recv_used=60016 right_edge=1946780786 flight=0 sample_rtt=NA srtt=0.043393 rttvar=0.021697 rto=1.000000 retransmitted=0 dupack=0
timestamp_ns=3947123599222 event=RECEIVE state=ESTABLISHED seq=518611640 ack=1946715251 snd_una=1946715251 snd_nxt=1946715251 rcv_nxt=518548864 rwnd=65535 recv_used=60016 right_edge=1946780786 flight=0 sample_rtt=NA srtt=0.043393 rttvar=0.021697 rto=1.000000 retransmitted=0 dupack=0
timestamp_ns=3947123601045 event=DATA_ACK state=ESTABLISHED seq=1946715251 ack=518548864 snd_una=1946715251 snd_nxt=1946715251 rcv_nxt=518548864 rwnd=65535 recv_used=61396 right_edge=1946780786 flight=0 sample_rtt=NA srtt=0.043393 rttvar=0.021697 rto=1.000000 retransmitted=0 dupack=0
timestamp_ns=3947123603820 event=RECEIVE state=ESTABLISHED seq=518548864 ack=1946715251 snd_una=1946715251 snd_nxt=1946715251 rcv_nxt=518548864 rwnd=65535 recv_used=61396 right_edge=1946780786 flight=0 sample_rtt=NA srtt=0.043393 rttvar=0.021697 rto=1.000000 retransmitted=0 dupack=0
timestamp_ns=3947123632885 event=DATA_ACK state=ESTABLISHED seq=1946715251 ack=518586124 snd_una=1946715251 snd_nxt=1946715251 rcv_nxt=518586124 rwnd=65535 recv_used=62776 right_edge=1946780786 flight=0 sample_rtt=NA srtt=0.043393 rttvar=0.021697 rto=1.000000 retransmitted=0 dupack=0
timestamp_ns=3947168507271 event=RECEIVE state=ESTABLISHED seq=518613020 ack=1946715251 snd_una=1946715251 snd_nxt=1946715251 rcv_nxt=518586124 rwnd=65535 recv_used=25516 right_edge=1946780786 flight=0 sample_rtt=NA srtt=0.043393 rttvar=0.021697 rto=1.000000 retransmitted=0 dupack=0
timestamp_ns=3947168540414 event=DATA_ACK state=ESTABLISHED seq=1946715251 ack=518586124 snd_una=1946715251 snd_nxt=1946715251 rcv_nxt=518586124 rwnd=65535 recv_used=26896 right_edge=1946780786 flight=0 sample_rtt=NA srtt=0.043393 rttvar=0.021697 rto=1.000000 retransmitted=0 dupack=0
timestamp_ns=3947168563868 event=RECEIVE state=ESTABLISHED seq=518614400 ack=1946715251 snd_una=1946715251 snd_nxt=1946715251 rcv_nxt=518586124 rwnd=65535 recv_used=26896 right_edge=1946780786 flight=0 sample_rtt=NA srtt=0.043393 rttvar=0.021697 rto=1.000000 retransmitted=0 dupack=0
timestamp_ns=3947168566113 event=DATA_ACK state=ESTABLISHED seq=1946715251 ack=518586124 snd_una=1946715251 snd_nxt=1946715251 rcv_nxt=518586124 rwnd=65535 recv_used=28276 right_edge=1946780786 flight=0 sample_rtt=NA srtt=0.043393 rttvar=0.021697 rto=1.000000 retransmitted=0 dupack=0
timestamp_ns=3947168569419 event=RECEIVE state=ESTABLISHED seq=518615780 ack=1946715251 snd_una=1946715251 snd_nxt=1946715251 rcv_nxt=518586124 rwnd=65535 recv_used=28276 right_edge=1946780786 flight=0 sample_rtt=NA srtt=0.043393 rttvar=0.021697 rto=1.000000 retransmitted=0 dupack=0
timestamp_ns=3947168571353 event=DATA_ACK state=ESTABLISHED seq=1946715251 ack=518586124 snd_una=1946715251 snd_nxt=1946715251 rcv_nxt=518586124 rwnd=65535 recv_used=29656 right_edge=1946780786 flight=0 sample_rtt=NA srtt=0.043393 rttvar=0.021697 rto=1.000000 retransmitted=0 dupack=0
timestamp_ns=3947168574188 event=RECEIVE state=ESTABLISHED seq=518617160 ack=1946715251 snd_una=1946715251 snd_nxt=1946715251 rcv_nxt=518586124 rwnd=65535 recv_used=29656 right_edge=1946780786 flight=0 sample_rtt=NA srtt=0.043393 rttvar=0.021697 rto=1.000000 retransmitted=0 dupack=0
timestamp_ns=3947168608413 event=DATA_ACK state=ESTABLISHED seq=1946715251 ack=518586124 snd_una=1946715251 snd_nxt=1946715251 rcv_nxt=518586124 rwnd=65535 recv_used=31036 right_edge=1946780786 flight=0 sample_rtt=NA srtt=0.043393 rttvar=0.021697 rto=1.000000 retransmitted=0 dupack=0
timestamp_ns=3947168618492 event=RECEIVE state=ESTABLISHED seq=518619920 ack=1946715251 snd_una=1946715251 snd_nxt=1946715251 rcv_nxt=518586124 rwnd=65535 recv_used=31036 right_edge=1946780786 flight=0 sample_rtt=NA srtt=0.043393 rttvar=0.021697 rto=1.000000 retransmitted=0 dupack=0
timestamp_ns=3947168620025 event=DATA_ACK state=ESTABLISHED seq=1946715251 ack=518586124 snd_una=1946715251 snd_nxt=1946715251 rcv_nxt=518586124 rwnd=65535 recv_used=32416 right_edge=1946780786 flight=0 sample_rtt=NA srtt=0.043393 rttvar=0.021697 rto=1.000000 retransmitted=0 dupack=0
timestamp_ns=3947168622479 event=RECEIVE state=ESTABLISHED seq=518621300 ack=1946715251 snd_una=1946715251 snd_nxt=1946715251 rcv_nxt=518586124 rwnd=65535 recv_used=32416 right_edge=1946780786 flight=0 sample_rtt=NA srtt=0.043393 rttvar=0.021697 rto=1.000000 retransmitted=0 dupack=0
timestamp_ns=3947168623461 event=DATA_ACK state=ESTABLISHED seq=1946715251 ack=518586124 snd_una=1946715251 snd_nxt=1946715251 rcv_nxt=518586124 rwnd=65535 recv_used=33796 right_edge=1946780786 flight=0 sample_rtt=NA srtt=0.043393 rttvar=0.021697 rto=1.000000 retransmitted=0 dupack=0
timestamp_ns=3947168626036 event=RECEIVE state=ESTABLISHED seq=518622680 ack=1946715251 snd_una=1946715251 snd_nxt=1946715251 rcv_nxt=518586124 rwnd=65535 recv_used=33796 right_edge=1946780786 flight=0 sample_rtt=NA srtt=0.043393 rttvar=0.021697 rto=1.000000 retransmitted=0 dupack=0
timestamp_ns=3947168626988 event=DATA_ACK state=ESTABLISHED seq=1946715251 ack=518586124 snd_una=1946715251 snd_nxt=1946715251 rcv_nxt=518586124 rwnd=65535 recv_used=35176 right_edge=1946780786 flight=0 sample_rtt=NA srtt=0.043393 rttvar=0.021697 rto=1.000000 retransmitted=0 dupack=0
timestamp_ns=3947168629112 event=RECEIVE state=ESTABLISHED seq=518624060 ack=1946715251 snd_una=1946715251 snd_nxt=1946715251 rcv_nxt=518586124 rwnd=65535 recv_used=35176 right_edge=1946780786 flight=0 sample_rtt=NA srtt=0.043393 rttvar=0.021697 rto=1.000000 retransmitted=0 dupack=0
timestamp_ns=3947168638800 event=DATA_ACK state=ESTABLISHED seq=1946715251 ack=518586124 snd_una=1946715251 snd_nxt=1946715251 rcv_nxt=518586124 rwnd=65535 recv_used=36556 right_edge=1946780786 flight=0 sample_rtt=NA srtt=0.043393 rttvar=0.021697 rto=1.000000 retransmitted=0 dupack=0
timestamp_ns=3947168640975 event=RECEIVE state=ESTABLISHED seq=518625440 ack=1946715251 snd_una=1946715251 snd_nxt=1946715251 rcv_nxt=518586124 rwnd=65535 recv_used=36556 right_edge=1946780786 flight=0 sample_rtt=NA srtt=0.043393 rttvar=0.021697 rto=1.000000 retransmitted=0 dupack=0
timestamp_ns=3947168641936 event=DATA_ACK state=ESTABLISHED seq=1946715251 ack=518586124 snd_una=1946715251 snd_nxt=1946715251 rcv_nxt=518586124 rwnd=65535 recv_used=37936 right_edge=1946780786 flight=0 sample_rtt=NA srtt=0.043393 rttvar=0.021697 rto=1.000000 retransmitted=0 dupack=0
timestamp_ns=3947168643940 event=RECEIVE state=ESTABLISHED seq=518628200 ack=1946715251 snd_una=1946715251 snd_nxt=1946715251 rcv_nxt=518586124 rwnd=65535 recv_used=37936 right_edge=1946780786 flight=0 sample_rtt=NA srtt=0.043393 rttvar=0.021697 rto=1.000000 retransmitted=0 dupack=0
timestamp_ns=3947168645182 event=DATA_ACK state=ESTABLISHED seq=1946715251 ack=518586124 snd_una=1946715251 snd_nxt=1946715251 rcv_nxt=518586124 rwnd=65535 recv_used=39316 right_edge=1946780786 flight=0 sample_rtt=NA srtt=0.043393 rttvar=0.021697 rto=1.000000 retransmitted=0 dupack=0
timestamp_ns=3947168648048 event=RECEIVE state=ESTABLISHED seq=518629580 ack=1946715251 snd_una=1946715251 snd_nxt=1946715251 rcv_nxt=518586124 rwnd=65535 recv_used=39316 right_edge=1946780786 flight=0 sample_rtt=NA srtt=0.043393 rttvar=0.021697 rto=1.000000 retransmitted=0 dupack=0
timestamp_ns=3947168649020 event=DATA_ACK state=ESTABLISHED seq=1946715251 ack=518586124 snd_una=1946715251 snd_nxt=1946715251 rcv_nxt=518586124 rwnd=65535 recv_used=40696 right_edge=1946780786 flight=0 sample_rtt=NA srtt=0.043393 rttvar=0.021697 rto=1.000000 retransmitted=0 dupack=0
timestamp_ns=3947168651144 event=RECEIVE state=ESTABLISHED seq=518630960 ack=1946715251 snd_una=1946715251 snd_nxt=1946715251 rcv_nxt=518586124 rwnd=65535 recv_used=40696 right_edge=1946780786 flight=0 sample_rtt=NA srtt=0.043393 rttvar=0.021697 rto=1.000000 retransmitted=0 dupack=0
timestamp_ns=3947168652045 event=DATA_ACK state=ESTABLISHED seq=1946715251 ack=518586124 snd_una=1946715251 snd_nxt=1946715251 rcv_nxt=518586124 rwnd=65535 recv_used=42076 right_edge=1946780786 flight=0 sample_rtt=NA srtt=0.043393 rttvar=0.021697 rto=1.000000 retransmitted=0 dupack=0
timestamp_ns=3947168654220 event=RECEIVE state=ESTABLISHED seq=518632340 ack=1946715251 snd_una=1946715251 snd_nxt=1946715251 rcv_nxt=518586124 rwnd=65535 recv_used=42076 right_edge=1946780786 flight=0 sample_rtt=NA srtt=0.043393 rttvar=0.021697 rto=1.000000 retransmitted=0 dupack=0
timestamp_ns=3947168655081 event=DATA_ACK state=ESTABLISHED seq=1946715251 ack=518586124 snd_una=1946715251 snd_nxt=1946715251 rcv_nxt=518586124 rwnd=65535 recv_used=43456 right_edge=1946780786 flight=0 sample_rtt=NA srtt=0.043393 rttvar=0.021697 rto=1.000000 retransmitted=0 dupack=0
timestamp_ns=3947168657065 event=RECEIVE state=ESTABLISHED seq=518635100 ack=1946715251 snd_una=1946715251 snd_nxt=1946715251 rcv_nxt=518586124 rwnd=65535 recv_used=43456 right_edge=1946780786 flight=0 sample_rtt=NA srtt=0.043393 rttvar=0.021697 rto=1.000000 retransmitted=0 dupack=0
timestamp_ns=3947168658037 event=DATA_ACK state=ESTABLISHED seq=1946715251 ack=518586124 snd_una=1946715251 snd_nxt=1946715251 rcv_nxt=518586124 rwnd=65535 recv_used=44836 right_edge=1946780786 flight=0 sample_rtt=NA srtt=0.043393 rttvar=0.021697 rto=1.000000 retransmitted=0 dupack=0
timestamp_ns=3947168659950 event=RECEIVE state=ESTABLISHED seq=518636480 ack=1946715251 snd_una=1946715251 snd_nxt=1946715251 rcv_nxt=518586124 rwnd=65535 recv_used=44836 right_edge=1946780786 flight=0 sample_rtt=NA srtt=0.043393 rttvar=0.021697 rto=1.000000 retransmitted=0 dupack=0
timestamp_ns=3947168660882 event=DATA_ACK state=ESTABLISHED seq=1946715251 ack=518586124 snd_una=1946715251 snd_nxt=1946715251 rcv_nxt=518586124 rwnd=65535 recv_used=46216 right_edge=1946780786 flight=0 sample_rtt=NA srtt=0.043393 rttvar=0.021697 rto=1.000000 retransmitted=0 dupack=0
timestamp_ns=3947168665972 event=RECEIVE state=ESTABLISHED seq=518637860 ack=1946715251 snd_una=1946715251 snd_nxt=1946715251 rcv_nxt=518586124 rwnd=65535 recv_used=46216 right_edge=1946780786 flight=0 sample_rtt=NA srtt=0.043393 rttvar=0.021697 rto=1.000000 retransmitted=0 dupack=0
timestamp_ns=3947168666894 event=DATA_ACK state=ESTABLISHED seq=1946715251 ack=518586124 snd_una=1946715251 snd_nxt=1946715251 rcv_nxt=518586124 rwnd=65535 recv_used=47596 right_edge=1946780786 flight=0 sample_rtt=NA srtt=0.043393 rttvar=0.021697 rto=1.000000 retransmitted=0 dupack=0
timestamp_ns=3947168668907 event=RECEIVE state=ESTABLISHED seq=518639240 ack=1946715251 snd_una=1946715251 snd_nxt=1946715251 rcv_nxt=518586124 rwnd=65535 recv_used=47596 right_edge=1946780786 flight=0 sample_rtt=NA srtt=0.043393 rttvar=0.021697 rto=1.000000 retransmitted=0 dupack=0
timestamp_ns=3947168669789 event=DATA_ACK state=ESTABLISHED seq=1946715251 ack=518586124 snd_una=1946715251 snd_nxt=1946715251 rcv_nxt=518586124 rwnd=65535 recv_used=48976 right_edge=1946780786 flight=0 sample_rtt=NA srtt=0.043393 rttvar=0.021697 rto=1.000000 retransmitted=0 dupack=0
timestamp_ns=3947168671733 event=RECEIVE state=ESTABLISHED seq=518640620 ack=1946715251 snd_una=1946715251 snd_nxt=1946715251 rcv_nxt=518586124 rwnd=65535 recv_used=48976 right_edge=1946780786 flight=0 sample_rtt=NA srtt=0.043393 rttvar=0.021697 rto=1.000000 retransmitted=0 dupack=0
timestamp_ns=3947168672675 event=DATA_ACK state=ESTABLISHED seq=1946715251 ack=518586124 snd_una=1946715251 snd_nxt=1946715251 rcv_nxt=518586124 rwnd=65535 recv_used=50356 right_edge=1946780786 flight=0 sample_rtt=NA srtt=0.043393 rttvar=0.021697 rto=1.000000 retransmitted=0 dupack=0
timestamp_ns=3947168674668 event=RECEIVE state=ESTABLISHED seq=518642000 ack=1946715251 snd_una=1946715251 snd_nxt=1946715251 rcv_nxt=518586124 rwnd=65535 recv_used=50356 right_edge=1946780786 flight=0 sample_rtt=NA srtt=0.043393 rttvar=0.021697 rto=1.000000 retransmitted=0 dupack=0
timestamp_ns=3947168675600 event=DATA_ACK state=ESTABLISHED seq=1946715251 ack=518586124 snd_una=1946715251 snd_nxt=1946715251 rcv_nxt=518586124 rwnd=65535 recv_used=51736 right_edge=1946780786 flight=0 sample_rtt=NA srtt=0.043393 rttvar=0.021697 rto=1.000000 retransmitted=0 dupack=0
timestamp_ns=3947168677634 event=RECEIVE state=ESTABLISHED seq=518643380 ack=1946715251 snd_una=1946715251 snd_nxt=1946715251 rcv_nxt=518586124 rwnd=65535 recv_used=51736 right_edge=1946780786 flight=0 sample_rtt=NA srtt=0.043393 rttvar=0.021697 rto=1.000000 retransmitted=0 dupack=0
timestamp_ns=3947168678556 event=DATA_ACK state=ESTABLISHED seq=1946715251 ack=518586124 snd_una=1946715251 snd_nxt=1946715251 rcv_nxt=518586124 rwnd=65535 recv_used=53116 right_edge=1946780786 flight=0 sample_rtt=NA srtt=0.043393 rttvar=0.021697 rto=1.000000 retransmitted=0 dupack=0
timestamp_ns=3947168680610 event=RECEIVE state=ESTABLISHED seq=518644760 ack=1946715251 snd_una=1946715251 snd_nxt=1946715251 rcv_nxt=518586124 rwnd=65535 recv_used=53116 right_edge=1946780786 flight=0 sample_rtt=NA srtt=0.043393 rttvar=0.021697 rto=1.000000 retransmitted=0 dupack=0
timestamp_ns=3947168681551 event=DATA_ACK state=ESTABLISHED seq=1946715251 ack=518586124 snd_una=1946715251 snd_nxt=1946715251 rcv_nxt=518586124 rwnd=65535 recv_used=54496 right_edge=1946780786 flight=0 sample_rtt=NA srtt=0.043393 rttvar=0.021697 rto=1.000000 retransmitted=0 dupack=0
timestamp_ns=3947168684427 event=RECEIVE state=ESTABLISHED seq=518646140 ack=1946715251 snd_una=1946715251 snd_nxt=1946715251 rcv_nxt=518586124 rwnd=65535 recv_used=54496 right_edge=1946780786 flight=0 sample_rtt=NA srtt=0.043393 rttvar=0.021697 rto=1.000000 retransmitted=0 dupack=0
timestamp_ns=3947168685369 event=DATA_ACK state=ESTABLISHED seq=1946715251 ack=518586124 snd_una=1946715251 snd_nxt=1946715251 rcv_nxt=518586124 rwnd=65535 recv_used=55876 right_edge=1946780786 flight=0 sample_rtt=NA srtt=0.043393 rttvar=0.021697 rto=1.000000 retransmitted=0 dupack=0
timestamp_ns=3947168693173 event=RECEIVE state=ESTABLISHED seq=518647520 ack=1946715251 snd_una=1946715251 snd_nxt=1946715251 rcv_nxt=518586124 rwnd=65535 recv_used=55876 right_edge=1946780786 flight=0 sample_rtt=NA srtt=0.043393 rttvar=0.021697 rto=1.000000 retransmitted=0 dupack=0
timestamp_ns=3947168694145 event=DATA_ACK state=ESTABLISHED seq=1946715251 ack=518586124 snd_una=1946715251 snd_nxt=1946715251 rcv_nxt=518586124 rwnd=65535 recv_used=57256 right_edge=1946780786 flight=0 sample_rtt=NA srtt=0.043393 rttvar=0.021697 rto=1.000000 retransmitted=0 dupack=0
timestamp_ns=3947168696530 event=RECEIVE state=ESTABLISHED seq=518648900 ack=1946715251 snd_una=1946715251 snd_nxt=1946715251 rcv_nxt=518586124 rwnd=65535 recv_used=57256 right_edge=1946780786 flight=0 sample_rtt=NA srtt=0.043393 rttvar=0.021697 rto=1.000000 retransmitted=0 dupack=0
timestamp_ns=3947168697482 event=DATA_ACK state=ESTABLISHED seq=1946715251 ack=518586124 snd_una=1946715251 snd_nxt=1946715251 rcv_nxt=518586124 rwnd=65535 recv_used=58636 right_edge=1946780786 flight=0 sample_rtt=NA srtt=0.043393 rttvar=0.021697 rto=1.000000 retransmitted=0 dupack=0
timestamp_ns=3947211704859 event=RECEIVE state=ESTABLISHED seq=518586124 ack=1946715251 snd_una=1946715251 snd_nxt=1946715251 rcv_nxt=518586124 rwnd=65535 recv_used=58636 right_edge=1946780786 flight=0 sample_rtt=NA srtt=0.043393 rttvar=0.021697 rto=1.000000 retransmitted=0 dupack=0
timestamp_ns=3947211736379 event=DATA_ACK state=ESTABLISHED seq=1946715251 ack=518618540 snd_una=1946715251 snd_nxt=1946715251 rcv_nxt=518618540 rwnd=65535 recv_used=60016 right_edge=1946780786 flight=0 sample_rtt=NA srtt=0.043393 rttvar=0.021697 rto=1.000000 retransmitted=0 dupack=0
timestamp_ns=3947254806330 event=RECEIVE state=ESTABLISHED seq=518650280 ack=1946715251 snd_una=1946715251 snd_nxt=1946715251 rcv_nxt=518618540 rwnd=65535 recv_used=27600 right_edge=1946780786 flight=0 sample_rtt=NA srtt=0.043393 rttvar=0.021697 rto=1.000000 retransmitted=0 dupack=0
timestamp_ns=3947254815226 event=DATA_ACK state=ESTABLISHED seq=1946715251 ack=518618540 snd_una=1946715251 snd_nxt=1946715251 rcv_nxt=518618540 rwnd=65535 recv_used=28980 right_edge=1946780786 flight=0 sample_rtt=NA srtt=0.043393 rttvar=0.021697 rto=1.000000 retransmitted=0 dupack=0
timestamp_ns=3947254829844 event=RECEIVE state=ESTABLISHED seq=518651660 ack=1946715251 snd_una=1946715251 snd_nxt=1946715251 rcv_nxt=518618540 rwnd=65535 recv_used=28980 right_edge=1946780786 flight=0 sample_rtt=NA srtt=0.043393 rttvar=0.021697 rto=1.000000 retransmitted=0 dupack=0
timestamp_ns=3947254831938 event=DATA_ACK state=ESTABLISHED seq=1946715251 ack=518618540 snd_una=1946715251 snd_nxt=1946715251 rcv_nxt=518618540 rwnd=65535 recv_used=30360 right_edge=1946780786 flight=0 sample_rtt=NA srtt=0.043393 rttvar=0.021697 rto=1.000000 retransmitted=0 dupack=0
timestamp_ns=3947254836487 event=RECEIVE state=ESTABLISHED seq=518653040 ack=1946715251 snd_una=1946715251 snd_nxt=1946715251 rcv_nxt=518618540 rwnd=65535 recv_used=30360 right_edge=1946780786 flight=0 sample_rtt=NA srtt=0.043393 rttvar=0.021697 rto=1.000000 retransmitted=0 dupack=0
timestamp_ns=3947254838170 event=DATA_ACK state=ESTABLISHED seq=1946715251 ack=518618540 snd_una=1946715251 snd_nxt=1946715251 rcv_nxt=518618540 rwnd=65535 recv_used=31740 right_edge=1946780786 flight=0 sample_rtt=NA srtt=0.043393 rttvar=0.021697 rto=1.000000 retransmitted=0 dupack=0
timestamp_ns=3947254841146 event=RECEIVE state=ESTABLISHED seq=518654420 ack=1946715251 snd_una=1946715251 snd_nxt=1946715251 rcv_nxt=518618540 rwnd=65535 recv_used=31740 right_edge=1946780786 flight=0 sample_rtt=NA srtt=0.043393 rttvar=0.021697 rto=1.000000 retransmitted=0 dupack=0
timestamp_ns=3947254842568 event=DATA_ACK state=ESTABLISHED seq=1946715251 ack=518618540 snd_una=1946715251 snd_nxt=1946715251 rcv_nxt=518618540 rwnd=65535 recv_used=33120 right_edge=1946780786 flight=0 sample_rtt=NA srtt=0.043393 rttvar=0.021697 rto=1.000000 retransmitted=0 dupack=0
timestamp_ns=3947254845193 event=RECEIVE state=ESTABLISHED seq=518655800 ack=1946715251 snd_una=1946715251 snd_nxt=1946715251 rcv_nxt=518618540 rwnd=65535 recv_used=33120 right_edge=1946780786 flight=0 sample_rtt=NA srtt=0.043393 rttvar=0.021697 rto=1.000000 retransmitted=0 dupack=0
timestamp_ns=3947254862977 event=DATA_ACK state=ESTABLISHED seq=1946715251 ack=518618540 snd_una=1946715251 snd_nxt=1946715251 rcv_nxt=518618540 rwnd=65535 recv_used=34500 right_edge=1946780786 flight=0 sample_rtt=NA srtt=0.043393 rttvar=0.021697 rto=1.000000 retransmitted=0 dupack=0
timestamp_ns=3947254865832 event=RECEIVE state=ESTABLISHED seq=518657180 ack=1946715251 snd_una=1946715251 snd_nxt=1946715251 rcv_nxt=518618540 rwnd=65535 recv_used=34500 right_edge=1946780786 flight=0 sample_rtt=NA srtt=0.043393 rttvar=0.021697 rto=1.000000 retransmitted=0 dupack=0
timestamp_ns=3947254867265 event=DATA_ACK state=ESTABLISHED seq=1946715251 ack=518618540 snd_una=1946715251 snd_nxt=1946715251 rcv_nxt=518618540 rwnd=65535 recv_used=35880 right_edge=1946780786 flight=0 sample_rtt=NA srtt=0.043393 rttvar=0.021697 rto=1.000000 retransmitted=0 dupack=0
timestamp_ns=3947254869870 event=RECEIVE state=ESTABLISHED seq=518658560 ack=1946715251 snd_una=1946715251 snd_nxt=1946715251 rcv_nxt=518618540 rwnd=65535 recv_used=35880 right_edge=1946780786 flight=0 sample_rtt=NA srtt=0.043393 rttvar=0.021697 rto=1.000000 retransmitted=0 dupack=0
timestamp_ns=3947254871383 event=DATA_ACK state=ESTABLISHED seq=1946715251 ack=518618540 snd_una=1946715251 snd_nxt=1946715251 rcv_nxt=518618540 rwnd=65535 recv_used=37260 right_edge=1946780786 flight=0 sample_rtt=NA srtt=0.043393 rttvar=0.021697 rto=1.000000 retransmitted=0 dupack=0
timestamp_ns=3947254874308 event=RECEIVE state=ESTABLISHED seq=518659940 ack=1946715251 snd_una=1946715251 snd_nxt=1946715251 rcv_nxt=518618540 rwnd=65535 recv_used=37260 right_edge=1946780786 flight=0 sample_rtt=NA srtt=0.043393 rttvar=0.021697 rto=1.000000 retransmitted=0 dupack=0
timestamp_ns=3947254875861 event=DATA_ACK state=ESTABLISHED seq=1946715251 ack=518618540 snd_una=1946715251 snd_nxt=1946715251 rcv_nxt=518618540 rwnd=65535 recv_used=38640 right_edge=1946780786 flight=0 sample_rtt=NA srtt=0.043393 rttvar=0.021697 rto=1.000000 retransmitted=0 dupack=0
timestamp_ns=3947254878657 event=RECEIVE state=ESTABLISHED seq=518661320 ack=1946715251 snd_una=1946715251 snd_nxt=1946715251 rcv_nxt=518618540 rwnd=65535 recv_used=38640 right_edge=1946780786 flight=0 sample_rtt=NA srtt=0.043393 rttvar=0.021697 rto=1.000000 retransmitted=0 dupack=0
timestamp_ns=3947254880260 event=DATA_ACK state=ESTABLISHED seq=1946715251 ack=518618540 snd_una=1946715251 snd_nxt=1946715251 rcv_nxt=518618540 rwnd=65535 recv_used=40020 right_edge=1946780786 flight=0 sample_rtt=NA srtt=0.043393 rttvar=0.021697 rto=1.000000 retransmitted=0 dupack=0
timestamp_ns=3947254883075 event=RECEIVE state=ESTABLISHED seq=518662700 ack=1946715251 snd_una=1946715251 snd_nxt=1946715251 rcv_nxt=518618540 rwnd=65535 recv_used=40020 right_edge=1946780786 flight=0 sample_rtt=NA srtt=0.043393 rttvar=0.021697 rto=1.000000 retransmitted=0 dupack=0
timestamp_ns=3947254884738 event=DATA_ACK state=ESTABLISHED seq=1946715251 ack=518618540 snd_una=1946715251 snd_nxt=1946715251 rcv_nxt=518618540 rwnd=65535 recv_used=41400 right_edge=1946780786 flight=0 sample_rtt=NA srtt=0.043393 rttvar=0.021697 rto=1.000000 retransmitted=0 dupack=0
timestamp_ns=3947254887764 event=RECEIVE state=ESTABLISHED seq=518664080 ack=1946715251 snd_una=1946715251 snd_nxt=1946715251 rcv_nxt=518618540 rwnd=65535 recv_used=41400 right_edge=1946780786 flight=0 sample_rtt=NA srtt=0.043393 rttvar=0.021697 rto=1.000000 retransmitted=0 dupack=0
timestamp_ns=3947254889367 event=DATA_ACK state=ESTABLISHED seq=1946715251 ack=518618540 snd_una=1946715251 snd_nxt=1946715251 rcv_nxt=518618540 rwnd=65535 recv_used=42780 right_edge=1946780786 flight=0 sample_rtt=NA srtt=0.043393 rttvar=0.021697 rto=1.000000 retransmitted=0 dupack=0
timestamp_ns=3947254892192 event=RECEIVE state=ESTABLISHED seq=518665460 ack=1946715251 snd_una=1946715251 snd_nxt=1946715251 rcv_nxt=518618540 rwnd=65535 recv_used=42780 right_edge=1946780786 flight=0 sample_rtt=NA srtt=0.043393 rttvar=0.021697 rto=1.000000 retransmitted=0 dupack=0
timestamp_ns=3947254897092 event=DATA_ACK state=ESTABLISHED seq=1946715251 ack=518618540 snd_una=1946715251 snd_nxt=1946715251 rcv_nxt=518618540 rwnd=65535 recv_used=44160 right_edge=1946780786 flight=0 sample_rtt=NA srtt=0.043393 rttvar=0.021697 rto=1.000000 retransmitted=0 dupack=0
timestamp_ns=3947254900017 event=RECEIVE state=ESTABLISHED seq=518666840 ack=1946715251 snd_una=1946715251 snd_nxt=1946715251 rcv_nxt=518618540 rwnd=65535 recv_used=44160 right_edge=1946780786 flight=0 sample_rtt=NA srtt=0.043393 rttvar=0.021697 rto=1.000000 retransmitted=0 dupack=0
timestamp_ns=3947254909776 event=DATA_ACK state=ESTABLISHED seq=1946715251 ack=518618540 snd_una=1946715251 snd_nxt=1946715251 rcv_nxt=518618540 rwnd=65535 recv_used=45540 right_edge=1946780786 flight=0 sample_rtt=NA srtt=0.043393 rttvar=0.021697 rto=1.000000 retransmitted=0 dupack=0
timestamp_ns=3947254912781 event=RECEIVE state=ESTABLISHED seq=518668220 ack=1946715251 snd_una=1946715251 snd_nxt=1946715251 rcv_nxt=518618540 rwnd=65535 recv_used=45540 right_edge=1946780786 flight=0 sample_rtt=NA srtt=0.043393 rttvar=0.021697 rto=1.000000 retransmitted=0 dupack=0
timestamp_ns=3947254914615 event=DATA_ACK state=ESTABLISHED seq=1946715251 ack=518618540 snd_una=1946715251 snd_nxt=1946715251 rcv_nxt=518618540 rwnd=65535 recv_used=46920 right_edge=1946780786 flight=0 sample_rtt=NA srtt=0.043393 rttvar=0.021697 rto=1.000000 retransmitted=0 dupack=0
timestamp_ns=3947254917390 event=RECEIVE state=ESTABLISHED seq=518669600 ack=1946715251 snd_una=1946715251 snd_nxt=1946715251 rcv_nxt=518618540 rwnd=65535 recv_used=46920 right_edge=1946780786 flight=0 sample_rtt=NA srtt=0.043393 rttvar=0.021697 rto=1.000000 retransmitted=0 dupack=0
timestamp_ns=3947254919103 event=DATA_ACK state=ESTABLISHED seq=1946715251 ack=518618540 snd_una=1946715251 snd_nxt=1946715251 rcv_nxt=518618540 rwnd=65535 recv_used=48300 right_edge=1946780786 flight=0 sample_rtt=NA srtt=0.043393 rttvar=0.021697 rto=1.000000 retransmitted=0 dupack=0
timestamp_ns=3947254921959 event=RECEIVE state=ESTABLISHED seq=518670980 ack=1946715251 snd_una=1946715251 snd_nxt=1946715251 rcv_nxt=518618540 rwnd=65535 recv_used=48300 right_edge=1946780786 flight=0 sample_rtt=NA srtt=0.043393 rttvar=0.021697 rto=1.000000 retransmitted=0 dupack=0
timestamp_ns=3947254926547 event=DATA_ACK state=ESTABLISHED seq=1946715251 ack=518618540 snd_una=1946715251 snd_nxt=1946715251 rcv_nxt=518618540 rwnd=65535 recv_used=49680 right_edge=1946780786 flight=0 sample_rtt=NA srtt=0.043393 rttvar=0.021697 rto=1.000000 retransmitted=0 dupack=0
timestamp_ns=3947254929223 event=RECEIVE state=ESTABLISHED seq=518672360 ack=1946715251 snd_una=1946715251 snd_nxt=1946715251 rcv_nxt=518618540 rwnd=65535 recv_used=49680 right_edge=1946780786 flight=0 sample_rtt=NA srtt=0.043393 rttvar=0.021697 rto=1.000000 retransmitted=0 dupack=0
timestamp_ns=3947254930505 event=DATA_ACK state=ESTABLISHED seq=1946715251 ack=518618540 snd_una=1946715251 snd_nxt=1946715251 rcv_nxt=518618540 rwnd=65535 recv_used=51060 right_edge=1946780786 flight=0 sample_rtt=NA srtt=0.043393 rttvar=0.021697 rto=1.000000 retransmitted=0 dupack=0
timestamp_ns=3947254933020 event=RECEIVE state=ESTABLISHED seq=518673740 ack=1946715251 snd_una=1946715251 snd_nxt=1946715251 rcv_nxt=518618540 rwnd=65535 recv_used=51060 right_edge=1946780786 flight=0 sample_rtt=NA srtt=0.043393 rttvar=0.021697 rto=1.000000 retransmitted=0 dupack=0
timestamp_ns=3947254934212 event=DATA_ACK state=ESTABLISHED seq=1946715251 ack=518618540 snd_una=1946715251 snd_nxt=1946715251 rcv_nxt=518618540 rwnd=65535 recv_used=51736 right_edge=1946780786 flight=0 sample_rtt=NA srtt=0.043393 rttvar=0.021697 rto=1.000000 retransmitted=0 dupack=0
timestamp_ns=3947254936576 event=RECEIVE state=ESTABLISHED seq=518674416 ack=1946715251 snd_una=1946715251 snd_nxt=1946715251 rcv_nxt=518618540 rwnd=65535 recv_used=51736 right_edge=1946780786 flight=0 sample_rtt=NA srtt=0.043393 rttvar=0.021697 rto=1.000000 retransmitted=0 dupack=0
timestamp_ns=3947254944231 event=DATA_ACK state=ESTABLISHED seq=1946715251 ack=518618540 snd_una=1946715251 snd_nxt=1946715251 rcv_nxt=518618540 rwnd=65535 recv_used=53116 right_edge=1946780786 flight=0 sample_rtt=NA srtt=0.043393 rttvar=0.021697 rto=1.000000 retransmitted=0 dupack=0
timestamp_ns=3947254947327 event=RECEIVE state=ESTABLISHED seq=518675796 ack=1946715251 snd_una=1946715251 snd_nxt=1946715251 rcv_nxt=518618540 rwnd=65535 recv_used=53116 right_edge=1946780786 flight=0 sample_rtt=NA srtt=0.043393 rttvar=0.021697 rto=1.000000 retransmitted=0 dupack=0
timestamp_ns=3947254949070 event=DATA_ACK state=ESTABLISHED seq=1946715251 ack=518618540 snd_una=1946715251 snd_nxt=1946715251 rcv_nxt=518618540 rwnd=65535 recv_used=54496 right_edge=1946780786 flight=0 sample_rtt=NA srtt=0.043393 rttvar=0.021697 rto=1.000000 retransmitted=0 dupack=0
timestamp_ns=3947254951685 event=RECEIVE state=ESTABLISHED seq=518677176 ack=1946715251 snd_una=1946715251 snd_nxt=1946715251 rcv_nxt=518618540 rwnd=65535 recv_used=54496 right_edge=1946780786 flight=0 sample_rtt=NA srtt=0.043393 rttvar=0.021697 rto=1.000000 retransmitted=0 dupack=0
timestamp_ns=3947254953338 event=DATA_ACK state=ESTABLISHED seq=1946715251 ack=518618540 snd_una=1946715251 snd_nxt=1946715251 rcv_nxt=518618540 rwnd=65535 recv_used=55876 right_edge=1946780786 flight=0 sample_rtt=NA srtt=0.043393 rttvar=0.021697 rto=1.000000 retransmitted=0 dupack=0
timestamp_ns=3947254955733 event=RECEIVE state=ESTABLISHED seq=518678556 ack=1946715251 snd_una=1946715251 snd_nxt=1946715251 rcv_nxt=518618540 rwnd=65535 recv_used=55876 right_edge=1946780786 flight=0 sample_rtt=NA srtt=0.043393 rttvar=0.021697 rto=1.000000 retransmitted=0 dupack=0
timestamp_ns=3947254960181 event=DATA_ACK state=ESTABLISHED seq=1946715251 ack=518618540 snd_una=1946715251 snd_nxt=1946715251 rcv_nxt=518618540 rwnd=65535 recv_used=57256 right_edge=1946780786 flight=0 sample_rtt=NA srtt=0.043393 rttvar=0.021697 rto=1.000000 retransmitted=0 dupack=0
timestamp_ns=3947254963107 event=RECEIVE state=ESTABLISHED seq=518679936 ack=1946715251 snd_una=1946715251 snd_nxt=1946715251 rcv_nxt=518618540 rwnd=65535 recv_used=57256 right_edge=1946780786 flight=0 sample_rtt=NA srtt=0.043393 rttvar=0.021697 rto=1.000000 retransmitted=0 dupack=0
timestamp_ns=3947254964439 event=DATA_ACK state=ESTABLISHED seq=1946715251 ack=518618540 snd_una=1946715251 snd_nxt=1946715251 rcv_nxt=518618540 rwnd=65535 recv_used=58636 right_edge=1946780786 flight=0 sample_rtt=NA srtt=0.043393 rttvar=0.021697 rto=1.000000 retransmitted=0 dupack=0
timestamp_ns=3947254967315 event=RECEIVE state=ESTABLISHED seq=518681316 ack=1946715251 snd_una=1946715251 snd_nxt=1946715251 rcv_nxt=518618540 rwnd=65535 recv_used=58636 right_edge=1946780786 flight=0 sample_rtt=NA srtt=0.043393 rttvar=0.021697 rto=1.000000 retransmitted=0 dupack=0
timestamp_ns=3947254969108 event=DATA_ACK state=ESTABLISHED seq=1946715251 ack=518618540 snd_una=1946715251 snd_nxt=1946715251 rcv_nxt=518618540 rwnd=65535 recv_used=60016 right_edge=1946780786 flight=0 sample_rtt=NA srtt=0.043393 rttvar=0.021697 rto=1.000000 retransmitted=0 dupack=0
timestamp_ns=3947299709265 event=RECEIVE state=ESTABLISHED seq=518618540 ack=1946715251 snd_una=1946715251 snd_nxt=1946715251 rcv_nxt=518618540 rwnd=65535 recv_used=60016 right_edge=1946780786 flight=0 sample_rtt=NA srtt=0.043393 rttvar=0.021697 rto=1.000000 retransmitted=0 dupack=0
timestamp_ns=3947299729924 event=DATA_ACK state=ESTABLISHED seq=1946715251 ack=518626820 snd_una=1946715251 snd_nxt=1946715251 rcv_nxt=518626820 rwnd=65535 recv_used=61396 right_edge=1946780786 flight=0 sample_rtt=NA srtt=0.043393 rttvar=0.021697 rto=1.000000 retransmitted=0 dupack=0
timestamp_ns=3947341763045 event=RECEIVE state=ESTABLISHED seq=518682696 ack=1946715251 snd_una=1946715251 snd_nxt=1946715251 rcv_nxt=518626820 rwnd=65535 recv_used=53116 right_edge=1946780786 flight=0 sample_rtt=NA srtt=0.043393 rttvar=0.021697 rto=1.000000 retransmitted=0 dupack=0
timestamp_ns=3947341785327 event=DATA_ACK state=ESTABLISHED seq=1946715251 ack=518626820 snd_una=1946715251 snd_nxt=1946715251 rcv_nxt=518626820 rwnd=65535 recv_used=54496 right_edge=1946780786 flight=0 sample_rtt=NA srtt=0.043393 rttvar=0.021697 rto=1.000000 retransmitted=0 dupack=0
timestamp_ns=3947341809383 event=RECEIVE state=ESTABLISHED seq=518684076 ack=1946715251 snd_una=1946715251 snd_nxt=1946715251 rcv_nxt=518626820 rwnd=65535 recv_used=54496 right_edge=1946780786 flight=0 sample_rtt=NA srtt=0.043393 rttvar=0.021697 rto=1.000000 retransmitted=0 dupack=0
timestamp_ns=3947341811897 event=DATA_ACK state=ESTABLISHED seq=1946715251 ack=518626820 snd_una=1946715251 snd_nxt=1946715251 rcv_nxt=518626820 rwnd=65535 recv_used=55876 right_edge=1946780786 flight=0 sample_rtt=NA srtt=0.043393 rttvar=0.021697 rto=1.000000 retransmitted=0 dupack=0
timestamp_ns=3947341814743 event=RECEIVE state=ESTABLISHED seq=518685456 ack=1946715251 snd_una=1946715251 snd_nxt=1946715251 rcv_nxt=518626820 rwnd=65535 recv_used=55876 right_edge=1946780786 flight=0 sample_rtt=NA srtt=0.043393 rttvar=0.021697 rto=1.000000 retransmitted=0 dupack=0
timestamp_ns=3947341816466 event=DATA_ACK state=ESTABLISHED seq=1946715251 ack=518626820 snd_una=1946715251 snd_nxt=1946715251 rcv_nxt=518626820 rwnd=65535 recv_used=57256 right_edge=1946780786 flight=0 sample_rtt=NA srtt=0.043393 rttvar=0.021697 rto=1.000000 retransmitted=0 dupack=0
timestamp_ns=3947341818630 event=RECEIVE state=ESTABLISHED seq=518686836 ack=1946715251 snd_una=1946715251 snd_nxt=1946715251 rcv_nxt=518626820 rwnd=65535 recv_used=57256 right_edge=1946780786 flight=0 sample_rtt=NA srtt=0.043393 rttvar=0.021697 rto=1.000000 retransmitted=0 dupack=0
timestamp_ns=3947341825183 event=DATA_ACK state=ESTABLISHED seq=1946715251 ack=518626820 snd_una=1946715251 snd_nxt=1946715251 rcv_nxt=518626820 rwnd=65535 recv_used=58636 right_edge=1946780786 flight=0 sample_rtt=NA srtt=0.043393 rttvar=0.021697 rto=1.000000 retransmitted=0 dupack=0
timestamp_ns=3947341827307 event=RECEIVE state=ESTABLISHED seq=518688216 ack=1946715251 snd_una=1946715251 snd_nxt=1946715251 rcv_nxt=518626820 rwnd=65535 recv_used=58636 right_edge=1946780786 flight=0 sample_rtt=NA srtt=0.043393 rttvar=0.021697 rto=1.000000 retransmitted=0 dupack=0
timestamp_ns=3947341828810 event=DATA_ACK state=ESTABLISHED seq=1946715251 ack=518626820 snd_una=1946715251 snd_nxt=1946715251 rcv_nxt=518626820 rwnd=65535 recv_used=60016 right_edge=1946780786 flight=0 sample_rtt=NA srtt=0.043393 rttvar=0.021697 rto=1.000000 retransmitted=0 dupack=0
timestamp_ns=3947341831164 event=RECEIVE state=ESTABLISHED seq=518689596 ack=1946715251 snd_una=1946715251 snd_nxt=1946715251 rcv_nxt=518626820 rwnd=65535 recv_used=60016 right_edge=1946780786 flight=0 sample_rtt=NA srtt=0.043393 rttvar=0.021697 rto=1.000000 retransmitted=0 dupack=0
timestamp_ns=3947341832647 event=DATA_ACK state=ESTABLISHED seq=1946715251 ack=518626820 snd_una=1946715251 snd_nxt=1946715251 rcv_nxt=518626820 rwnd=65535 recv_used=61396 right_edge=1946780786 flight=0 sample_rtt=NA srtt=0.043393 rttvar=0.021697 rto=1.000000 retransmitted=0 dupack=0
timestamp_ns=3947383710634 event=RECEIVE state=ESTABLISHED seq=518626820 ack=1946715251 snd_una=1946715251 snd_nxt=1946715251 rcv_nxt=518626820 rwnd=65535 recv_used=61396 right_edge=1946780786 flight=0 sample_rtt=NA srtt=0.043393 rttvar=0.021697 rto=1.000000 retransmitted=0 dupack=0
timestamp_ns=3947383730401 event=DATA_ACK state=ESTABLISHED seq=1946715251 ack=518633720 snd_una=1946715251 snd_nxt=1946715251 rcv_nxt=518633720 rwnd=65535 recv_used=62776 right_edge=1946780786 flight=0 sample_rtt=NA srtt=0.043393 rttvar=0.021697 rto=1.000000 retransmitted=0 dupack=0
timestamp_ns=3947426111291 event=RECEIVE state=ESTABLISHED seq=518690976 ack=1946715251 snd_una=1946715251 snd_nxt=1946715251 rcv_nxt=518633720 rwnd=65535 recv_used=55876 right_edge=1946780786 flight=0 sample_rtt=NA srtt=0.043393 rttvar=0.021697 rto=1.000000 retransmitted=0 dupack=0
timestamp_ns=3947426133554 event=DATA_ACK state=ESTABLISHED seq=1946715251 ack=518633720 snd_una=1946715251 snd_nxt=1946715251 rcv_nxt=518633720 rwnd=65535 recv_used=57256 right_edge=1946780786 flight=0 sample_rtt=NA srtt=0.043393 rttvar=0.021697 rto=1.000000 retransmitted=0 dupack=0
timestamp_ns=3947426159212 event=RECEIVE state=ESTABLISHED seq=518692356 ack=1946715251 snd_una=1946715251 snd_nxt=1946715251 rcv_nxt=518633720 rwnd=65535 recv_used=57256 right_edge=1946780786 flight=0 sample_rtt=NA srtt=0.043393 rttvar=0.021697 rto=1.000000 retransmitted=0 dupack=0
timestamp_ns=3947426162228 event=DATA_ACK state=ESTABLISHED seq=1946715251 ack=518633720 snd_una=1946715251 snd_nxt=1946715251 rcv_nxt=518633720 rwnd=65535 recv_used=58636 right_edge=1946780786 flight=0 sample_rtt=NA srtt=0.043393 rttvar=0.021697 rto=1.000000 retransmitted=0 dupack=0
timestamp_ns=3947426164783 event=RECEIVE state=ESTABLISHED seq=518693736 ack=1946715251 snd_una=1946715251 snd_nxt=1946715251 rcv_nxt=518633720 rwnd=65535 recv_used=58636 right_edge=1946780786 flight=0 sample_rtt=NA srtt=0.043393 rttvar=0.021697 rto=1.000000 retransmitted=0 dupack=0
timestamp_ns=3947426167177 event=DATA_ACK state=ESTABLISHED seq=1946715251 ack=518633720 snd_una=1946715251 snd_nxt=1946715251 rcv_nxt=518633720 rwnd=65535 recv_used=60016 right_edge=1946780786 flight=0 sample_rtt=NA srtt=0.043393 rttvar=0.021697 rto=1.000000 retransmitted=0 dupack=0
timestamp_ns=3947426169452 event=RECEIVE state=ESTABLISHED seq=518695116 ack=1946715251 snd_una=1946715251 snd_nxt=1946715251 rcv_nxt=518633720 rwnd=65535 recv_used=60016 right_edge=1946780786 flight=0 sample_rtt=NA srtt=0.043393 rttvar=0.021697 rto=1.000000 retransmitted=0 dupack=0
timestamp_ns=3947426171175 event=DATA_ACK state=ESTABLISHED seq=1946715251 ack=518633720 snd_una=1946715251 snd_nxt=1946715251 rcv_nxt=518633720 rwnd=65535 recv_used=61396 right_edge=1946780786 flight=0 sample_rtt=NA srtt=0.043393 rttvar=0.021697 rto=1.000000 retransmitted=0 dupack=0
timestamp_ns=3947426174060 event=RECEIVE state=ESTABLISHED seq=518696496 ack=1946715251 snd_una=1946715251 snd_nxt=1946715251 rcv_nxt=518633720 rwnd=65535 recv_used=61396 right_edge=1946780786 flight=0 sample_rtt=NA srtt=0.043393 rttvar=0.021697 rto=1.000000 retransmitted=0 dupack=0
timestamp_ns=3947426175643 event=DATA_ACK state=ESTABLISHED seq=1946715251 ack=518633720 snd_una=1946715251 snd_nxt=1946715251 rcv_nxt=518633720 rwnd=65535 recv_used=62776 right_edge=1946780786 flight=0 sample_rtt=NA srtt=0.043393 rttvar=0.021697 rto=1.000000 retransmitted=0 dupack=0
timestamp_ns=3947468777868 event=RECEIVE state=ESTABLISHED seq=518633720 ack=1946715251 snd_una=1946715251 snd_nxt=1946715251 rcv_nxt=518633720 rwnd=65535 recv_used=62776 right_edge=1946780786 flight=0 sample_rtt=NA srtt=0.043393 rttvar=0.021697 rto=1.000000 retransmitted=0 dupack=0
timestamp_ns=3947468849494 event=DATA_ACK state=ESTABLISHED seq=1946715251 ack=518697876 snd_una=1946715251 snd_nxt=1946715251 rcv_nxt=518697876 rwnd=65535 recv_used=64156 right_edge=1946780786 flight=0 sample_rtt=NA srtt=0.043393 rttvar=0.021697 rto=1.000000 retransmitted=0 dupack=0
timestamp_ns=3947511011043 event=RECEIVE state=ESTABLISHED seq=518697876 ack=1946715251 snd_una=1946715251 snd_nxt=1946715251 rcv_nxt=518697876 rwnd=65535 recv_used=0 right_edge=1946780786 flight=0 sample_rtt=NA srtt=0.043393 rttvar=0.021697 rto=1.000000 retransmitted=0 dupack=0
timestamp_ns=3947511027955 event=DATA_ACK state=ESTABLISHED seq=1946715251 ack=518699256 snd_una=1946715251 snd_nxt=1946715251 rcv_nxt=518699256 rwnd=65535 recv_used=1380 right_edge=1946780786 flight=0 sample_rtt=NA srtt=0.043393 rttvar=0.021697 rto=1.000000 retransmitted=0 dupack=0
timestamp_ns=3947511054455 event=RECEIVE state=ESTABLISHED seq=518699256 ack=1946715251 snd_una=1946715251 snd_nxt=1946715251 rcv_nxt=518699256 rwnd=65535 recv_used=0 right_edge=1946780786 flight=0 sample_rtt=NA srtt=0.043393 rttvar=0.021697 rto=1.000000 retransmitted=0 dupack=0
timestamp_ns=3947511057050 event=DATA_ACK state=ESTABLISHED seq=1946715251 ack=518700636 snd_una=1946715251 snd_nxt=1946715251 rcv_nxt=518700636 rwnd=65535 recv_used=1380 right_edge=1946780786 flight=0 sample_rtt=NA srtt=0.043393 rttvar=0.021697 rto=1.000000 retransmitted=0 dupack=0
timestamp_ns=3947511062080 event=RECEIVE state=ESTABLISHED seq=518700636 ack=1946715251 snd_una=1946715251 snd_nxt=1946715251 rcv_nxt=518700636 rwnd=65535 recv_used=0 right_edge=1946780786 flight=0 sample_rtt=NA srtt=0.043393 rttvar=0.021697 rto=1.000000 retransmitted=0 dupack=0
timestamp_ns=3947511068322 event=DATA_ACK state=ESTABLISHED seq=1946715251 ack=518702016 snd_una=1946715251 snd_nxt=1946715251 rcv_nxt=518702016 rwnd=65535 recv_used=1380 right_edge=1946780786 flight=0 sample_rtt=NA srtt=0.043393 rttvar=0.021697 rto=1.000000 retransmitted=0 dupack=0
timestamp_ns=3947511072930 event=RECEIVE state=ESTABLISHED seq=518702016 ack=1946715251 snd_una=1946715251 snd_nxt=1946715251 rcv_nxt=518702016 rwnd=65535 recv_used=0 right_edge=1946780786 flight=0 sample_rtt=NA srtt=0.043393 rttvar=0.021697 rto=1.000000 retransmitted=0 dupack=0
timestamp_ns=3947511075956 event=DATA_ACK state=ESTABLISHED seq=1946715251 ack=518703396 snd_una=1946715251 snd_nxt=1946715251 rcv_nxt=518703396 rwnd=65535 recv_used=1380 right_edge=1946780786 flight=0 sample_rtt=NA srtt=0.043393 rttvar=0.021697 rto=1.000000 retransmitted=0 dupack=0
timestamp_ns=3947511081417 event=RECEIVE state=ESTABLISHED seq=518703396 ack=1946715251 snd_una=1946715251 snd_nxt=1946715251 rcv_nxt=518703396 rwnd=65535 recv_used=0 right_edge=1946780786 flight=0 sample_rtt=NA srtt=0.043393 rttvar=0.021697 rto=1.000000 retransmitted=0 dupack=0
timestamp_ns=3947511083561 event=DATA_ACK state=ESTABLISHED seq=1946715251 ack=518704776 snd_una=1946715251 snd_nxt=1946715251 rcv_nxt=518704776 rwnd=65535 recv_used=1380 right_edge=1946780786 flight=0 sample_rtt=NA srtt=0.043393 rttvar=0.021697 rto=1.000000 retransmitted=0 dupack=0
timestamp_ns=3947511088440 event=RECEIVE state=ESTABLISHED seq=518704776 ack=1946715251 snd_una=1946715251 snd_nxt=1946715251 rcv_nxt=518704776 rwnd=65535 recv_used=0 right_edge=1946780786 flight=0 sample_rtt=NA srtt=0.043393 rttvar=0.021697 rto=1.000000 retransmitted=0 dupack=0
timestamp_ns=3947511090594 event=DATA_ACK state=ESTABLISHED seq=1946715251 ack=518706156 snd_una=1946715251 snd_nxt=1946715251 rcv_nxt=518706156 rwnd=65535 recv_used=1380 right_edge=1946780786 flight=0 sample_rtt=NA srtt=0.043393 rttvar=0.021697 rto=1.000000 retransmitted=0 dupack=0
timestamp_ns=3947511094932 event=RECEIVE state=ESTABLISHED seq=518706156 ack=1946715251 snd_una=1946715251 snd_nxt=1946715251 rcv_nxt=518706156 rwnd=65535 recv_used=0 right_edge=1946780786 flight=0 sample_rtt=NA srtt=0.043393 rttvar=0.021697 rto=1.000000 retransmitted=0 dupack=0
timestamp_ns=3947511097737 event=DATA_ACK state=ESTABLISHED seq=1946715251 ack=518707536 snd_una=1946715251 snd_nxt=1946715251 rcv_nxt=518707536 rwnd=65535 recv_used=1380 right_edge=1946780786 flight=0 sample_rtt=NA srtt=0.043393 rttvar=0.021697 rto=1.000000 retransmitted=0 dupack=0
timestamp_ns=3947511103278 event=RECEIVE state=ESTABLISHED seq=518707536 ack=1946715251 snd_una=1946715251 snd_nxt=1946715251 rcv_nxt=518707536 rwnd=65535 recv_used=0 right_edge=1946780786 flight=0 sample_rtt=NA srtt=0.043393 rttvar=0.021697 rto=1.000000 retransmitted=0 dupack=0
timestamp_ns=3947511105422 event=DATA_ACK state=ESTABLISHED seq=1946715251 ack=518708916 snd_una=1946715251 snd_nxt=1946715251 rcv_nxt=518708916 rwnd=65535 recv_used=1380 right_edge=1946780786 flight=0 sample_rtt=NA srtt=0.043393 rttvar=0.021697 rto=1.000000 retransmitted=0 dupack=0
timestamp_ns=3947511110361 event=RECEIVE state=ESTABLISHED seq=518708916 ack=1946715251 snd_una=1946715251 snd_nxt=1946715251 rcv_nxt=518708916 rwnd=65535 recv_used=0 right_edge=1946780786 flight=0 sample_rtt=NA srtt=0.043393 rttvar=0.021697 rto=1.000000 retransmitted=0 dupack=0
timestamp_ns=3947511112505 event=DATA_ACK state=ESTABLISHED seq=1946715251 ack=518710296 snd_una=1946715251 snd_nxt=1946715251 rcv_nxt=518710296 rwnd=65535 recv_used=1380 right_edge=1946780786 flight=0 sample_rtt=NA srtt=0.043393 rttvar=0.021697 rto=1.000000 retransmitted=0 dupack=0
timestamp_ns=3947511116834 event=RECEIVE state=ESTABLISHED seq=518710296 ack=1946715251 snd_una=1946715251 snd_nxt=1946715251 rcv_nxt=518710296 rwnd=65535 recv_used=0 right_edge=1946780786 flight=0 sample_rtt=NA srtt=0.043393 rttvar=0.021697 rto=1.000000 retransmitted=0 dupack=0
timestamp_ns=3947511121673 event=DATA_ACK state=ESTABLISHED seq=1946715251 ack=518711676 snd_una=1946715251 snd_nxt=1946715251 rcv_nxt=518711676 rwnd=65535 recv_used=1380 right_edge=1946780786 flight=0 sample_rtt=NA srtt=0.043393 rttvar=0.021697 rto=1.000000 retransmitted=0 dupack=0
timestamp_ns=3947511127344 event=RECEIVE state=ESTABLISHED seq=518711676 ack=1946715251 snd_una=1946715251 snd_nxt=1946715251 rcv_nxt=518711676 rwnd=65535 recv_used=0 right_edge=1946780786 flight=0 sample_rtt=NA srtt=0.043393 rttvar=0.021697 rto=1.000000 retransmitted=0 dupack=0
timestamp_ns=3947511129518 event=DATA_ACK state=ESTABLISHED seq=1946715251 ack=518713056 snd_una=1946715251 snd_nxt=1946715251 rcv_nxt=518713056 rwnd=65535 recv_used=1380 right_edge=1946780786 flight=0 sample_rtt=NA srtt=0.043393 rttvar=0.021697 rto=1.000000 retransmitted=0 dupack=0
timestamp_ns=3947511134076 event=RECEIVE state=ESTABLISHED seq=518713056 ack=1946715251 snd_una=1946715251 snd_nxt=1946715251 rcv_nxt=518713056 rwnd=65535 recv_used=0 right_edge=1946780786 flight=0 sample_rtt=NA srtt=0.043393 rttvar=0.021697 rto=1.000000 retransmitted=0 dupack=0
timestamp_ns=3947511136230 event=DATA_ACK state=ESTABLISHED seq=1946715251 ack=518714436 snd_una=1946715251 snd_nxt=1946715251 rcv_nxt=518714436 rwnd=65535 recv_used=1380 right_edge=1946780786 flight=0 sample_rtt=NA srtt=0.043393 rttvar=0.021697 rto=1.000000 retransmitted=0 dupack=0
timestamp_ns=3947511140579 event=RECEIVE state=ESTABLISHED seq=518714436 ack=1946715251 snd_una=1946715251 snd_nxt=1946715251 rcv_nxt=518714436 rwnd=65535 recv_used=0 right_edge=1946780786 flight=0 sample_rtt=NA srtt=0.043393 rttvar=0.021697 rto=1.000000 retransmitted=0 dupack=0
timestamp_ns=3947511143474 event=DATA_ACK state=ESTABLISHED seq=1946715251 ack=518715816 snd_una=1946715251 snd_nxt=1946715251 rcv_nxt=518715816 rwnd=65535 recv_used=1380 right_edge=1946780786 flight=0 sample_rtt=NA srtt=0.043393 rttvar=0.021697 rto=1.000000 retransmitted=0 dupack=0
timestamp_ns=3947511159344 event=RECEIVE state=ESTABLISHED seq=518715816 ack=1946715251 snd_una=1946715251 snd_nxt=1946715251 rcv_nxt=518715816 rwnd=65535 recv_used=0 right_edge=1946780786 flight=0 sample_rtt=NA srtt=0.043393 rttvar=0.021697 rto=1.000000 retransmitted=0 dupack=0
timestamp_ns=3947511161498 event=DATA_ACK state=ESTABLISHED seq=1946715251 ack=518717196 snd_una=1946715251 snd_nxt=1946715251 rcv_nxt=518717196 rwnd=65535 recv_used=1380 right_edge=1946780786 flight=0 sample_rtt=NA srtt=0.043393 rttvar=0.021697 rto=1.000000 retransmitted=0 dupack=0
timestamp_ns=3947511165917 event=RECEIVE state=ESTABLISHED seq=518717196 ack=1946715251 snd_una=1946715251 snd_nxt=1946715251 rcv_nxt=518717196 rwnd=65535 recv_used=0 right_edge=1946780786 flight=0 sample_rtt=NA srtt=0.043393 rttvar=0.021697 rto=1.000000 retransmitted=0 dupack=0
timestamp_ns=3947511168041 event=DATA_ACK state=ESTABLISHED seq=1946715251 ack=518718576 snd_una=1946715251 snd_nxt=1946715251 rcv_nxt=518718576 rwnd=65535 recv_used=1380 right_edge=1946780786 flight=0 sample_rtt=NA srtt=0.043393 rttvar=0.021697 rto=1.000000 retransmitted=0 dupack=0
timestamp_ns=3947511172289 event=RECEIVE state=ESTABLISHED seq=518718576 ack=1946715251 snd_una=1946715251 snd_nxt=1946715251 rcv_nxt=518718576 rwnd=65535 recv_used=0 right_edge=1946780786 flight=0 sample_rtt=NA srtt=0.043393 rttvar=0.021697 rto=1.000000 retransmitted=0 dupack=0
timestamp_ns=3947511175304 event=DATA_ACK state=ESTABLISHED seq=1946715251 ack=518719956 snd_una=1946715251 snd_nxt=1946715251 rcv_nxt=518719956 rwnd=65535 recv_used=1380 right_edge=1946780786 flight=0 sample_rtt=NA srtt=0.043393 rttvar=0.021697 rto=1.000000 retransmitted=0 dupack=0
timestamp_ns=3947511181266 event=RECEIVE state=ESTABLISHED seq=518719956 ack=1946715251 snd_una=1946715251 snd_nxt=1946715251 rcv_nxt=518719956 rwnd=65535 recv_used=0 right_edge=1946780786 flight=0 sample_rtt=NA srtt=0.043393 rttvar=0.021697 rto=1.000000 retransmitted=0 dupack=0
timestamp_ns=3947511183410 event=DATA_ACK state=ESTABLISHED seq=1946715251 ack=518721336 snd_una=1946715251 snd_nxt=1946715251 rcv_nxt=518721336 rwnd=65535 recv_used=1380 right_edge=1946780786 flight=0 sample_rtt=NA srtt=0.043393 rttvar=0.021697 rto=1.000000 retransmitted=0 dupack=0
timestamp_ns=3947511190984 event=RECEIVE state=ESTABLISHED seq=518721336 ack=1946715251 snd_una=1946715251 snd_nxt=1946715251 rcv_nxt=518721336 rwnd=65535 recv_used=0 right_edge=1946780786 flight=0 sample_rtt=NA srtt=0.043393 rttvar=0.021697 rto=1.000000 retransmitted=0 dupack=0
timestamp_ns=3947511193138 event=DATA_ACK state=ESTABLISHED seq=1946715251 ack=518722716 snd_una=1946715251 snd_nxt=1946715251 rcv_nxt=518722716 rwnd=65535 recv_used=1380 right_edge=1946780786 flight=0 sample_rtt=NA srtt=0.043393 rttvar=0.021697 rto=1.000000 retransmitted=0 dupack=0
timestamp_ns=3947511197497 event=RECEIVE state=ESTABLISHED seq=518722716 ack=1946715251 snd_una=1946715251 snd_nxt=1946715251 rcv_nxt=518722716 rwnd=65535 recv_used=0 right_edge=1946780786 flight=0 sample_rtt=NA srtt=0.043393 rttvar=0.021697 rto=1.000000 retransmitted=0 dupack=0
timestamp_ns=3947511200422 event=DATA_ACK state=ESTABLISHED seq=1946715251 ack=518724096 snd_una=1946715251 snd_nxt=1946715251 rcv_nxt=518724096 rwnd=65535 recv_used=1380 right_edge=1946780786 flight=0 sample_rtt=NA srtt=0.043393 rttvar=0.021697 rto=1.000000 retransmitted=0 dupack=0
timestamp_ns=3947511205752 event=RECEIVE state=ESTABLISHED seq=518724096 ack=1946715251 snd_una=1946715251 snd_nxt=1946715251 rcv_nxt=518724096 rwnd=65535 recv_used=0 right_edge=1946780786 flight=0 sample_rtt=NA srtt=0.043393 rttvar=0.021697 rto=1.000000 retransmitted=0 dupack=0
timestamp_ns=3947511207896 event=DATA_ACK state=ESTABLISHED seq=1946715251 ack=518725476 snd_una=1946715251 snd_nxt=1946715251 rcv_nxt=518725476 rwnd=65535 recv_used=1380 right_edge=1946780786 flight=0 sample_rtt=NA srtt=0.043393 rttvar=0.021697 rto=1.000000 retransmitted=0 dupack=0
timestamp_ns=3947511212275 event=RECEIVE state=ESTABLISHED seq=518726856 ack=1946715251 snd_una=1946715251 snd_nxt=1946715251 rcv_nxt=518725476 rwnd=65535 recv_used=0 right_edge=1946780786 flight=0 sample_rtt=NA srtt=0.043393 rttvar=0.021697 rto=1.000000 retransmitted=0 dupack=0
timestamp_ns=3947511213136 event=DATA_ACK state=ESTABLISHED seq=1946715251 ack=518725476 snd_una=1946715251 snd_nxt=1946715251 rcv_nxt=518725476 rwnd=65535 recv_used=1380 right_edge=1946780786 flight=0 sample_rtt=NA srtt=0.043393 rttvar=0.021697 rto=1.000000 retransmitted=0 dupack=0
timestamp_ns=3947511215461 event=RECEIVE state=ESTABLISHED seq=518728236 ack=1946715251 snd_una=1946715251 snd_nxt=1946715251 rcv_nxt=518725476 rwnd=65535 recv_used=1380 right_edge=1946780786 flight=0 sample_rtt=NA srtt=0.043393 rttvar=0.021697 rto=1.000000 retransmitted=0 dupack=0
timestamp_ns=3947511216703 event=DATA_ACK state=ESTABLISHED seq=1946715251 ack=518725476 snd_una=1946715251 snd_nxt=1946715251 rcv_nxt=518725476 rwnd=65535 recv_used=2760 right_edge=1946780786 flight=0 sample_rtt=NA srtt=0.043393 rttvar=0.021697 rto=1.000000 retransmitted=0 dupack=0
timestamp_ns=3947511218657 event=RECEIVE state=ESTABLISHED seq=518729616 ack=1946715251 snd_una=1946715251 snd_nxt=1946715251 rcv_nxt=518725476 rwnd=65535 recv_used=2760 right_edge=1946780786 flight=0 sample_rtt=NA srtt=0.043393 rttvar=0.021697 rto=1.000000 retransmitted=0 dupack=0
timestamp_ns=3947511219719 event=DATA_ACK state=ESTABLISHED seq=1946715251 ack=518725476 snd_una=1946715251 snd_nxt=1946715251 rcv_nxt=518725476 rwnd=65535 recv_used=4140 right_edge=1946780786 flight=0 sample_rtt=NA srtt=0.043393 rttvar=0.021697 rto=1.000000 retransmitted=0 dupack=0
timestamp_ns=3947511221833 event=RECEIVE state=ESTABLISHED seq=518732376 ack=1946715251 snd_una=1946715251 snd_nxt=1946715251 rcv_nxt=518725476 rwnd=65535 recv_used=4140 right_edge=1946780786 flight=0 sample_rtt=NA srtt=0.043393 rttvar=0.021697 rto=1.000000 retransmitted=0 dupack=0
timestamp_ns=3947511222815 event=DATA_ACK state=ESTABLISHED seq=1946715251 ack=518725476 snd_una=1946715251 snd_nxt=1946715251 rcv_nxt=518725476 rwnd=65535 recv_used=5520 right_edge=1946780786 flight=0 sample_rtt=NA srtt=0.043393 rttvar=0.021697 rto=1.000000 retransmitted=0 dupack=0
timestamp_ns=3947511226672 event=RECEIVE state=ESTABLISHED seq=518733756 ack=1946715251 snd_una=1946715251 snd_nxt=1946715251 rcv_nxt=518725476 rwnd=65535 recv_used=5520 right_edge=1946780786 flight=0 sample_rtt=NA srtt=0.043393 rttvar=0.021697 rto=1.000000 retransmitted=0 dupack=0
timestamp_ns=3947511227624 event=DATA_ACK state=ESTABLISHED seq=1946715251 ack=518725476 snd_una=1946715251 snd_nxt=1946715251 rcv_nxt=518725476 rwnd=65535 recv_used=6900 right_edge=1946780786 flight=0 sample_rtt=NA srtt=0.043393 rttvar=0.021697 rto=1.000000 retransmitted=0 dupack=0
timestamp_ns=3947511229567 event=RECEIVE state=ESTABLISHED seq=518735136 ack=1946715251 snd_una=1946715251 snd_nxt=1946715251 rcv_nxt=518725476 rwnd=65535 recv_used=6900 right_edge=1946780786 flight=0 sample_rtt=NA srtt=0.043393 rttvar=0.021697 rto=1.000000 retransmitted=0 dupack=0
timestamp_ns=3947511230589 event=DATA_ACK state=ESTABLISHED seq=1946715251 ack=518725476 snd_una=1946715251 snd_nxt=1946715251 rcv_nxt=518725476 rwnd=65535 recv_used=8280 right_edge=1946780786 flight=0 sample_rtt=NA srtt=0.043393 rttvar=0.021697 rto=1.000000 retransmitted=0 dupack=0
timestamp_ns=3947511232623 event=RECEIVE state=ESTABLISHED seq=518736516 ack=1946715251 snd_una=1946715251 snd_nxt=1946715251 rcv_nxt=518725476 rwnd=65535 recv_used=8280 right_edge=1946780786 flight=0 sample_rtt=NA srtt=0.043393 rttvar=0.021697 rto=1.000000 retransmitted=0 dupack=0
timestamp_ns=3947511233625 event=DATA_ACK state=ESTABLISHED seq=1946715251 ack=518725476 snd_una=1946715251 snd_nxt=1946715251 rcv_nxt=518725476 rwnd=65535 recv_used=9660 right_edge=1946780786 flight=0 sample_rtt=NA srtt=0.043393 rttvar=0.021697 rto=1.000000 retransmitted=0 dupack=0
timestamp_ns=3947511235589 event=RECEIVE state=ESTABLISHED seq=518737896 ack=1946715251 snd_una=1946715251 snd_nxt=1946715251 rcv_nxt=518725476 rwnd=65535 recv_used=9660 right_edge=1946780786 flight=0 sample_rtt=NA srtt=0.043393 rttvar=0.021697 rto=1.000000 retransmitted=0 dupack=0
timestamp_ns=3947511236751 event=DATA_ACK state=ESTABLISHED seq=1946715251 ack=518725476 snd_una=1946715251 snd_nxt=1946715251 rcv_nxt=518725476 rwnd=65535 recv_used=11040 right_edge=1946780786 flight=0 sample_rtt=NA srtt=0.043393 rttvar=0.021697 rto=1.000000 retransmitted=0 dupack=0
timestamp_ns=3947511239186 event=RECEIVE state=ESTABLISHED seq=518739276 ack=1946715251 snd_una=1946715251 snd_nxt=1946715251 rcv_nxt=518725476 rwnd=65535 recv_used=11040 right_edge=1946780786 flight=0 sample_rtt=NA srtt=0.043393 rttvar=0.021697 rto=1.000000 retransmitted=0 dupack=0
timestamp_ns=3947511240177 event=DATA_ACK state=ESTABLISHED seq=1946715251 ack=518725476 snd_una=1946715251 snd_nxt=1946715251 rcv_nxt=518725476 rwnd=65535 recv_used=11716 right_edge=1946780786 flight=0 sample_rtt=NA srtt=0.043393 rttvar=0.021697 rto=1.000000 retransmitted=0 dupack=0
timestamp_ns=3947511242141 event=RECEIVE state=ESTABLISHED seq=518739952 ack=1946715251 snd_una=1946715251 snd_nxt=1946715251 rcv_nxt=518725476 rwnd=65535 recv_used=11716 right_edge=1946780786 flight=0 sample_rtt=NA srtt=0.043393 rttvar=0.021697 rto=1.000000 retransmitted=0 dupack=0
timestamp_ns=3947511243043 event=DATA_ACK state=ESTABLISHED seq=1946715251 ack=518725476 snd_una=1946715251 snd_nxt=1946715251 rcv_nxt=518725476 rwnd=65535 recv_used=13096 right_edge=1946780786 flight=0 sample_rtt=NA srtt=0.043393 rttvar=0.021697 rto=1.000000 retransmitted=0 dupack=0
timestamp_ns=3947511245057 event=RECEIVE state=ESTABLISHED seq=518741332 ack=1946715251 snd_una=1946715251 snd_nxt=1946715251 rcv_nxt=518725476 rwnd=65535 recv_used=13096 right_edge=1946780786 flight=0 sample_rtt=NA srtt=0.043393 rttvar=0.021697 rto=1.000000 retransmitted=0 dupack=0
timestamp_ns=3947511246299 event=DATA_ACK state=ESTABLISHED seq=1946715251 ack=518725476 snd_una=1946715251 snd_nxt=1946715251 rcv_nxt=518725476 rwnd=65535 recv_used=14476 right_edge=1946780786 flight=0 sample_rtt=NA srtt=0.043393 rttvar=0.021697 rto=1.000000 retransmitted=0 dupack=0
timestamp_ns=3947511248513 event=RECEIVE state=ESTABLISHED seq=518742712 ack=1946715251 snd_una=1946715251 snd_nxt=1946715251 rcv_nxt=518725476 rwnd=65535 recv_used=14476 right_edge=1946780786 flight=0 sample_rtt=NA srtt=0.043393 rttvar=0.021697 rto=1.000000 retransmitted=0 dupack=0
timestamp_ns=3947511250938 event=DATA_ACK state=ESTABLISHED seq=1946715251 ack=518725476 snd_una=1946715251 snd_nxt=1946715251 rcv_nxt=518725476 rwnd=65535 recv_used=15856 right_edge=1946780786 flight=0 sample_rtt=NA srtt=0.043393 rttvar=0.021697 rto=1.000000 retransmitted=0 dupack=0
timestamp_ns=3947511253052 event=RECEIVE state=ESTABLISHED seq=518744092 ack=1946715251 snd_una=1946715251 snd_nxt=1946715251 rcv_nxt=518725476 rwnd=65535 recv_used=15856 right_edge=1946780786 flight=0 sample_rtt=NA srtt=0.043393 rttvar=0.021697 rto=1.000000 retransmitted=0 dupack=0
timestamp_ns=3947511253974 event=DATA_ACK state=ESTABLISHED seq=1946715251 ack=518725476 snd_una=1946715251 snd_nxt=1946715251 rcv_nxt=518725476 rwnd=65535 recv_used=17236 right_edge=1946780786 flight=0 sample_rtt=NA srtt=0.043393 rttvar=0.021697 rto=1.000000 retransmitted=0 dupack=0
timestamp_ns=3947511255947 event=RECEIVE state=ESTABLISHED seq=518745472 ack=1946715251 snd_una=1946715251 snd_nxt=1946715251 rcv_nxt=518725476 rwnd=65535 recv_used=17236 right_edge=1946780786 flight=0 sample_rtt=NA srtt=0.043393 rttvar=0.021697 rto=1.000000 retransmitted=0 dupack=0
timestamp_ns=3947511257130 event=DATA_ACK state=ESTABLISHED seq=1946715251 ack=518725476 snd_una=1946715251 snd_nxt=1946715251 rcv_nxt=518725476 rwnd=65535 recv_used=18616 right_edge=1946780786 flight=0 sample_rtt=NA srtt=0.043393 rttvar=0.021697 rto=1.000000 retransmitted=0 dupack=0
timestamp_ns=3947511259755 event=RECEIVE state=ESTABLISHED seq=518746852 ack=1946715251 snd_una=1946715251 snd_nxt=1946715251 rcv_nxt=518725476 rwnd=65535 recv_used=18616 right_edge=1946780786 flight=0 sample_rtt=NA srtt=0.043393 rttvar=0.021697 rto=1.000000 retransmitted=0 dupack=0
timestamp_ns=3947511260666 event=DATA_ACK state=ESTABLISHED seq=1946715251 ack=518725476 snd_una=1946715251 snd_nxt=1946715251 rcv_nxt=518725476 rwnd=65535 recv_used=19996 right_edge=1946780786 flight=0 sample_rtt=NA srtt=0.043393 rttvar=0.021697 rto=1.000000 retransmitted=0 dupack=0
timestamp_ns=3947511263241 event=RECEIVE state=ESTABLISHED seq=518748232 ack=1946715251 snd_una=1946715251 snd_nxt=1946715251 rcv_nxt=518725476 rwnd=65535 recv_used=19996 right_edge=1946780786 flight=0 sample_rtt=NA srtt=0.043393 rttvar=0.021697 rto=1.000000 retransmitted=0 dupack=0
timestamp_ns=3947511264183 event=DATA_ACK state=ESTABLISHED seq=1946715251 ack=518725476 snd_una=1946715251 snd_nxt=1946715251 rcv_nxt=518725476 rwnd=65535 recv_used=21376 right_edge=1946780786 flight=0 sample_rtt=NA srtt=0.043393 rttvar=0.021697 rto=1.000000 retransmitted=0 dupack=0
timestamp_ns=3947511266207 event=RECEIVE state=ESTABLISHED seq=518749612 ack=1946715251 snd_una=1946715251 snd_nxt=1946715251 rcv_nxt=518725476 rwnd=65535 recv_used=21376 right_edge=1946780786 flight=0 sample_rtt=NA srtt=0.043393 rttvar=0.021697 rto=1.000000 retransmitted=0 dupack=0
timestamp_ns=3947511267369 event=DATA_ACK state=ESTABLISHED seq=1946715251 ack=518725476 snd_una=1946715251 snd_nxt=1946715251 rcv_nxt=518725476 rwnd=65535 recv_used=22756 right_edge=1946780786 flight=0 sample_rtt=NA srtt=0.043393 rttvar=0.021697 rto=1.000000 retransmitted=0 dupack=0
timestamp_ns=3947511269703 event=RECEIVE state=ESTABLISHED seq=518750992 ack=1946715251 snd_una=1946715251 snd_nxt=1946715251 rcv_nxt=518725476 rwnd=65535 recv_used=22756 right_edge=1946780786 flight=0 sample_rtt=NA srtt=0.043393 rttvar=0.021697 rto=1.000000 retransmitted=0 dupack=0
timestamp_ns=3947511270665 event=DATA_ACK state=ESTABLISHED seq=1946715251 ack=518725476 snd_una=1946715251 snd_nxt=1946715251 rcv_nxt=518725476 rwnd=65535 recv_used=24136 right_edge=1946780786 flight=0 sample_rtt=NA srtt=0.043393 rttvar=0.021697 rto=1.000000 retransmitted=0 dupack=0
timestamp_ns=3947511272929 event=RECEIVE state=ESTABLISHED seq=518752372 ack=1946715251 snd_una=1946715251 snd_nxt=1946715251 rcv_nxt=518725476 rwnd=65535 recv_used=24136 right_edge=1946780786 flight=0 sample_rtt=NA srtt=0.043393 rttvar=0.021697 rto=1.000000 retransmitted=0 dupack=0
timestamp_ns=3947511275424 event=DATA_ACK state=ESTABLISHED seq=1946715251 ack=518725476 snd_una=1946715251 snd_nxt=1946715251 rcv_nxt=518725476 rwnd=65535 recv_used=25516 right_edge=1946780786 flight=0 sample_rtt=NA srtt=0.043393 rttvar=0.021697 rto=1.000000 retransmitted=0 dupack=0
timestamp_ns=3947511277428 event=RECEIVE state=ESTABLISHED seq=518753752 ack=1946715251 snd_una=1946715251 snd_nxt=1946715251 rcv_nxt=518725476 rwnd=65535 recv_used=25516 right_edge=1946780786 flight=0 sample_rtt=NA srtt=0.043393 rttvar=0.021697 rto=1.000000 retransmitted=0 dupack=0
timestamp_ns=3947511278610 event=DATA_ACK state=ESTABLISHED seq=1946715251 ack=518725476 snd_una=1946715251 snd_nxt=1946715251 rcv_nxt=518725476 rwnd=65535 recv_used=26896 right_edge=1946780786 flight=0 sample_rtt=NA srtt=0.043393 rttvar=0.021697 rto=1.000000 retransmitted=0 dupack=0
timestamp_ns=3947511280744 event=RECEIVE state=ESTABLISHED seq=518755132 ack=1946715251 snd_una=1946715251 snd_nxt=1946715251 rcv_nxt=518725476 rwnd=65535 recv_used=26896 right_edge=1946780786 flight=0 sample_rtt=NA srtt=0.043393 rttvar=0.021697 rto=1.000000 retransmitted=0 dupack=0
timestamp_ns=3947511281746 event=DATA_ACK state=ESTABLISHED seq=1946715251 ack=518725476 snd_una=1946715251 snd_nxt=1946715251 rcv_nxt=518725476 rwnd=65535 recv_used=28276 right_edge=1946780786 flight=0 sample_rtt=NA srtt=0.043393 rttvar=0.021697 rto=1.000000 retransmitted=0 dupack=0
timestamp_ns=3947511284141 event=RECEIVE state=ESTABLISHED seq=518756512 ack=1946715251 snd_una=1946715251 snd_nxt=1946715251 rcv_nxt=518725476 rwnd=65535 recv_used=28276 right_edge=1946780786 flight=0 sample_rtt=NA srtt=0.043393 rttvar=0.021697 rto=1.000000 retransmitted=0 dupack=0
timestamp_ns=3947511285203 event=DATA_ACK state=ESTABLISHED seq=1946715251 ack=518725476 snd_una=1946715251 snd_nxt=1946715251 rcv_nxt=518725476 rwnd=65535 recv_used=29656 right_edge=1946780786 flight=0 sample_rtt=NA srtt=0.043393 rttvar=0.021697 rto=1.000000 retransmitted=0 dupack=0
timestamp_ns=3947511287257 event=RECEIVE state=ESTABLISHED seq=518759272 ack=1946715251 snd_una=1946715251 snd_nxt=1946715251 rcv_nxt=518725476 rwnd=65535 recv_used=29656 right_edge=1946780786 flight=0 sample_rtt=NA srtt=0.043393 rttvar=0.021697 rto=1.000000 retransmitted=0 dupack=0
timestamp_ns=3947511288238 event=DATA_ACK state=ESTABLISHED seq=1946715251 ack=518725476 snd_una=1946715251 snd_nxt=1946715251 rcv_nxt=518725476 rwnd=65535 recv_used=31036 right_edge=1946780786 flight=0 sample_rtt=NA srtt=0.043393 rttvar=0.021697 rto=1.000000 retransmitted=0 dupack=0
timestamp_ns=3947511290453 event=RECEIVE state=ESTABLISHED seq=518760652 ack=1946715251 snd_una=1946715251 snd_nxt=1946715251 rcv_nxt=518725476 rwnd=65535 recv_used=31036 right_edge=1946780786 flight=0 sample_rtt=NA srtt=0.043393 rttvar=0.021697 rto=1.000000 retransmitted=0 dupack=0
timestamp_ns=3947511291354 event=DATA_ACK state=ESTABLISHED seq=1946715251 ack=518725476 snd_una=1946715251 snd_nxt=1946715251 rcv_nxt=518725476 rwnd=65535 recv_used=32416 right_edge=1946780786 flight=0 sample_rtt=NA srtt=0.043393 rttvar=0.021697 rto=1.000000 retransmitted=0 dupack=0
timestamp_ns=3947554914908 event=RECEIVE state=ESTABLISHED seq=518762032 ack=1946715251 snd_una=1946715251 snd_nxt=1946715251 rcv_nxt=518725476 rwnd=65535 recv_used=32416 right_edge=1946780786 flight=0 sample_rtt=NA srtt=0.043393 rttvar=0.021697 rto=1.000000 retransmitted=0 dupack=0
timestamp_ns=3947554931620 event=DATA_ACK state=ESTABLISHED seq=1946715251 ack=518725476 snd_una=1946715251 snd_nxt=1946715251 rcv_nxt=518725476 rwnd=65535 recv_used=33796 right_edge=1946780786 flight=0 sample_rtt=NA srtt=0.043393 rttvar=0.021697 rto=1.000000 retransmitted=0 dupack=0
timestamp_ns=3947554955866 event=RECEIVE state=ESTABLISHED seq=518763412 ack=1946715251 snd_una=1946715251 snd_nxt=1946715251 rcv_nxt=518725476 rwnd=65535 recv_used=33796 right_edge=1946780786 flight=0 sample_rtt=NA srtt=0.043393 rttvar=0.021697 rto=1.000000 retransmitted=0 dupack=0
timestamp_ns=3947554989890 event=DATA_ACK state=ESTABLISHED seq=1946715251 ack=518725476 snd_una=1946715251 snd_nxt=1946715251 rcv_nxt=518725476 rwnd=65535 recv_used=35176 right_edge=1946780786 flight=0 sample_rtt=NA srtt=0.043393 rttvar=0.021697 rto=1.000000 retransmitted=0 dupack=0
timestamp_ns=3947554992766 event=RECEIVE state=ESTABLISHED seq=518764792 ack=1946715251 snd_una=1946715251 snd_nxt=1946715251 rcv_nxt=518725476 rwnd=65535 recv_used=35176 right_edge=1946780786 flight=0 sample_rtt=NA srtt=0.043393 rttvar=0.021697 rto=1.000000 retransmitted=0 dupack=0
timestamp_ns=3947554994288 event=DATA_ACK state=ESTABLISHED seq=1946715251 ack=518725476 snd_una=1946715251 snd_nxt=1946715251 rcv_nxt=518725476 rwnd=65535 recv_used=36556 right_edge=1946780786 flight=0 sample_rtt=NA srtt=0.043393 rttvar=0.021697 rto=1.000000 retransmitted=0 dupack=0
timestamp_ns=3947554996443 event=RECEIVE state=ESTABLISHED seq=518766172 ack=1946715251 snd_una=1946715251 snd_nxt=1946715251 rcv_nxt=518725476 rwnd=65535 recv_used=36556 right_edge=1946780786 flight=0 sample_rtt=NA srtt=0.043393 rttvar=0.021697 rto=1.000000 retransmitted=0 dupack=0
timestamp_ns=3947554997515 event=DATA_ACK state=ESTABLISHED seq=1946715251 ack=518725476 snd_una=1946715251 snd_nxt=1946715251 rcv_nxt=518725476 rwnd=65535 recv_used=37936 right_edge=1946780786 flight=0 sample_rtt=NA srtt=0.043393 rttvar=0.021697 rto=1.000000 retransmitted=0 dupack=0
timestamp_ns=3947554999609 event=RECEIVE state=ESTABLISHED seq=518767552 ack=1946715251 snd_una=1946715251 snd_nxt=1946715251 rcv_nxt=518725476 rwnd=65535 recv_used=37936 right_edge=1946780786 flight=0 sample_rtt=NA srtt=0.043393 rttvar=0.021697 rto=1.000000 retransmitted=0 dupack=0
timestamp_ns=3947555001141 event=DATA_ACK state=ESTABLISHED seq=1946715251 ack=518725476 snd_una=1946715251 snd_nxt=1946715251 rcv_nxt=518725476 rwnd=65535 recv_used=39316 right_edge=1946780786 flight=0 sample_rtt=NA srtt=0.043393 rttvar=0.021697 rto=1.000000 retransmitted=0 dupack=0
timestamp_ns=3947555003275 event=RECEIVE state=ESTABLISHED seq=518768932 ack=1946715251 snd_una=1946715251 snd_nxt=1946715251 rcv_nxt=518725476 rwnd=65535 recv_used=39316 right_edge=1946780786 flight=0 sample_rtt=NA srtt=0.043393 rttvar=0.021697 rto=1.000000 retransmitted=0 dupack=0
timestamp_ns=3947555005119 event=DATA_ACK state=ESTABLISHED seq=1946715251 ack=518725476 snd_una=1946715251 snd_nxt=1946715251 rcv_nxt=518725476 rwnd=65535 recv_used=40696 right_edge=1946780786 flight=0 sample_rtt=NA srtt=0.043393 rttvar=0.021697 rto=1.000000 retransmitted=0 dupack=0
timestamp_ns=3947555007123 event=RECEIVE state=ESTABLISHED seq=518770312 ack=1946715251 snd_una=1946715251 snd_nxt=1946715251 rcv_nxt=518725476 rwnd=65535 recv_used=40696 right_edge=1946780786 flight=0 sample_rtt=NA srtt=0.043393 rttvar=0.021697 rto=1.000000 retransmitted=0 dupack=0
timestamp_ns=3947555008205 event=DATA_ACK state=ESTABLISHED seq=1946715251 ack=518725476 snd_una=1946715251 snd_nxt=1946715251 rcv_nxt=518725476 rwnd=65535 recv_used=42076 right_edge=1946780786 flight=0 sample_rtt=NA srtt=0.043393 rttvar=0.021697 rto=1.000000 retransmitted=0 dupack=0
timestamp_ns=3947555011190 event=RECEIVE state=ESTABLISHED seq=518771692 ack=1946715251 snd_una=1946715251 snd_nxt=1946715251 rcv_nxt=518725476 rwnd=65535 recv_used=42076 right_edge=1946780786 flight=0 sample_rtt=NA srtt=0.043393 rttvar=0.021697 rto=1.000000 retransmitted=0 dupack=0
timestamp_ns=3947555012493 event=DATA_ACK state=ESTABLISHED seq=1946715251 ack=518725476 snd_una=1946715251 snd_nxt=1946715251 rcv_nxt=518725476 rwnd=65535 recv_used=43456 right_edge=1946780786 flight=0 sample_rtt=NA srtt=0.043393 rttvar=0.021697 rto=1.000000 retransmitted=0 dupack=0
timestamp_ns=3947555014737 event=RECEIVE state=ESTABLISHED seq=518773072 ack=1946715251 snd_una=1946715251 snd_nxt=1946715251 rcv_nxt=518725476 rwnd=65535 recv_used=43456 right_edge=1946780786 flight=0 sample_rtt=NA srtt=0.043393 rttvar=0.021697 rto=1.000000 retransmitted=0 dupack=0
timestamp_ns=3947555015669 event=DATA_ACK state=ESTABLISHED seq=1946715251 ack=518725476 snd_una=1946715251 snd_nxt=1946715251 rcv_nxt=518725476 rwnd=65535 recv_used=44836 right_edge=1946780786 flight=0 sample_rtt=NA srtt=0.043393 rttvar=0.021697 rto=1.000000 retransmitted=0 dupack=0
timestamp_ns=3947555019556 event=RECEIVE state=ESTABLISHED seq=518774452 ack=1946715251 snd_una=1946715251 snd_nxt=1946715251 rcv_nxt=518725476 rwnd=65535 recv_used=44836 right_edge=1946780786 flight=0 sample_rtt=NA srtt=0.043393 rttvar=0.021697 rto=1.000000 retransmitted=0 dupack=0
timestamp_ns=3947555020859 event=DATA_ACK state=ESTABLISHED seq=1946715251 ack=518725476 snd_una=1946715251 snd_nxt=1946715251 rcv_nxt=518725476 rwnd=65535 recv_used=46216 right_edge=1946780786 flight=0 sample_rtt=NA srtt=0.043393 rttvar=0.021697 rto=1.000000 retransmitted=0 dupack=0
timestamp_ns=3947555023083 event=RECEIVE state=ESTABLISHED seq=518775832 ack=1946715251 snd_una=1946715251 snd_nxt=1946715251 rcv_nxt=518725476 rwnd=65535 recv_used=46216 right_edge=1946780786 flight=0 sample_rtt=NA srtt=0.043393 rttvar=0.021697 rto=1.000000 retransmitted=0 dupack=0
timestamp_ns=3947555024035 event=DATA_ACK state=ESTABLISHED seq=1946715251 ack=518725476 snd_una=1946715251 snd_nxt=1946715251 rcv_nxt=518725476 rwnd=65535 recv_used=47596 right_edge=1946780786 flight=0 sample_rtt=NA srtt=0.043393 rttvar=0.021697 rto=1.000000 retransmitted=0 dupack=0
timestamp_ns=3947555026169 event=RECEIVE state=ESTABLISHED seq=518777212 ack=1946715251 snd_una=1946715251 snd_nxt=1946715251 rcv_nxt=518725476 rwnd=65535 recv_used=47596 right_edge=1946780786 flight=0 sample_rtt=NA srtt=0.043393 rttvar=0.021697 rto=1.000000 retransmitted=0 dupack=0
timestamp_ns=3947555027381 event=DATA_ACK state=ESTABLISHED seq=1946715251 ack=518725476 snd_una=1946715251 snd_nxt=1946715251 rcv_nxt=518725476 rwnd=65535 recv_used=48976 right_edge=1946780786 flight=0 sample_rtt=NA srtt=0.043393 rttvar=0.021697 rto=1.000000 retransmitted=0 dupack=0
timestamp_ns=3947555029655 event=RECEIVE state=ESTABLISHED seq=518779972 ack=1946715251 snd_una=1946715251 snd_nxt=1946715251 rcv_nxt=518725476 rwnd=65535 recv_used=48976 right_edge=1946780786 flight=0 sample_rtt=NA srtt=0.043393 rttvar=0.021697 rto=1.000000 retransmitted=0 dupack=0
timestamp_ns=3947555030667 event=DATA_ACK state=ESTABLISHED seq=1946715251 ack=518725476 snd_una=1946715251 snd_nxt=1946715251 rcv_nxt=518725476 rwnd=65535 recv_used=50356 right_edge=1946780786 flight=0 sample_rtt=NA srtt=0.043393 rttvar=0.021697 rto=1.000000 retransmitted=0 dupack=0
timestamp_ns=3947555032852 event=RECEIVE state=ESTABLISHED seq=518781352 ack=1946715251 snd_una=1946715251 snd_nxt=1946715251 rcv_nxt=518725476 rwnd=65535 recv_used=50356 right_edge=1946780786 flight=0 sample_rtt=NA srtt=0.043393 rttvar=0.021697 rto=1.000000 retransmitted=0 dupack=0
timestamp_ns=3947555033843 event=DATA_ACK state=ESTABLISHED seq=1946715251 ack=518725476 snd_una=1946715251 snd_nxt=1946715251 rcv_nxt=518725476 rwnd=65535 recv_used=51736 right_edge=1946780786 flight=0 sample_rtt=NA srtt=0.043393 rttvar=0.021697 rto=1.000000 retransmitted=0 dupack=0
timestamp_ns=3947555035927 event=RECEIVE state=ESTABLISHED seq=518782732 ack=1946715251 snd_una=1946715251 snd_nxt=1946715251 rcv_nxt=518725476 rwnd=65535 recv_used=51736 right_edge=1946780786 flight=0 sample_rtt=NA srtt=0.043393 rttvar=0.021697 rto=1.000000 retransmitted=0 dupack=0
timestamp_ns=3947555036939 event=DATA_ACK state=ESTABLISHED seq=1946715251 ack=518725476 snd_una=1946715251 snd_nxt=1946715251 rcv_nxt=518725476 rwnd=65535 recv_used=53116 right_edge=1946780786 flight=0 sample_rtt=NA srtt=0.043393 rttvar=0.021697 rto=1.000000 retransmitted=0 dupack=0
timestamp_ns=3947555038793 event=RECEIVE state=ESTABLISHED seq=518784112 ack=1946715251 snd_una=1946715251 snd_nxt=1946715251 rcv_nxt=518725476 rwnd=65535 recv_used=53116 right_edge=1946780786 flight=0 sample_rtt=NA srtt=0.043393 rttvar=0.021697 rto=1.000000 retransmitted=0 dupack=0
timestamp_ns=3947555039644 event=DATA_ACK state=ESTABLISHED seq=1946715251 ack=518725476 snd_una=1946715251 snd_nxt=1946715251 rcv_nxt=518725476 rwnd=65535 recv_used=54496 right_edge=1946780786 flight=0 sample_rtt=NA srtt=0.043393 rttvar=0.021697 rto=1.000000 retransmitted=0 dupack=0
timestamp_ns=3947555043291 event=RECEIVE state=ESTABLISHED seq=518785492 ack=1946715251 snd_una=1946715251 snd_nxt=1946715251 rcv_nxt=518725476 rwnd=65535 recv_used=54496 right_edge=1946780786 flight=0 sample_rtt=NA srtt=0.043393 rttvar=0.021697 rto=1.000000 retransmitted=0 dupack=0
timestamp_ns=3947555044173 event=DATA_ACK state=ESTABLISHED seq=1946715251 ack=518725476 snd_una=1946715251 snd_nxt=1946715251 rcv_nxt=518725476 rwnd=65535 recv_used=55876 right_edge=1946780786 flight=0 sample_rtt=NA srtt=0.043393 rttvar=0.021697 rto=1.000000 retransmitted=0 dupack=0
timestamp_ns=3947555046287 event=RECEIVE state=ESTABLISHED seq=518786872 ack=1946715251 snd_una=1946715251 snd_nxt=1946715251 rcv_nxt=518725476 rwnd=65535 recv_used=55876 right_edge=1946780786 flight=0 sample_rtt=NA srtt=0.043393 rttvar=0.021697 rto=1.000000 retransmitted=0 dupack=0
timestamp_ns=3947555047159 event=DATA_ACK state=ESTABLISHED seq=1946715251 ack=518725476 snd_una=1946715251 snd_nxt=1946715251 rcv_nxt=518725476 rwnd=65535 recv_used=57256 right_edge=1946780786 flight=0 sample_rtt=NA srtt=0.043393 rttvar=0.021697 rto=1.000000 retransmitted=0 dupack=0
timestamp_ns=3947555049102 event=RECEIVE state=ESTABLISHED seq=518788252 ack=1946715251 snd_una=1946715251 snd_nxt=1946715251 rcv_nxt=518725476 rwnd=65535 recv_used=57256 right_edge=1946780786 flight=0 sample_rtt=NA srtt=0.043393 rttvar=0.021697 rto=1.000000 retransmitted=0 dupack=0
timestamp_ns=3947555049974 event=DATA_ACK state=ESTABLISHED seq=1946715251 ack=518725476 snd_una=1946715251 snd_nxt=1946715251 rcv_nxt=518725476 rwnd=65535 recv_used=58636 right_edge=1946780786 flight=0 sample_rtt=NA srtt=0.043393 rttvar=0.021697 rto=1.000000 retransmitted=0 dupack=0
timestamp_ns=3947555053080 event=RECEIVE state=ESTABLISHED seq=518725476 ack=1946715251 snd_una=1946715251 snd_nxt=1946715251 rcv_nxt=518725476 rwnd=65535 recv_used=58636 right_edge=1946780786 flight=0 sample_rtt=NA srtt=0.043393 rttvar=0.021697 rto=1.000000 retransmitted=0 dupack=0
timestamp_ns=3947555074921 event=DATA_ACK state=ESTABLISHED seq=1946715251 ack=518730996 snd_una=1946715251 snd_nxt=1946715251 rcv_nxt=518730996 rwnd=65535 recv_used=60016 right_edge=1946780786 flight=0 sample_rtt=NA srtt=0.043393 rttvar=0.021697 rto=1.000000 retransmitted=0 dupack=0
timestamp_ns=3947598283331 event=RECEIVE state=ESTABLISHED seq=518789632 ack=1946715251 snd_una=1946715251 snd_nxt=1946715251 rcv_nxt=518730996 rwnd=65535 recv_used=54496 right_edge=1946780786 flight=0 sample_rtt=NA srtt=0.043393 rttvar=0.021697 rto=1.000000 retransmitted=0 dupack=0
timestamp_ns=3947598301606 event=DATA_ACK state=ESTABLISHED seq=1946715251 ack=518730996 snd_una=1946715251 snd_nxt=1946715251 rcv_nxt=518730996 rwnd=65535 recv_used=55876 right_edge=1946780786 flight=0 sample_rtt=NA srtt=0.043393 rttvar=0.021697 rto=1.000000 retransmitted=0 dupack=0
timestamp_ns=3947598326483 event=RECEIVE state=ESTABLISHED seq=518791012 ack=1946715251 snd_una=1946715251 snd_nxt=1946715251 rcv_nxt=518730996 rwnd=65535 recv_used=55876 right_edge=1946780786 flight=0 sample_rtt=NA srtt=0.043393 rttvar=0.021697 rto=1.000000 retransmitted=0 dupack=0
timestamp_ns=3947598327896 event=DATA_ACK state=ESTABLISHED seq=1946715251 ack=518730996 snd_una=1946715251 snd_nxt=1946715251 rcv_nxt=518730996 rwnd=65535 recv_used=57256 right_edge=1946780786 flight=0 sample_rtt=NA srtt=0.043393 rttvar=0.021697 rto=1.000000 retransmitted=0 dupack=0
timestamp_ns=3947598332344 event=RECEIVE state=ESTABLISHED seq=518792392 ack=1946715251 snd_una=1946715251 snd_nxt=1946715251 rcv_nxt=518730996 rwnd=65535 recv_used=57256 right_edge=1946780786 flight=0 sample_rtt=NA srtt=0.043393 rttvar=0.021697 rto=1.000000 retransmitted=0 dupack=0
timestamp_ns=3947598334378 event=DATA_ACK state=ESTABLISHED seq=1946715251 ack=518730996 snd_una=1946715251 snd_nxt=1946715251 rcv_nxt=518730996 rwnd=65535 recv_used=58636 right_edge=1946780786 flight=0 sample_rtt=NA srtt=0.043393 rttvar=0.021697 rto=1.000000 retransmitted=0 dupack=0
timestamp_ns=3947598336913 event=RECEIVE state=ESTABLISHED seq=518793772 ack=1946715251 snd_una=1946715251 snd_nxt=1946715251 rcv_nxt=518730996 rwnd=65535 recv_used=58636 right_edge=1946780786 flight=0 sample_rtt=NA srtt=0.043393 rttvar=0.021697 rto=1.000000 retransmitted=0 dupack=0
timestamp_ns=3947598371458 event=DATA_ACK state=ESTABLISHED seq=1946715251 ack=518730996 snd_una=1946715251 snd_nxt=1946715251 rcv_nxt=518730996 rwnd=65535 recv_used=60016 right_edge=1946780786 flight=0 sample_rtt=NA srtt=0.043393 rttvar=0.021697 rto=1.000000 retransmitted=0 dupack=0
timestamp_ns=3947641451353 event=RECEIVE state=ESTABLISHED seq=518730996 ack=1946715251 snd_una=1946715251 snd_nxt=1946715251 rcv_nxt=518730996 rwnd=65535 recv_used=60016 right_edge=1946780786 flight=0 sample_rtt=NA srtt=0.043393 rttvar=0.021697 rto=1.000000 retransmitted=0 dupack=0
timestamp_ns=3947641502039 event=DATA_ACK state=ESTABLISHED seq=1946715251 ack=518757892 snd_una=1946715251 snd_nxt=1946715251 rcv_nxt=518757892 rwnd=65535 recv_used=61396 right_edge=1946780786 flight=0 sample_rtt=NA srtt=0.043393 rttvar=0.021697 rto=1.000000 retransmitted=0 dupack=0
timestamp_ns=3947684413615 event=RECEIVE state=ESTABLISHED seq=518795152 ack=1946715251 snd_una=1946715251 snd_nxt=1946715251 rcv_nxt=518757892 rwnd=65535 recv_used=34500 right_edge=1946780786 flight=0 sample_rtt=NA srtt=0.043393 rttvar=0.021697 rto=1.000000 retransmitted=0 dupack=0
timestamp_ns=3947684426490 event=DATA_ACK state=ESTABLISHED seq=1946715251 ack=518757892 snd_una=1946715251 snd_nxt=1946715251 rcv_nxt=518757892 rwnd=65535 recv_used=35880 right_edge=1946780786 flight=0 sample_rtt=NA srtt=0.043393 rttvar=0.021697 rto=1.000000 retransmitted=0 dupack=0
timestamp_ns=3947684445145 event=RECEIVE state=ESTABLISHED seq=518796532 ack=1946715251 snd_una=1946715251 snd_nxt=1946715251 rcv_nxt=518757892 rwnd=65535 recv_used=35880 right_edge=1946780786 flight=0 sample_rtt=NA srtt=0.043393 rttvar=0.021697 rto=1.000000 retransmitted=0 dupack=0
timestamp_ns=3947684447119 event=DATA_ACK state=ESTABLISHED seq=1946715251 ack=518757892 snd_una=1946715251 snd_nxt=1946715251 rcv_nxt=518757892 rwnd=65535 recv_used=37260 right_edge=1946780786 flight=0 sample_rtt=NA srtt=0.043393 rttvar=0.021697 rto=1.000000 retransmitted=0 dupack=0
timestamp_ns=3947684449804 event=RECEIVE state=ESTABLISHED seq=518797912 ack=1946715251 snd_una=1946715251 snd_nxt=1946715251 rcv_nxt=518757892 rwnd=65535 recv_used=37260 right_edge=1946780786 flight=0 sample_rtt=NA srtt=0.043393 rttvar=0.021697 rto=1.000000 retransmitted=0 dupack=0
timestamp_ns=3947684451036 event=DATA_ACK state=ESTABLISHED seq=1946715251 ack=518757892 snd_una=1946715251 snd_nxt=1946715251 rcv_nxt=518757892 rwnd=65535 recv_used=38640 right_edge=1946780786 flight=0 sample_rtt=NA srtt=0.043393 rttvar=0.021697 rto=1.000000 retransmitted=0 dupack=0
timestamp_ns=3947684453330 event=RECEIVE state=ESTABLISHED seq=518799292 ack=1946715251 snd_una=1946715251 snd_nxt=1946715251 rcv_nxt=518757892 rwnd=65535 recv_used=38640 right_edge=1946780786 flight=0 sample_rtt=NA srtt=0.043393 rttvar=0.021697 rto=1.000000 retransmitted=0 dupack=0
timestamp_ns=3947684454493 event=DATA_ACK state=ESTABLISHED seq=1946715251 ack=518757892 snd_una=1946715251 snd_nxt=1946715251 rcv_nxt=518757892 rwnd=65535 recv_used=40020 right_edge=1946780786 flight=0 sample_rtt=NA srtt=0.043393 rttvar=0.021697 rto=1.000000 retransmitted=0 dupack=0
timestamp_ns=3947684456637 event=RECEIVE state=ESTABLISHED seq=518800672 ack=1946715251 snd_una=1946715251 snd_nxt=1946715251 rcv_nxt=518757892 rwnd=65535 recv_used=40020 right_edge=1946780786 flight=0 sample_rtt=NA srtt=0.043393 rttvar=0.021697 rto=1.000000 retransmitted=0 dupack=0
timestamp_ns=3947684458580 event=DATA_ACK state=ESTABLISHED seq=1946715251 ack=518757892 snd_una=1946715251 snd_nxt=1946715251 rcv_nxt=518757892 rwnd=65535 recv_used=41400 right_edge=1946780786 flight=0 sample_rtt=NA srtt=0.043393 rttvar=0.021697 rto=1.000000 retransmitted=0 dupack=0
timestamp_ns=3947684460754 event=RECEIVE state=ESTABLISHED seq=518802052 ack=1946715251 snd_una=1946715251 snd_nxt=1946715251 rcv_nxt=518757892 rwnd=65535 recv_used=41400 right_edge=1946780786 flight=0 sample_rtt=NA srtt=0.043393 rttvar=0.021697 rto=1.000000 retransmitted=0 dupack=0
timestamp_ns=3947684523033 event=DATA_ACK state=ESTABLISHED seq=1946715251 ack=518757892 snd_una=1946715251 snd_nxt=1946715251 rcv_nxt=518757892 rwnd=65535 recv_used=42780 right_edge=1946780786 flight=0 sample_rtt=NA srtt=0.043393 rttvar=0.021697 rto=1.000000 retransmitted=0 dupack=0
timestamp_ns=3947684532220 event=RECEIVE state=ESTABLISHED seq=518804812 ack=1946715251 snd_una=1946715251 snd_nxt=1946715251 rcv_nxt=518757892 rwnd=65535 recv_used=42780 right_edge=1946780786 flight=0 sample_rtt=NA srtt=0.043393 rttvar=0.021697 rto=1.000000 retransmitted=0 dupack=0
timestamp_ns=3947684533512 event=DATA_ACK state=ESTABLISHED seq=1946715251 ack=518757892 snd_una=1946715251 snd_nxt=1946715251 rcv_nxt=518757892 rwnd=65535 recv_used=43456 right_edge=1946780786 flight=0 sample_rtt=NA srtt=0.043393 rttvar=0.021697 rto=1.000000 retransmitted=0 dupack=0
timestamp_ns=3947684536228 event=RECEIVE state=ESTABLISHED seq=518805488 ack=1946715251 snd_una=1946715251 snd_nxt=1946715251 rcv_nxt=518757892 rwnd=65535 recv_used=43456 right_edge=1946780786 flight=0 sample_rtt=NA srtt=0.043393 rttvar=0.021697 rto=1.000000 retransmitted=0 dupack=0
timestamp_ns=3947684537300 event=DATA_ACK state=ESTABLISHED seq=1946715251 ack=518757892 snd_una=1946715251 snd_nxt=1946715251 rcv_nxt=518757892 rwnd=65535 recv_used=44836 right_edge=1946780786 flight=0 sample_rtt=NA srtt=0.043393 rttvar=0.021697 rto=1.000000 retransmitted=0 dupack=0
timestamp_ns=3947684539474 event=RECEIVE state=ESTABLISHED seq=518806868 ack=1946715251 snd_una=1946715251 snd_nxt=1946715251 rcv_nxt=518757892 rwnd=65535 recv_used=44836 right_edge=1946780786 flight=0 sample_rtt=NA srtt=0.043393 rttvar=0.021697 rto=1.000000 retransmitted=0 dupack=0
timestamp_ns=3947684540395 event=DATA_ACK state=ESTABLISHED seq=1946715251 ack=518757892 snd_una=1946715251 snd_nxt=1946715251 rcv_nxt=518757892 rwnd=65535 recv_used=46216 right_edge=1946780786 flight=0 sample_rtt=NA srtt=0.043393 rttvar=0.021697 rto=1.000000 retransmitted=0 dupack=0
timestamp_ns=3947684543281 event=RECEIVE state=ESTABLISHED seq=518808248 ack=1946715251 snd_una=1946715251 snd_nxt=1946715251 rcv_nxt=518757892 rwnd=65535 recv_used=46216 right_edge=1946780786 flight=0 sample_rtt=NA srtt=0.043393 rttvar=0.021697 rto=1.000000 retransmitted=0 dupack=0
timestamp_ns=3947684544203 event=DATA_ACK state=ESTABLISHED seq=1946715251 ack=518757892 snd_una=1946715251 snd_nxt=1946715251 rcv_nxt=518757892 rwnd=65535 recv_used=47596 right_edge=1946780786 flight=0 sample_rtt=NA srtt=0.043393 rttvar=0.021697 rto=1.000000 retransmitted=0 dupack=0
timestamp_ns=3947684546236 event=RECEIVE state=ESTABLISHED seq=518809628 ack=1946715251 snd_una=1946715251 snd_nxt=1946715251 rcv_nxt=518757892 rwnd=65535 recv_used=47596 right_edge=1946780786 flight=0 sample_rtt=NA srtt=0.043393 rttvar=0.021697 rto=1.000000 retransmitted=0 dupack=0
timestamp_ns=3947684547078 event=DATA_ACK state=ESTABLISHED seq=1946715251 ack=518757892 snd_una=1946715251 snd_nxt=1946715251 rcv_nxt=518757892 rwnd=65535 recv_used=48976 right_edge=1946780786 flight=0 sample_rtt=NA srtt=0.043393 rttvar=0.021697 rto=1.000000 retransmitted=0 dupack=0
timestamp_ns=3947684549022 event=RECEIVE state=ESTABLISHED seq=518811008 ack=1946715251 snd_una=1946715251 snd_nxt=1946715251 rcv_nxt=518757892 rwnd=65535 recv_used=48976 right_edge=1946780786 flight=0 sample_rtt=NA srtt=0.043393 rttvar=0.021697 rto=1.000000 retransmitted=0 dupack=0
timestamp_ns=3947684549944 event=DATA_ACK state=ESTABLISHED seq=1946715251 ack=518757892 snd_una=1946715251 snd_nxt=1946715251 rcv_nxt=518757892 rwnd=65535 recv_used=50356 right_edge=1946780786 flight=0 sample_rtt=NA srtt=0.043393 rttvar=0.021697 rto=1.000000 retransmitted=0 dupack=0
timestamp_ns=3947684551937 event=RECEIVE state=ESTABLISHED seq=518812388 ack=1946715251 snd_una=1946715251 snd_nxt=1946715251 rcv_nxt=518757892 rwnd=65535 recv_used=50356 right_edge=1946780786 flight=0 sample_rtt=NA srtt=0.043393 rttvar=0.021697 rto=1.000000 retransmitted=0 dupack=0
timestamp_ns=3947684556356 event=DATA_ACK state=ESTABLISHED seq=1946715251 ack=518757892 snd_una=1946715251 snd_nxt=1946715251 rcv_nxt=518757892 rwnd=65535 recv_used=51736 right_edge=1946780786 flight=0 sample_rtt=NA srtt=0.043393 rttvar=0.021697 rto=1.000000 retransmitted=0 dupack=0
timestamp_ns=3947684558800 event=RECEIVE state=ESTABLISHED seq=518813768 ack=1946715251 snd_una=1946715251 snd_nxt=1946715251 rcv_nxt=518757892 rwnd=65535 recv_used=51736 right_edge=1946780786 flight=0 sample_rtt=NA srtt=0.043393 rttvar=0.021697 rto=1.000000 retransmitted=0 dupack=0
timestamp_ns=3947684559702 event=DATA_ACK state=ESTABLISHED seq=1946715251 ack=518757892 snd_una=1946715251 snd_nxt=1946715251 rcv_nxt=518757892 rwnd=65535 recv_used=53116 right_edge=1946780786 flight=0 sample_rtt=NA srtt=0.043393 rttvar=0.021697 rto=1.000000 retransmitted=0 dupack=0
timestamp_ns=3947684562187 event=RECEIVE state=ESTABLISHED seq=518815148 ack=1946715251 snd_una=1946715251 snd_nxt=1946715251 rcv_nxt=518757892 rwnd=65535 recv_used=53116 right_edge=1946780786 flight=0 sample_rtt=NA srtt=0.043393 rttvar=0.021697 rto=1.000000 retransmitted=0 dupack=0
timestamp_ns=3947684563129 event=DATA_ACK state=ESTABLISHED seq=1946715251 ack=518757892 snd_una=1946715251 snd_nxt=1946715251 rcv_nxt=518757892 rwnd=65535 recv_used=54496 right_edge=1946780786 flight=0 sample_rtt=NA srtt=0.043393 rttvar=0.021697 rto=1.000000 retransmitted=0 dupack=0
timestamp_ns=3947684565333 event=RECEIVE state=ESTABLISHED seq=518816528 ack=1946715251 snd_una=1946715251 snd_nxt=1946715251 rcv_nxt=518757892 rwnd=65535 recv_used=54496 right_edge=1946780786 flight=0 sample_rtt=NA srtt=0.043393 rttvar=0.021697 rto=1.000000 retransmitted=0 dupack=0
timestamp_ns=3947684566274 event=DATA_ACK state=ESTABLISHED seq=1946715251 ack=518757892 snd_una=1946715251 snd_nxt=1946715251 rcv_nxt=518757892 rwnd=65535 recv_used=55876 right_edge=1946780786 flight=0 sample_rtt=NA srtt=0.043393 rttvar=0.021697 rto=1.000000 retransmitted=0 dupack=0
timestamp_ns=3947684568709 event=RECEIVE state=ESTABLISHED seq=518817908 ack=1946715251 snd_una=1946715251 snd_nxt=1946715251 rcv_nxt=518757892 rwnd=65535 recv_used=55876 right_edge=1946780786 flight=0 sample_rtt=NA srtt=0.043393 rttvar=0.021697 rto=1.000000 retransmitted=0 dupack=0
timestamp_ns=3947684569711 event=DATA_ACK state=ESTABLISHED seq=1946715251 ack=518757892 snd_una=1946715251 snd_nxt=1946715251 rcv_nxt=518757892 rwnd=65535 recv_used=57256 right_edge=1946780786 flight=0 sample_rtt=NA srtt=0.043393 rttvar=0.021697 rto=1.000000 retransmitted=0 dupack=0
timestamp_ns=3947684571895 event=RECEIVE state=ESTABLISHED seq=518819288 ack=1946715251 snd_una=1946715251 snd_nxt=1946715251 rcv_nxt=518757892 rwnd=65535 recv_used=57256 right_edge=1946780786 flight=0 sample_rtt=NA srtt=0.043393 rttvar=0.021697 rto=1.000000 retransmitted=0 dupack=0
timestamp_ns=3947684572867 event=DATA_ACK state=ESTABLISHED seq=1946715251 ack=518757892 snd_una=1946715251 snd_nxt=1946715251 rcv_nxt=518757892 rwnd=65535 recv_used=58636 right_edge=1946780786 flight=0 sample_rtt=NA srtt=0.043393 rttvar=0.021697 rto=1.000000 retransmitted=0 dupack=0
timestamp_ns=3947684575282 event=RECEIVE state=ESTABLISHED seq=518820668 ack=1946715251 snd_una=1946715251 snd_nxt=1946715251 rcv_nxt=518757892 rwnd=65535 recv_used=58636 right_edge=1946780786 flight=0 sample_rtt=NA srtt=0.043393 rttvar=0.021697 rto=1.000000 retransmitted=0 dupack=0
timestamp_ns=3947684576424 event=DATA_ACK state=ESTABLISHED seq=1946715251 ack=518757892 snd_una=1946715251 snd_nxt=1946715251 rcv_nxt=518757892 rwnd=65535 recv_used=60016 right_edge=1946780786 flight=0 sample_rtt=NA srtt=0.043393 rttvar=0.021697 rto=1.000000 retransmitted=0 dupack=0
timestamp_ns=3947726650593 event=RECEIVE state=ESTABLISHED seq=518757892 ack=1946715251 snd_una=1946715251 snd_nxt=1946715251 rcv_nxt=518757892 rwnd=65535 recv_used=60016 right_edge=1946780786 flight=0 sample_rtt=NA srtt=0.043393 rttvar=0.021697 rto=1.000000 retransmitted=0 dupack=0
timestamp_ns=3947726694345 event=DATA_ACK state=ESTABLISHED seq=1946715251 ack=518778592 snd_una=1946715251 snd_nxt=1946715251 rcv_nxt=518778592 rwnd=65535 recv_used=61396 right_edge=1946780786 flight=0 sample_rtt=NA srtt=0.043393 rttvar=0.021697 rto=1.000000 retransmitted=0 dupack=0
timestamp_ns=3947770491160 event=RECEIVE state=ESTABLISHED seq=518822048 ack=1946715251 snd_una=1946715251 snd_nxt=1946715251 rcv_nxt=518778592 rwnd=65535 recv_used=40696 right_edge=1946780786 flight=0 sample_rtt=NA srtt=0.043393 rttvar=0.021697 rto=1.000000 retransmitted=0 dupack=0
timestamp_ns=3947770509855 event=DATA_ACK state=ESTABLISHED seq=1946715251 ack=518778592 snd_una=1946715251 snd_nxt=1946715251 rcv_nxt=518778592 rwnd=65535 recv_used=42076 right_edge=1946780786 flight=0 sample_rtt=NA srtt=0.043393 rttvar=0.021697 rto=1.000000 retransmitted=0 dupack=0
timestamp_ns=3947770534482 event=RECEIVE state=ESTABLISHED seq=518823428 ack=1946715251 snd_una=1946715251 snd_nxt=1946715251 rcv_nxt=518778592 rwnd=65535 recv_used=42076 right_edge=1946780786 flight=0 sample_rtt=NA srtt=0.043393 rttvar=0.021697 rto=1.000000 retransmitted=0 dupack=0
timestamp_ns=3947770536706 event=DATA_ACK state=ESTABLISHED seq=1946715251 ack=518778592 snd_una=1946715251 snd_nxt=1946715251 rcv_nxt=518778592 rwnd=65535 recv_used=43456 right_edge=1946780786 flight=0 sample_rtt=NA srtt=0.043393 rttvar=0.021697 rto=1.000000 retransmitted=0 dupack=0
timestamp_ns=3947770539141 event=RECEIVE state=ESTABLISHED seq=518827568 ack=1946715251 snd_una=1946715251 snd_nxt=1946715251 rcv_nxt=518778592 rwnd=65535 recv_used=43456 right_edge=1946780786 flight=0 sample_rtt=NA srtt=0.043393 rttvar=0.021697 rto=1.000000 retransmitted=0 dupack=0
timestamp_ns=3947770540523 event=DATA_ACK state=ESTABLISHED seq=1946715251 ack=518778592 snd_una=1946715251 snd_nxt=1946715251 rcv_nxt=518778592 rwnd=65535 recv_used=44836 right_edge=1946780786 flight=0 sample_rtt=NA srtt=0.043393 rttvar=0.021697 rto=1.000000 retransmitted=0 dupack=0
timestamp_ns=3947770543339 event=RECEIVE state=ESTABLISHED seq=518828948 ack=1946715251 snd_una=1946715251 snd_nxt=1946715251 rcv_nxt=518778592 rwnd=65535 recv_used=44836 right_edge=1946780786 flight=0 sample_rtt=NA srtt=0.043393 rttvar=0.021697 rto=1.000000 retransmitted=0 dupack=0
timestamp_ns=3947770544401 event=DATA_ACK state=ESTABLISHED seq=1946715251 ack=518778592 snd_una=1946715251 snd_nxt=1946715251 rcv_nxt=518778592 rwnd=65535 recv_used=46216 right_edge=1946780786 flight=0 sample_rtt=NA srtt=0.043393 rttvar=0.021697 rto=1.000000 retransmitted=0 dupack=0
timestamp_ns=3947770546294 event=RECEIVE state=ESTABLISHED seq=518830328 ack=1946715251 snd_una=1946715251 snd_nxt=1946715251 rcv_nxt=518778592 rwnd=65535 recv_used=46216 right_edge=1946780786 flight=0 sample_rtt=NA srtt=0.043393 rttvar=0.021697 rto=1.000000 retransmitted=0 dupack=0
timestamp_ns=3947770547226 event=DATA_ACK state=ESTABLISHED seq=1946715251 ack=518778592 snd_una=1946715251 snd_nxt=1946715251 rcv_nxt=518778592 rwnd=65535 recv_used=47596 right_edge=1946780786 flight=0 sample_rtt=NA srtt=0.043393 rttvar=0.021697 rto=1.000000 retransmitted=0 dupack=0
timestamp_ns=3947770549100 event=RECEIVE state=ESTABLISHED seq=518831708 ack=1946715251 snd_una=1946715251 snd_nxt=1946715251 rcv_nxt=518778592 rwnd=65535 recv_used=47596 right_edge=1946780786 flight=0 sample_rtt=NA srtt=0.043393 rttvar=0.021697 rto=1.000000 retransmitted=0 dupack=0
timestamp_ns=3947770550102 event=DATA_ACK state=ESTABLISHED seq=1946715251 ack=518778592 snd_una=1946715251 snd_nxt=1946715251 rcv_nxt=518778592 rwnd=65535 recv_used=48976 right_edge=1946780786 flight=0 sample_rtt=NA srtt=0.043393 rttvar=0.021697 rto=1.000000 retransmitted=0 dupack=0
timestamp_ns=3947770552266 event=RECEIVE state=ESTABLISHED seq=518833088 ack=1946715251 snd_una=1946715251 snd_nxt=1946715251 rcv_nxt=518778592 rwnd=65535 recv_used=48976 right_edge=1946780786 flight=0 sample_rtt=NA srtt=0.043393 rttvar=0.021697 rto=1.000000 retransmitted=0 dupack=0
timestamp_ns=3947770553207 event=DATA_ACK state=ESTABLISHED seq=1946715251 ack=518778592 snd_una=1946715251 snd_nxt=1946715251 rcv_nxt=518778592 rwnd=65535 recv_used=50356 right_edge=1946780786 flight=0 sample_rtt=NA srtt=0.043393 rttvar=0.021697 rto=1.000000 retransmitted=0 dupack=0
timestamp_ns=3947770586891 event=RECEIVE state=ESTABLISHED seq=518834468 ack=1946715251 snd_una=1946715251 snd_nxt=1946715251 rcv_nxt=518778592 rwnd=65535 recv_used=50356 right_edge=1946780786 flight=0 sample_rtt=NA srtt=0.043393 rttvar=0.021697 rto=1.000000 retransmitted=0 dupack=0
timestamp_ns=3947770587743 event=DATA_ACK state=ESTABLISHED seq=1946715251 ack=518778592 snd_una=1946715251 snd_nxt=1946715251 rcv_nxt=518778592 rwnd=65535 recv_used=51736 right_edge=1946780786 flight=0 sample_rtt=NA srtt=0.043393 rttvar=0.021697 rto=1.000000 retransmitted=0 dupack=0
timestamp_ns=3947770590007 event=RECEIVE state=ESTABLISHED seq=518835848 ack=1946715251 snd_una=1946715251 snd_nxt=1946715251 rcv_nxt=518778592 rwnd=65535 recv_used=51736 right_edge=1946780786 flight=0 sample_rtt=NA srtt=0.043393 rttvar=0.021697 rto=1.000000 retransmitted=0 dupack=0
timestamp_ns=3947770590859 event=DATA_ACK state=ESTABLISHED seq=1946715251 ack=518778592 snd_una=1946715251 snd_nxt=1946715251 rcv_nxt=518778592 rwnd=65535 recv_used=53116 right_edge=1946780786 flight=0 sample_rtt=NA srtt=0.043393 rttvar=0.021697 rto=1.000000 retransmitted=0 dupack=0
timestamp_ns=3947770593173 event=RECEIVE state=ESTABLISHED seq=518837228 ack=1946715251 snd_una=1946715251 snd_nxt=1946715251 rcv_nxt=518778592 rwnd=65535 recv_used=53116 right_edge=1946780786 flight=0 sample_rtt=NA srtt=0.043393 rttvar=0.021697 rto=1.000000 retransmitted=0 dupack=0
timestamp_ns=3947770594105 event=DATA_ACK state=ESTABLISHED seq=1946715251 ack=518778592 snd_una=1946715251 snd_nxt=1946715251 rcv_nxt=518778592 rwnd=65535 recv_used=54496 right_edge=1946780786 flight=0 sample_rtt=NA srtt=0.043393 rttvar=0.021697 rto=1.000000 retransmitted=0 dupack=0
timestamp_ns=3947770595938 event=RECEIVE state=ESTABLISHED seq=518838608 ack=1946715251 snd_una=1946715251 snd_nxt=1946715251 rcv_nxt=518778592 rwnd=65535 recv_used=54496 right_edge=1946780786 flight=0 sample_rtt=NA srtt=0.043393 rttvar=0.021697 rto=1.000000 retransmitted=0 dupack=0
timestamp_ns=3947770596830 event=DATA_ACK state=ESTABLISHED seq=1946715251 ack=518778592 snd_una=1946715251 snd_nxt=1946715251 rcv_nxt=518778592 rwnd=65535 recv_used=55876 right_edge=1946780786 flight=0 sample_rtt=NA srtt=0.043393 rttvar=0.021697 rto=1.000000 retransmitted=0 dupack=0
timestamp_ns=3947770598664 event=RECEIVE state=ESTABLISHED seq=518839988 ack=1946715251 snd_una=1946715251 snd_nxt=1946715251 rcv_nxt=518778592 rwnd=65535 recv_used=55876 right_edge=1946780786 flight=0 sample_rtt=NA srtt=0.043393 rttvar=0.021697 rto=1.000000 retransmitted=0 dupack=0
timestamp_ns=3947770600166 event=DATA_ACK state=ESTABLISHED seq=1946715251 ack=518778592 snd_una=1946715251 snd_nxt=1946715251 rcv_nxt=518778592 rwnd=65535 recv_used=57256 right_edge=1946780786 flight=0 sample_rtt=NA srtt=0.043393 rttvar=0.021697 rto=1.000000 retransmitted=0 dupack=0
timestamp_ns=3947770602200 event=RECEIVE state=ESTABLISHED seq=518841368 ack=1946715251 snd_una=1946715251 snd_nxt=1946715251 rcv_nxt=518778592 rwnd=65535 recv_used=57256 right_edge=1946780786 flight=0 sample_rtt=NA srtt=0.043393 rttvar=0.021697 rto=1.000000 retransmitted=0 dupack=0
timestamp_ns=3947770603092 event=DATA_ACK state=ESTABLISHED seq=1946715251 ack=518778592 snd_una=1946715251 snd_nxt=1946715251 rcv_nxt=518778592 rwnd=65535 recv_used=58636 right_edge=1946780786 flight=0 sample_rtt=NA srtt=0.043393 rttvar=0.021697 rto=1.000000 retransmitted=0 dupack=0
timestamp_ns=3947812397158 event=RECEIVE state=ESTABLISHED seq=518778592 ack=1946715251 snd_una=1946715251 snd_nxt=1946715251 rcv_nxt=518778592 rwnd=65535 recv_used=58636 right_edge=1946780786 flight=0 sample_rtt=NA srtt=0.043393 rttvar=0.021697 rto=1.000000 retransmitted=0 dupack=0
timestamp_ns=3947812449276 event=DATA_ACK state=ESTABLISHED seq=1946715251 ack=518803432 snd_una=1946715251 snd_nxt=1946715251 rcv_nxt=518803432 rwnd=65535 recv_used=60016 right_edge=1946780786 flight=0 sample_rtt=NA srtt=0.043393 rttvar=0.021697 rto=1.000000 retransmitted=0 dupack=0
timestamp_ns=3947855294508 event=RECEIVE state=ESTABLISHED seq=518842748 ack=1946715251 snd_una=1946715251 snd_nxt=1946715251 rcv_nxt=518803432 rwnd=65535 recv_used=35176 right_edge=1946780786 flight=0 sample_rtt=NA srtt=0.043393 rttvar=0.021697 rto=1.000000 retransmitted=0 dupack=0
timestamp_ns=3947855334754 event=DATA_ACK state=ESTABLISHED seq=1946715251 ack=518803432 snd_una=1946715251 snd_nxt=1946715251 rcv_nxt=518803432 rwnd=65535 recv_used=36556 right_edge=1946780786 flight=0 sample_rtt=NA srtt=0.043393 rttvar=0.021697 rto=1.000000 retransmitted=0 dupack=0
timestamp_ns=3947855353921 event=RECEIVE state=ESTABLISHED seq=518844128 ack=1946715251 snd_una=1946715251 snd_nxt=1946715251 rcv_nxt=518803432 rwnd=65535 recv_used=36556 right_edge=1946780786 flight=0 sample_rtt=NA srtt=0.043393 rttvar=0.021697 rto=1.000000 retransmitted=0 dupack=0
timestamp_ns=3947855355814 event=DATA_ACK state=ESTABLISHED seq=1946715251 ack=518803432 snd_una=1946715251 snd_nxt=1946715251 rcv_nxt=518803432 rwnd=65535 recv_used=37936 right_edge=1946780786 flight=0 sample_rtt=NA srtt=0.043393 rttvar=0.021697 rto=1.000000 retransmitted=0 dupack=0
timestamp_ns=3947855358509 event=RECEIVE state=ESTABLISHED seq=518845508 ack=1946715251 snd_una=1946715251 snd_nxt=1946715251 rcv_nxt=518803432 rwnd=65535 recv_used=37936 right_edge=1946780786 flight=0 sample_rtt=NA srtt=0.043393 rttvar=0.021697 rto=1.000000 retransmitted=0 dupack=0
timestamp_ns=3947855359762 event=DATA_ACK state=ESTABLISHED seq=1946715251 ack=518803432 snd_una=1946715251 snd_nxt=1946715251 rcv_nxt=518803432 rwnd=65535 recv_used=39316 right_edge=1946780786 flight=0 sample_rtt=NA srtt=0.043393 rttvar=0.021697 rto=1.000000 retransmitted=0 dupack=0
timestamp_ns=3947855362086 event=RECEIVE state=ESTABLISHED seq=518846888 ack=1946715251 snd_una=1946715251 snd_nxt=1946715251 rcv_nxt=518803432 rwnd=65535 recv_used=39316 right_edge=1946780786 flight=0 sample_rtt=NA srtt=0.043393 rttvar=0.021697 rto=1.000000 retransmitted=0 dupack=0
timestamp_ns=3947855363178 event=DATA_ACK state=ESTABLISHED seq=1946715251 ack=518803432 snd_una=1946715251 snd_nxt=1946715251 rcv_nxt=518803432 rwnd=65535 recv_used=40696 right_edge=1946780786 flight=0 sample_rtt=NA srtt=0.043393 rttvar=0.021697 rto=1.000000 retransmitted=0 dupack=0
timestamp_ns=3947855365352 event=RECEIVE state=ESTABLISHED seq=518848268 ack=1946715251 snd_una=1946715251 snd_nxt=1946715251 rcv_nxt=518803432 rwnd=65535 recv_used=40696 right_edge=1946780786 flight=0 sample_rtt=NA srtt=0.043393 rttvar=0.021697 rto=1.000000 retransmitted=0 dupack=0
timestamp_ns=3947855366665 event=DATA_ACK state=ESTABLISHED seq=1946715251 ack=518803432 snd_una=1946715251 snd_nxt=1946715251 rcv_nxt=518803432 rwnd=65535 recv_used=42076 right_edge=1946780786 flight=0 sample_rtt=NA srtt=0.043393 rttvar=0.021697 rto=1.000000 retransmitted=0 dupack=0
timestamp_ns=3947855368709 event=RECEIVE state=ESTABLISHED seq=518849648 ack=1946715251 snd_una=1946715251 snd_nxt=1946715251 rcv_nxt=518803432 rwnd=65535 recv_used=42076 right_edge=1946780786 flight=0 sample_rtt=NA srtt=0.043393 rttvar=0.021697 rto=1.000000 retransmitted=0 dupack=0
timestamp_ns=3947855369991 event=DATA_ACK state=ESTABLISHED seq=1946715251 ack=518803432 snd_una=1946715251 snd_nxt=1946715251 rcv_nxt=518803432 rwnd=65535 recv_used=43456 right_edge=1946780786 flight=0 sample_rtt=NA srtt=0.043393 rttvar=0.021697 rto=1.000000 retransmitted=0 dupack=0
timestamp_ns=3947855372115 event=RECEIVE state=ESTABLISHED seq=518851028 ack=1946715251 snd_una=1946715251 snd_nxt=1946715251 rcv_nxt=518803432 rwnd=65535 recv_used=43456 right_edge=1946780786 flight=0 sample_rtt=NA srtt=0.043393 rttvar=0.021697 rto=1.000000 retransmitted=0 dupack=0
timestamp_ns=3947855374139 event=DATA_ACK state=ESTABLISHED seq=1946715251 ack=518803432 snd_una=1946715251 snd_nxt=1946715251 rcv_nxt=518803432 rwnd=65535 recv_used=44836 right_edge=1946780786 flight=0 sample_rtt=NA srtt=0.043393 rttvar=0.021697 rto=1.000000 retransmitted=0 dupack=0
timestamp_ns=3947855376393 event=RECEIVE state=ESTABLISHED seq=518852408 ack=1946715251 snd_una=1946715251 snd_nxt=1946715251 rcv_nxt=518803432 rwnd=65535 recv_used=44836 right_edge=1946780786 flight=0 sample_rtt=NA srtt=0.043393 rttvar=0.021697 rto=1.000000 retransmitted=0 dupack=0
timestamp_ns=3947855380611 event=DATA_ACK state=ESTABLISHED seq=1946715251 ack=518803432 snd_una=1946715251 snd_nxt=1946715251 rcv_nxt=518803432 rwnd=65535 recv_used=46216 right_edge=1946780786 flight=0 sample_rtt=NA srtt=0.043393 rttvar=0.021697 rto=1.000000 retransmitted=0 dupack=0
timestamp_ns=3947855382856 event=RECEIVE state=ESTABLISHED seq=518853788 ack=1946715251 snd_una=1946715251 snd_nxt=1946715251 rcv_nxt=518803432 rwnd=65535 recv_used=46216 right_edge=1946780786 flight=0 sample_rtt=NA srtt=0.043393 rttvar=0.021697 rto=1.000000 retransmitted=0 dupack=0
timestamp_ns=3947855383998 event=DATA_ACK state=ESTABLISHED seq=1946715251 ack=518803432 snd_una=1946715251 snd_nxt=1946715251 rcv_nxt=518803432 rwnd=65535 recv_used=47596 right_edge=1946780786 flight=0 sample_rtt=NA srtt=0.043393 rttvar=0.021697 rto=1.000000 retransmitted=0 dupack=0
timestamp_ns=3947855386142 event=RECEIVE state=ESTABLISHED seq=518855168 ack=1946715251 snd_una=1946715251 snd_nxt=1946715251 rcv_nxt=518803432 rwnd=65535 recv_used=47596 right_edge=1946780786 flight=0 sample_rtt=NA srtt=0.043393 rttvar=0.021697 rto=1.000000 retransmitted=0 dupack=0
timestamp_ns=3947855387204 event=DATA_ACK state=ESTABLISHED seq=1946715251 ack=518803432 snd_una=1946715251 snd_nxt=1946715251 rcv_nxt=518803432 rwnd=65535 recv_used=48976 right_edge=1946780786 flight=0 sample_rtt=NA srtt=0.043393 rttvar=0.021697 rto=1.000000 retransmitted=0 dupack=0
timestamp_ns=3947855389859 event=RECEIVE state=ESTABLISHED seq=518856548 ack=1946715251 snd_una=1946715251 snd_nxt=1946715251 rcv_nxt=518803432 rwnd=65535 recv_used=48976 right_edge=1946780786 flight=0 sample_rtt=NA srtt=0.043393 rttvar=0.021697 rto=1.000000 retransmitted=0 dupack=0
timestamp_ns=3947855391402 event=DATA_ACK state=ESTABLISHED seq=1946715251 ack=518803432 snd_una=1946715251 snd_nxt=1946715251 rcv_nxt=518803432 rwnd=65535 recv_used=50356 right_edge=1946780786 flight=0 sample_rtt=NA srtt=0.043393 rttvar=0.021697 rto=1.000000 retransmitted=0 dupack=0
timestamp_ns=3947855393496 event=RECEIVE state=ESTABLISHED seq=518857928 ack=1946715251 snd_una=1946715251 snd_nxt=1946715251 rcv_nxt=518803432 rwnd=65535 recv_used=50356 right_edge=1946780786 flight=0 sample_rtt=NA srtt=0.043393 rttvar=0.021697 rto=1.000000 retransmitted=0 dupack=0
timestamp_ns=3947855394568 event=DATA_ACK state=ESTABLISHED seq=1946715251 ack=518803432 snd_una=1946715251 snd_nxt=1946715251 rcv_nxt=518803432 rwnd=65535 recv_used=51736 right_edge=1946780786 flight=0 sample_rtt=NA srtt=0.043393 rttvar=0.021697 rto=1.000000 retransmitted=0 dupack=0
timestamp_ns=3947855396672 event=RECEIVE state=ESTABLISHED seq=518859308 ack=1946715251 snd_una=1946715251 snd_nxt=1946715251 rcv_nxt=518803432 rwnd=65535 recv_used=51736 right_edge=1946780786 flight=0 sample_rtt=NA srtt=0.043393 rttvar=0.021697 rto=1.000000 retransmitted=0 dupack=0
timestamp_ns=3947855397834 event=DATA_ACK state=ESTABLISHED seq=1946715251 ack=518803432 snd_una=1946715251 snd_nxt=1946715251 rcv_nxt=518803432 rwnd=65535 recv_used=53116 right_edge=1946780786 flight=0 sample_rtt=NA srtt=0.043393 rttvar=0.021697 rto=1.000000 retransmitted=0 dupack=0
timestamp_ns=3947855399888 event=RECEIVE state=ESTABLISHED seq=518860688 ack=1946715251 snd_una=1946715251 snd_nxt=1946715251 rcv_nxt=518803432 rwnd=65535 recv_used=53116 right_edge=1946780786 flight=0 sample_rtt=NA srtt=0.043393 rttvar=0.021697 rto=1.000000 retransmitted=0 dupack=0
timestamp_ns=3947855409165 event=DATA_ACK state=ESTABLISHED seq=1946715251 ack=518803432 snd_una=1946715251 snd_nxt=1946715251 rcv_nxt=518803432 rwnd=65535 recv_used=54496 right_edge=1946780786 flight=0 sample_rtt=NA srtt=0.043393 rttvar=0.021697 rto=1.000000 retransmitted=0 dupack=0
timestamp_ns=3947855411450 event=RECEIVE state=ESTABLISHED seq=518862068 ack=1946715251 snd_una=1946715251 snd_nxt=1946715251 rcv_nxt=518803432 rwnd=65535 recv_used=54496 right_edge=1946780786 flight=0 sample_rtt=NA srtt=0.043393 rttvar=0.021697 rto=1.000000 retransmitted=0 dupack=0
timestamp_ns=3947855414626 event=DATA_ACK state=ESTABLISHED seq=1946715251 ack=518803432 snd_una=1946715251 snd_nxt=1946715251 rcv_nxt=518803432 rwnd=65535 recv_used=55876 right_edge=1946780786 flight=0 sample_rtt=NA srtt=0.043393 rttvar=0.021697 rto=1.000000 retransmitted=0 dupack=0
timestamp_ns=3947855416810 event=RECEIVE state=ESTABLISHED seq=518863448 ack=1946715251 snd_una=1946715251 snd_nxt=1946715251 rcv_nxt=518803432 rwnd=65535 recv_used=55876 right_edge=1946780786 flight=0 sample_rtt=NA srtt=0.043393 rttvar=0.021697 rto=1.000000 retransmitted=0 dupack=0
timestamp_ns=3947855418002 event=DATA_ACK state=ESTABLISHED seq=1946715251 ack=518803432 snd_una=1946715251 snd_nxt=1946715251 rcv_nxt=518803432 rwnd=65535 recv_used=57256 right_edge=1946780786 flight=0 sample_rtt=NA srtt=0.043393 rttvar=0.021697 rto=1.000000 retransmitted=0 dupack=0
timestamp_ns=3947855421138 event=RECEIVE state=ESTABLISHED seq=518864828 ack=1946715251 snd_una=1946715251 snd_nxt=1946715251 rcv_nxt=518803432 rwnd=65535 recv_used=57256 right_edge=1946780786 flight=0 sample_rtt=NA srtt=0.043393 rttvar=0.021697 rto=1.000000 retransmitted=0 dupack=0
timestamp_ns=3947855427761 event=DATA_ACK state=ESTABLISHED seq=1946715251 ack=518803432 snd_una=1946715251 snd_nxt=1946715251 rcv_nxt=518803432 rwnd=65535 recv_used=58636 right_edge=1946780786 flight=0 sample_rtt=NA srtt=0.043393 rttvar=0.021697 rto=1.000000 retransmitted=0 dupack=0
timestamp_ns=3947855430235 event=RECEIVE state=ESTABLISHED seq=518866208 ack=1946715251 snd_una=1946715251 snd_nxt=1946715251 rcv_nxt=518803432 rwnd=65535 recv_used=58636 right_edge=1946780786 flight=0 sample_rtt=NA srtt=0.043393 rttvar=0.021697 rto=1.000000 retransmitted=0 dupack=0
timestamp_ns=3947855431528 event=DATA_ACK state=ESTABLISHED seq=1946715251 ack=518803432 snd_una=1946715251 snd_nxt=1946715251 rcv_nxt=518803432 rwnd=65535 recv_used=60016 right_edge=1946780786 flight=0 sample_rtt=NA srtt=0.043393 rttvar=0.021697 rto=1.000000 retransmitted=0 dupack=0
timestamp_ns=3947898080075 event=RECEIVE state=ESTABLISHED seq=518803432 ack=1946715251 snd_una=1946715251 snd_nxt=1946715251 rcv_nxt=518803432 rwnd=65535 recv_used=60016 right_edge=1946780786 flight=0 sample_rtt=NA srtt=0.043393 rttvar=0.021697 rto=1.000000 retransmitted=0 dupack=0
timestamp_ns=3947898114320 event=DATA_ACK state=ESTABLISHED seq=1946715251 ack=518824808 snd_una=1946715251 snd_nxt=1946715251 rcv_nxt=518824808 rwnd=65535 recv_used=61396 right_edge=1946780786 flight=0 sample_rtt=NA srtt=0.043393 rttvar=0.021697 rto=1.000000 retransmitted=0 dupack=0
timestamp_ns=3947940728801 event=RECEIVE state=ESTABLISHED seq=518867588 ack=1946715251 snd_una=1946715251 snd_nxt=1946715251 rcv_nxt=518824808 rwnd=65535 recv_used=40020 right_edge=1946780786 flight=0 sample_rtt=NA srtt=0.043393 rttvar=0.021697 rto=1.000000 retransmitted=0 dupack=0
timestamp_ns=3947940751043 event=DATA_ACK state=ESTABLISHED seq=1946715251 ack=518824808 snd_una=1946715251 snd_nxt=1946715251 rcv_nxt=518824808 rwnd=65535 recv_used=41400 right_edge=1946780786 flight=0 sample_rtt=NA srtt=0.043393 rttvar=0.021697 rto=1.000000 retransmitted=0 dupack=0
timestamp_ns=3947940777604 event=RECEIVE state=ESTABLISHED seq=518868968 ack=1946715251 snd_una=1946715251 snd_nxt=1946715251 rcv_nxt=518824808 rwnd=65535 recv_used=41400 right_edge=1946780786 flight=0 sample_rtt=NA srtt=0.043393 rttvar=0.021697 rto=1.000000 retransmitted=0 dupack=0
timestamp_ns=3947940781361 event=DATA_ACK state=ESTABLISHED seq=1946715251 ack=518824808 snd_una=1946715251 snd_nxt=1946715251 rcv_nxt=518824808 rwnd=65535 recv_used=42780 right_edge=1946780786 flight=0 sample_rtt=NA srtt=0.043393 rttvar=0.021697 rto=1.000000 retransmitted=0 dupack=0
timestamp_ns=3947940783745 event=RECEIVE state=ESTABLISHED seq=518870348 ack=1946715251 snd_una=1946715251 snd_nxt=1946715251 rcv_nxt=518824808 rwnd=65535 recv_used=42780 right_edge=1946780786 flight=0 sample_rtt=NA srtt=0.043393 rttvar=0.021697 rto=1.000000 retransmitted=0 dupack=0
timestamp_ns=3947940785208 event=DATA_ACK state=ESTABLISHED seq=1946715251 ack=518824808 snd_una=1946715251 snd_nxt=1946715251 rcv_nxt=518824808 rwnd=65535 recv_used=43456 right_edge=1946780786 flight=0 sample_rtt=NA srtt=0.043393 rttvar=0.021697 rto=1.000000 retransmitted=0 dupack=0
timestamp_ns=3947940822298 event=RECEIVE state=ESTABLISHED seq=518871024 ack=1946715251 snd_una=1946715251 snd_nxt=1946715251 rcv_nxt=518824808 rwnd=65535 recv_used=43456 right_edge=1946780786 flight=0 sample_rtt=NA srtt=0.043393 rttvar=0.021697 rto=1.000000 retransmitted=0 dupack=0
timestamp_ns=3947940824923 event=DATA_ACK state=ESTABLISHED seq=1946715251 ack=518824808 snd_una=1946715251 snd_nxt=1946715251 rcv_nxt=518824808 rwnd=65535 recv_used=44836 right_edge=1946780786 flight=0 sample_rtt=NA srtt=0.043393 rttvar=0.021697 rto=1.000000 retransmitted=0 dupack=0
timestamp_ns=3947940826967 event=RECEIVE state=ESTABLISHED seq=518872404 ack=1946715251 snd_una=1946715251 snd_nxt=1946715251 rcv_nxt=518824808 rwnd=65535 recv_used=44836 right_edge=1946780786 flight=0 sample_rtt=NA srtt=0.043393 rttvar=0.021697 rto=1.000000 retransmitted=0 dupack=0
timestamp_ns=3947940828410 event=DATA_ACK state=ESTABLISHED seq=1946715251 ack=518824808 snd_una=1946715251 snd_nxt=1946715251 rcv_nxt=518824808 rwnd=65535 recv_used=46216 right_edge=1946780786 flight=0 sample_rtt=NA srtt=0.043393 rttvar=0.021697 rto=1.000000 retransmitted=0 dupack=0
timestamp_ns=3947940830384 event=RECEIVE state=ESTABLISHED seq=518873784 ack=1946715251 snd_una=1946715251 snd_nxt=1946715251 rcv_nxt=518824808 rwnd=65535 recv_used=46216 right_edge=1946780786 flight=0 sample_rtt=NA srtt=0.043393 rttvar=0.021697 rto=1.000000 retransmitted=0 dupack=0
timestamp_ns=3947940831676 event=DATA_ACK state=ESTABLISHED seq=1946715251 ack=518824808 snd_una=1946715251 snd_nxt=1946715251 rcv_nxt=518824808 rwnd=65535 recv_used=47596 right_edge=1946780786 flight=0 sample_rtt=NA srtt=0.043393 rttvar=0.021697 rto=1.000000 retransmitted=0 dupack=0
timestamp_ns=3947940833640 event=RECEIVE state=ESTABLISHED seq=518875164 ack=1946715251 snd_una=1946715251 snd_nxt=1946715251 rcv_nxt=518824808 rwnd=65535 recv_used=47596 right_edge=1946780786 flight=0 sample_rtt=NA srtt=0.043393 rttvar=0.021697 rto=1.000000 retransmitted=0 dupack=0
timestamp_ns=3947940843288 event=DATA_ACK state=ESTABLISHED seq=1946715251 ack=518824808 snd_una=1946715251 snd_nxt=1946715251 rcv_nxt=518824808 rwnd=65535 recv_used=48976 right_edge=1946780786 flight=0 sample_rtt=NA srtt=0.043393 rttvar=0.021697 rto=1.000000 retransmitted=0 dupack=0
timestamp_ns=3947940846344 event=RECEIVE state=ESTABLISHED seq=518877924 ack=1946715251 snd_una=1946715251 snd_nxt=1946715251 rcv_nxt=518824808 rwnd=65535 recv_used=48976 right_edge=1946780786 flight=0 sample_rtt=NA srtt=0.043393 rttvar=0.021697 rto=1.000000 retransmitted=0 dupack=0
timestamp_ns=3947940847556 event=DATA_ACK state=ESTABLISHED seq=1946715251 ack=518824808 snd_una=1946715251 snd_nxt=1946715251 rcv_nxt=518824808 rwnd=65535 recv_used=50356 right_edge=1946780786 flight=0 sample_rtt=NA srtt=0.043393 rttvar=0.021697 rto=1.000000 retransmitted=0 dupack=0
timestamp_ns=3947940849490 event=RECEIVE state=ESTABLISHED seq=518879304 ack=1946715251 snd_una=1946715251 snd_nxt=1946715251 rcv_nxt=518824808 rwnd=65535 recv_used=50356 right_edge=1946780786 flight=0 sample_rtt=NA srtt=0.043393 rttvar=0.021697 rto=1.000000 retransmitted=0 dupack=0
timestamp_ns=3947940850462 event=DATA_ACK state=ESTABLISHED seq=1946715251 ack=518824808 snd_una=1946715251 snd_nxt=1946715251 rcv_nxt=518824808 rwnd=65535 recv_used=51736 right_edge=1946780786 flight=0 sample_rtt=NA srtt=0.043393 rttvar=0.021697 rto=1.000000 retransmitted=0 dupack=0
timestamp_ns=3947940852616 event=RECEIVE state=ESTABLISHED seq=518880684 ack=1946715251 snd_una=1946715251 snd_nxt=1946715251 rcv_nxt=518824808 rwnd=65535 recv_used=51736 right_edge=1946780786 flight=0 sample_rtt=NA srtt=0.043393 rttvar=0.021697 rto=1.000000 retransmitted=0 dupack=0
timestamp_ns=3947940853838 event=DATA_ACK state=ESTABLISHED seq=1946715251 ack=518824808 snd_una=1946715251 snd_nxt=1946715251 rcv_nxt=518824808 rwnd=65535 recv_used=53116 right_edge=1946780786 flight=0 sample_rtt=NA srtt=0.043393 rttvar=0.021697 rto=1.000000 retransmitted=0 dupack=0
timestamp_ns=3947940861503 event=RECEIVE state=ESTABLISHED seq=518882064 ack=1946715251 snd_una=1946715251 snd_nxt=1946715251 rcv_nxt=518824808 rwnd=65535 recv_used=53116 right_edge=1946780786 flight=0 sample_rtt=NA srtt=0.043393 rttvar=0.021697 rto=1.000000 retransmitted=0 dupack=0
timestamp_ns=3947940862665 event=DATA_ACK state=ESTABLISHED seq=1946715251 ack=518824808 snd_una=1946715251 snd_nxt=1946715251 rcv_nxt=518824808 rwnd=65535 recv_used=54496 right_edge=1946780786 flight=0 sample_rtt=NA srtt=0.043393 rttvar=0.021697 rto=1.000000 retransmitted=0 dupack=0
timestamp_ns=3947940864569 event=RECEIVE state=ESTABLISHED seq=518883444 ack=1946715251 snd_una=1946715251 snd_nxt=1946715251 rcv_nxt=518824808 rwnd=65535 recv_used=54496 right_edge=1946780786 flight=0 sample_rtt=NA srtt=0.043393 rttvar=0.021697 rto=1.000000 retransmitted=0 dupack=0
timestamp_ns=3947940865500 event=DATA_ACK state=ESTABLISHED seq=1946715251 ack=518824808 snd_una=1946715251 snd_nxt=1946715251 rcv_nxt=518824808 rwnd=65535 recv_used=55876 right_edge=1946780786 flight=0 sample_rtt=NA srtt=0.043393 rttvar=0.021697 rto=1.000000 retransmitted=0 dupack=0
timestamp_ns=3947940867775 event=RECEIVE state=ESTABLISHED seq=518884824 ack=1946715251 snd_una=1946715251 snd_nxt=1946715251 rcv_nxt=518824808 rwnd=65535 recv_used=55876 right_edge=1946780786 flight=0 sample_rtt=NA srtt=0.043393 rttvar=0.021697 rto=1.000000 retransmitted=0 dupack=0
timestamp_ns=3947940869017 event=DATA_ACK state=ESTABLISHED seq=1946715251 ack=518824808 snd_una=1946715251 snd_nxt=1946715251 rcv_nxt=518824808 rwnd=65535 recv_used=57256 right_edge=1946780786 flight=0 sample_rtt=NA srtt=0.043393 rttvar=0.021697 rto=1.000000 retransmitted=0 dupack=0
timestamp_ns=3947940870820 event=RECEIVE state=ESTABLISHED seq=518886204 ack=1946715251 snd_una=1946715251 snd_nxt=1946715251 rcv_nxt=518824808 rwnd=65535 recv_used=57256 right_edge=1946780786 flight=0 sample_rtt=NA srtt=0.043393 rttvar=0.021697 rto=1.000000 retransmitted=0 dupack=0
timestamp_ns=3947940871712 event=DATA_ACK state=ESTABLISHED seq=1946715251 ack=518824808 snd_una=1946715251 snd_nxt=1946715251 rcv_nxt=518824808 rwnd=65535 recv_used=58636 right_edge=1946780786 flight=0 sample_rtt=NA srtt=0.043393 rttvar=0.021697 rto=1.000000 retransmitted=0 dupack=0
timestamp_ns=3947940874918 event=RECEIVE state=ESTABLISHED seq=518887584 ack=1946715251 snd_una=1946715251 snd_nxt=1946715251 rcv_nxt=518824808 rwnd=65535 recv_used=58636 right_edge=1946780786 flight=0 sample_rtt=NA srtt=0.043393 rttvar=0.021697 rto=1.000000 retransmitted=0 dupack=0
timestamp_ns=3947940875830 event=DATA_ACK state=ESTABLISHED seq=1946715251 ack=518824808 snd_una=1946715251 snd_nxt=1946715251 rcv_nxt=518824808 rwnd=65535 recv_used=60016 right_edge=1946780786 flight=0 sample_rtt=NA srtt=0.043393 rttvar=0.021697 rto=1.000000 retransmitted=0 dupack=0
timestamp_ns=3947984183829 event=RECEIVE state=ESTABLISHED seq=518824808 ack=1946715251 snd_una=1946715251 snd_nxt=1946715251 rcv_nxt=518824808 rwnd=65535 recv_used=60016 right_edge=1946780786 flight=0 sample_rtt=NA srtt=0.043393 rttvar=0.021697 rto=1.000000 retransmitted=0 dupack=0
timestamp_ns=3947984211712 event=DATA_ACK state=ESTABLISHED seq=1946715251 ack=518826188 snd_una=1946715251 snd_nxt=1946715251 rcv_nxt=518826188 rwnd=65535 recv_used=61396 right_edge=1946780786 flight=0 sample_rtt=NA srtt=0.043393 rttvar=0.021697 rto=1.000000 retransmitted=0 dupack=0
timestamp_ns=3948026105642 event=RECEIVE state=ESTABLISHED seq=518888964 ack=1946715251 snd_una=1946715251 snd_nxt=1946715251 rcv_nxt=518826188 rwnd=65535 recv_used=60016 right_edge=1946780786 flight=0 sample_rtt=NA srtt=0.043393 rttvar=0.021697 rto=1.000000 retransmitted=0 dupack=0
timestamp_ns=3948026125139 event=DATA_ACK state=ESTABLISHED seq=1946715251 ack=518826188 snd_una=1946715251 snd_nxt=1946715251 rcv_nxt=518826188 rwnd=65535 recv_used=61396 right_edge=1946780786 flight=0 sample_rtt=NA srtt=0.043393 rttvar=0.021697 rto=1.000000 retransmitted=0 dupack=0
timestamp_ns=3948770280620 event=RECEIVE state=ESTABLISHED seq=518826188 ack=1946715251 snd_una=1946715251 snd_nxt=1946715251 rcv_nxt=518826188 rwnd=65535 recv_used=61396 right_edge=1946780786 flight=0 sample_rtt=NA srtt=0.043393 rttvar=0.021697 rto=1.000000 retransmitted=0 dupack=0
timestamp_ns=3948770375160 event=DATA_ACK state=ESTABLISHED seq=1946715251 ack=518876544 snd_una=1946715251 snd_nxt=1946715251 rcv_nxt=518876544 rwnd=65535 recv_used=62776 right_edge=1946780786 flight=0 sample_rtt=NA srtt=0.043393 rttvar=0.021697 rto=1.000000 retransmitted=0 dupack=0
timestamp_ns=3948813974430 event=RECEIVE state=ESTABLISHED seq=518890344 ack=1946715251 snd_una=1946715251 snd_nxt=1946715251 rcv_nxt=518876544 rwnd=65535 recv_used=12420 right_edge=1946780786 flight=0 sample_rtt=NA srtt=0.043393 rttvar=0.021697 rto=1.000000 retransmitted=0 dupack=0
timestamp_ns=3948814011791 event=DATA_ACK state=ESTABLISHED seq=1946715251 ack=518876544 snd_una=1946715251 snd_nxt=1946715251 rcv_nxt=518876544 rwnd=65535 recv_used=13800 right_edge=1946780786 flight=0 sample_rtt=NA srtt=0.043393 rttvar=0.021697 rto=1.000000 retransmitted=0 dupack=0
timestamp_ns=3948814038732 event=RECEIVE state=ESTABLISHED seq=518891724 ack=1946715251 snd_una=1946715251 snd_nxt=1946715251 rcv_nxt=518876544 rwnd=65535 recv_used=13800 right_edge=1946780786 flight=0 sample_rtt=NA srtt=0.043393 rttvar=0.021697 rto=1.000000 retransmitted=0 dupack=0
timestamp_ns=3948814040285 event=DATA_ACK state=ESTABLISHED seq=1946715251 ack=518876544 snd_una=1946715251 snd_nxt=1946715251 rcv_nxt=518876544 rwnd=65535 recv_used=15180 right_edge=1946780786 flight=0 sample_rtt=NA srtt=0.043393 rttvar=0.021697 rto=1.000000 retransmitted=0 dupack=0
timestamp_ns=3948814042960 event=RECEIVE state=ESTABLISHED seq=518893104 ack=1946715251 snd_una=1946715251 snd_nxt=1946715251 rcv_nxt=518876544 rwnd=65535 recv_used=15180 right_edge=1946780786 flight=0 sample_rtt=NA srtt=0.043393 rttvar=0.021697 rto=1.000000 retransmitted=0 dupack=0
timestamp_ns=3948814044293 event=DATA_ACK state=ESTABLISHED seq=1946715251 ack=518876544 snd_una=1946715251 snd_nxt=1946715251 rcv_nxt=518876544 rwnd=65535 recv_used=16560 right_edge=1946780786 flight=0 sample_rtt=NA srtt=0.043393 rttvar=0.021697 rto=1.000000 retransmitted=0 dupack=0
timestamp_ns=3948814046527 event=RECEIVE state=ESTABLISHED seq=518894484 ack=1946715251 snd_una=1946715251 snd_nxt=1946715251 rcv_nxt=518876544 rwnd=65535 recv_used=16560 right_edge=1946780786 flight=0 sample_rtt=NA srtt=0.043393 rttvar=0.021697 rto=1.000000 retransmitted=0 dupack=0
timestamp_ns=3948814047900 event=DATA_ACK state=ESTABLISHED seq=1946715251 ack=518876544 snd_una=1946715251 snd_nxt=1946715251 rcv_nxt=518876544 rwnd=65535 recv_used=17940 right_edge=1946780786 flight=0 sample_rtt=NA srtt=0.043393 rttvar=0.021697 rto=1.000000 retransmitted=0 dupack=0
timestamp_ns=3948814050014 event=RECEIVE state=ESTABLISHED seq=518895864 ack=1946715251 snd_una=1946715251 snd_nxt=1946715251 rcv_nxt=518876544 rwnd=65535 recv_used=17940 right_edge=1946780786 flight=0 sample_rtt=NA srtt=0.043393 rttvar=0.021697 rto=1.000000 retransmitted=0 dupack=0
timestamp_ns=3948814051396 event=DATA_ACK state=ESTABLISHED seq=1946715251 ack=518876544 snd_una=1946715251 snd_nxt=1946715251 rcv_nxt=518876544 rwnd=65535 recv_used=19320 right_edge=1946780786 flight=0 sample_rtt=NA srtt=0.043393 rttvar=0.021697 rto=1.000000 retransmitted=0 dupack=0
timestamp_ns=3948814053490 event=RECEIVE state=ESTABLISHED seq=518897244 ack=1946715251 snd_una=1946715251 snd_nxt=1946715251 rcv_nxt=518876544 rwnd=65535 recv_used=19320 right_edge=1946780786 flight=0 sample_rtt=NA srtt=0.043393 rttvar=0.021697 rto=1.000000 retransmitted=0 dupack=0
timestamp_ns=3948814054702 event=DATA_ACK state=ESTABLISHED seq=1946715251 ack=518876544 snd_una=1946715251 snd_nxt=1946715251 rcv_nxt=518876544 rwnd=65535 recv_used=20700 right_edge=1946780786 flight=0 sample_rtt=NA srtt=0.043393 rttvar=0.021697 rto=1.000000 retransmitted=0 dupack=0
timestamp_ns=3948814056756 event=RECEIVE state=ESTABLISHED seq=518898624 ack=1946715251 snd_una=1946715251 snd_nxt=1946715251 rcv_nxt=518876544 rwnd=65535 recv_used=20700 right_edge=1946780786 flight=0 sample_rtt=NA srtt=0.043393 rttvar=0.021697 rto=1.000000 retransmitted=0 dupack=0
timestamp_ns=3948814090280 event=DATA_ACK state=ESTABLISHED seq=1946715251 ack=518876544 snd_una=1946715251 snd_nxt=1946715251 rcv_nxt=518876544 rwnd=65535 recv_used=22080 right_edge=1946780786 flight=0 sample_rtt=NA srtt=0.043393 rttvar=0.021697 rto=1.000000 retransmitted=0 dupack=0
timestamp_ns=3948814093095 event=RECEIVE state=ESTABLISHED seq=518900004 ack=1946715251 snd_una=1946715251 snd_nxt=1946715251 rcv_nxt=518876544 rwnd=65535 recv_used=22080 right_edge=1946780786 flight=0 sample_rtt=NA srtt=0.043393 rttvar=0.021697 rto=1.000000 retransmitted=0 dupack=0
timestamp_ns=3948814094518 event=DATA_ACK state=ESTABLISHED seq=1946715251 ack=518876544 snd_una=1946715251 snd_nxt=1946715251 rcv_nxt=518876544 rwnd=65535 recv_used=23460 right_edge=1946780786 flight=0 sample_rtt=NA srtt=0.043393 rttvar=0.021697 rto=1.000000 retransmitted=0 dupack=0
timestamp_ns=3948814096912 event=RECEIVE state=ESTABLISHED seq=518901384 ack=1946715251 snd_una=1946715251 snd_nxt=1946715251 rcv_nxt=518876544 rwnd=65535 recv_used=23460 right_edge=1946780786 flight=0 sample_rtt=NA srtt=0.043393 rttvar=0.021697 rto=1.000000 retransmitted=0 dupack=0
timestamp_ns=3948814099447 event=DATA_ACK state=ESTABLISHED seq=1946715251 ack=518876544 snd_una=1946715251 snd_nxt=1946715251 rcv_nxt=518876544 rwnd=65535 recv_used=24840 right_edge=1946780786 flight=0 sample_rtt=NA srtt=0.043393 rttvar=0.021697 rto=1.000000 retransmitted=0 dupack=0
timestamp_ns=3948814101561 event=RECEIVE state=ESTABLISHED seq=518902764 ack=1946715251 snd_una=1946715251 snd_nxt=1946715251 rcv_nxt=518876544 rwnd=65535 recv_used=24840 right_edge=1946780786 flight=0 sample_rtt=NA srtt=0.043393 rttvar=0.021697 rto=1.000000 retransmitted=0 dupack=0
timestamp_ns=3948814104186 event=DATA_ACK state=ESTABLISHED seq=1946715251 ack=518876544 snd_una=1946715251 snd_nxt=1946715251 rcv_nxt=518876544 rwnd=65535 recv_used=26220 right_edge=1946780786 flight=0 sample_rtt=NA srtt=0.043393 rttvar=0.021697 rto=1.000000 retransmitted=0 dupack=0
timestamp_ns=3948814106591 event=RECEIVE state=ESTABLISHED seq=518904144 ack=1946715251 snd_una=1946715251 snd_nxt=1946715251 rcv_nxt=518876544 rwnd=65535 recv_used=26220 right_edge=1946780786 flight=0 sample_rtt=NA srtt=0.043393 rttvar=0.021697 rto=1.000000 retransmitted=0 dupack=0
timestamp_ns=3948814107723 event=DATA_ACK state=ESTABLISHED seq=1946715251 ack=518876544 snd_una=1946715251 snd_nxt=1946715251 rcv_nxt=518876544 rwnd=65535 recv_used=27600 right_edge=1946780786 flight=0 sample_rtt=NA srtt=0.043393 rttvar=0.021697 rto=1.000000 retransmitted=0 dupack=0
timestamp_ns=3948814109777 event=RECEIVE state=ESTABLISHED seq=518905524 ack=1946715251 snd_una=1946715251 snd_nxt=1946715251 rcv_nxt=518876544 rwnd=65535 recv_used=27600 right_edge=1946780786 flight=0 sample_rtt=NA srtt=0.043393 rttvar=0.021697 rto=1.000000 retransmitted=0 dupack=0
timestamp_ns=3948814110869 event=DATA_ACK state=ESTABLISHED seq=1946715251 ack=518876544 snd_una=1946715251 snd_nxt=1946715251 rcv_nxt=518876544 rwnd=65535 recv_used=28980 right_edge=1946780786 flight=0 sample_rtt=NA srtt=0.043393 rttvar=0.021697 rto=1.000000 retransmitted=0 dupack=0
timestamp_ns=3948814112953 event=RECEIVE state=ESTABLISHED seq=518906904 ack=1946715251 snd_una=1946715251 snd_nxt=1946715251 rcv_nxt=518876544 rwnd=65535 recv_used=28980 right_edge=1946780786 flight=0 sample_rtt=NA srtt=0.043393 rttvar=0.021697 rto=1.000000 retransmitted=0 dupack=0
timestamp_ns=3948814114416 event=DATA_ACK state=ESTABLISHED seq=1946715251 ack=518876544 snd_una=1946715251 snd_nxt=1946715251 rcv_nxt=518876544 rwnd=65535 recv_used=30360 right_edge=1946780786 flight=0 sample_rtt=NA srtt=0.043393 rttvar=0.021697 rto=1.000000 retransmitted=0 dupack=0
timestamp_ns=3948814117491 event=RECEIVE state=ESTABLISHED seq=518908284 ack=1946715251 snd_una=1946715251 snd_nxt=1946715251 rcv_nxt=518876544 rwnd=65535 recv_used=30360 right_edge=1946780786 flight=0 sample_rtt=NA srtt=0.043393 rttvar=0.021697 rto=1.000000 retransmitted=0 dupack=0
timestamp_ns=3948814120958 event=DATA_ACK state=ESTABLISHED seq=1946715251 ack=518876544 snd_una=1946715251 snd_nxt=1946715251 rcv_nxt=518876544 rwnd=65535 recv_used=31740 right_edge=1946780786 flight=0 sample_rtt=NA srtt=0.043393 rttvar=0.021697 rto=1.000000 retransmitted=0 dupack=0
timestamp_ns=3948814123232 event=RECEIVE state=ESTABLISHED seq=518909664 ack=1946715251 snd_una=1946715251 snd_nxt=1946715251 rcv_nxt=518876544 rwnd=65535 recv_used=31740 right_edge=1946780786 flight=0 sample_rtt=NA srtt=0.043393 rttvar=0.021697 rto=1.000000 retransmitted=0 dupack=0
timestamp_ns=3948814124395 event=DATA_ACK state=ESTABLISHED seq=1946715251 ack=518876544 snd_una=1946715251 snd_nxt=1946715251 rcv_nxt=518876544 rwnd=65535 recv_used=33120 right_edge=1946780786 flight=0 sample_rtt=NA srtt=0.043393 rttvar=0.021697 rto=1.000000 retransmitted=0 dupack=0
timestamp_ns=3948814126689 event=RECEIVE state=ESTABLISHED seq=518911044 ack=1946715251 snd_una=1946715251 snd_nxt=1946715251 rcv_nxt=518876544 rwnd=65535 recv_used=33120 right_edge=1946780786 flight=0 sample_rtt=NA srtt=0.043393 rttvar=0.021697 rto=1.000000 retransmitted=0 dupack=0
timestamp_ns=3948814128442 event=DATA_ACK state=ESTABLISHED seq=1946715251 ack=518876544 snd_una=1946715251 snd_nxt=1946715251 rcv_nxt=518876544 rwnd=65535 recv_used=34500 right_edge=1946780786 flight=0 sample_rtt=NA srtt=0.043393 rttvar=0.021697 rto=1.000000 retransmitted=0 dupack=0
timestamp_ns=3948814130656 event=RECEIVE state=ESTABLISHED seq=518912424 ack=1946715251 snd_una=1946715251 snd_nxt=1946715251 rcv_nxt=518876544 rwnd=65535 recv_used=34500 right_edge=1946780786 flight=0 sample_rtt=NA srtt=0.043393 rttvar=0.021697 rto=1.000000 retransmitted=0 dupack=0
timestamp_ns=3948814131789 event=DATA_ACK state=ESTABLISHED seq=1946715251 ack=518876544 snd_una=1946715251 snd_nxt=1946715251 rcv_nxt=518876544 rwnd=65535 recv_used=35880 right_edge=1946780786 flight=0 sample_rtt=NA srtt=0.043393 rttvar=0.021697 rto=1.000000 retransmitted=0 dupack=0
timestamp_ns=3948814133863 event=RECEIVE state=ESTABLISHED seq=518913804 ack=1946715251 snd_una=1946715251 snd_nxt=1946715251 rcv_nxt=518876544 rwnd=65535 recv_used=35880 right_edge=1946780786 flight=0 sample_rtt=NA srtt=0.043393 rttvar=0.021697 rto=1.000000 retransmitted=0 dupack=0
timestamp_ns=3948814135065 event=DATA_ACK state=ESTABLISHED seq=1946715251 ack=518876544 snd_una=1946715251 snd_nxt=1946715251 rcv_nxt=518876544 rwnd=65535 recv_used=37260 right_edge=1946780786 flight=0 sample_rtt=NA srtt=0.043393 rttvar=0.021697 rto=1.000000 retransmitted=0 dupack=0
timestamp_ns=3948814137149 event=RECEIVE state=ESTABLISHED seq=518915184 ack=1946715251 snd_una=1946715251 snd_nxt=1946715251 rcv_nxt=518876544 rwnd=65535 recv_used=37260 right_edge=1946780786 flight=0 sample_rtt=NA srtt=0.043393 rttvar=0.021697 rto=1.000000 retransmitted=0 dupack=0
timestamp_ns=3948814138812 event=DATA_ACK state=ESTABLISHED seq=1946715251 ack=518876544 snd_una=1946715251 snd_nxt=1946715251 rcv_nxt=518876544 rwnd=65535 recv_used=38640 right_edge=1946780786 flight=0 sample_rtt=NA srtt=0.043393 rttvar=0.021697 rto=1.000000 retransmitted=0 dupack=0
timestamp_ns=3948814140846 event=RECEIVE state=ESTABLISHED seq=518916564 ack=1946715251 snd_una=1946715251 snd_nxt=1946715251 rcv_nxt=518876544 rwnd=65535 recv_used=38640 right_edge=1946780786 flight=0 sample_rtt=NA srtt=0.043393 rttvar=0.021697 rto=1.000000 retransmitted=0 dupack=0
timestamp_ns=3948814142128 event=DATA_ACK state=ESTABLISHED seq=1946715251 ack=518876544 snd_una=1946715251 snd_nxt=1946715251 rcv_nxt=518876544 rwnd=65535 recv_used=40020 right_edge=1946780786 flight=0 sample_rtt=NA srtt=0.043393 rttvar=0.021697 rto=1.000000 retransmitted=0 dupack=0
timestamp_ns=3948814144122 event=RECEIVE state=ESTABLISHED seq=518917944 ack=1946715251 snd_una=1946715251 snd_nxt=1946715251 rcv_nxt=518876544 rwnd=65535 recv_used=40020 right_edge=1946780786 flight=0 sample_rtt=NA srtt=0.043393 rttvar=0.021697 rto=1.000000 retransmitted=0 dupack=0
timestamp_ns=3948814145314 event=DATA_ACK state=ESTABLISHED seq=1946715251 ack=518876544 snd_una=1946715251 snd_nxt=1946715251 rcv_nxt=518876544 rwnd=65535 recv_used=41400 right_edge=1946780786 flight=0 sample_rtt=NA srtt=0.043393 rttvar=0.021697 rto=1.000000 retransmitted=0 dupack=0
timestamp_ns=3948814149502 event=RECEIVE state=ESTABLISHED seq=518919324 ack=1946715251 snd_una=1946715251 snd_nxt=1946715251 rcv_nxt=518876544 rwnd=65535 recv_used=41400 right_edge=1946780786 flight=0 sample_rtt=NA srtt=0.043393 rttvar=0.021697 rto=1.000000 retransmitted=0 dupack=0
timestamp_ns=3948814151225 event=DATA_ACK state=ESTABLISHED seq=1946715251 ack=518876544 snd_una=1946715251 snd_nxt=1946715251 rcv_nxt=518876544 rwnd=65535 recv_used=42780 right_edge=1946780786 flight=0 sample_rtt=NA srtt=0.043393 rttvar=0.021697 rto=1.000000 retransmitted=0 dupack=0
timestamp_ns=3948814153971 event=RECEIVE state=ESTABLISHED seq=518920704 ack=1946715251 snd_una=1946715251 snd_nxt=1946715251 rcv_nxt=518876544 rwnd=65535 recv_used=42780 right_edge=1946780786 flight=0 sample_rtt=NA srtt=0.043393 rttvar=0.021697 rto=1.000000 retransmitted=0 dupack=0
timestamp_ns=3948814155203 event=DATA_ACK state=ESTABLISHED seq=1946715251 ack=518876544 snd_una=1946715251 snd_nxt=1946715251 rcv_nxt=518876544 rwnd=65535 recv_used=44160 right_edge=1946780786 flight=0 sample_rtt=NA srtt=0.043393 rttvar=0.021697 rto=1.000000 retransmitted=0 dupack=0
timestamp_ns=3948814157638 event=RECEIVE state=ESTABLISHED seq=518922084 ack=1946715251 snd_una=1946715251 snd_nxt=1946715251 rcv_nxt=518876544 rwnd=65535 recv_used=44160 right_edge=1946780786 flight=0 sample_rtt=NA srtt=0.043393 rttvar=0.021697 rto=1.000000 retransmitted=0 dupack=0
timestamp_ns=3948814159020 event=DATA_ACK state=ESTABLISHED seq=1946715251 ack=518876544 snd_una=1946715251 snd_nxt=1946715251 rcv_nxt=518876544 rwnd=65535 recv_used=45540 right_edge=1946780786 flight=0 sample_rtt=NA srtt=0.043393 rttvar=0.021697 rto=1.000000 retransmitted=0 dupack=0
timestamp_ns=3948814161345 event=RECEIVE state=ESTABLISHED seq=518923464 ack=1946715251 snd_una=1946715251 snd_nxt=1946715251 rcv_nxt=518876544 rwnd=65535 recv_used=45540 right_edge=1946780786 flight=0 sample_rtt=NA srtt=0.043393 rttvar=0.021697 rto=1.000000 retransmitted=0 dupack=0
timestamp_ns=3948814168869 event=DATA_ACK state=ESTABLISHED seq=1946715251 ack=518876544 snd_una=1946715251 snd_nxt=1946715251 rcv_nxt=518876544 rwnd=65535 recv_used=46920 right_edge=1946780786 flight=0 sample_rtt=NA srtt=0.043393 rttvar=0.021697 rto=1.000000 retransmitted=0 dupack=0
timestamp_ns=3948814170953 event=RECEIVE state=ESTABLISHED seq=518924844 ack=1946715251 snd_una=1946715251 snd_nxt=1946715251 rcv_nxt=518876544 rwnd=65535 recv_used=46920 right_edge=1946780786 flight=0 sample_rtt=NA srtt=0.043393 rttvar=0.021697 rto=1.000000 retransmitted=0 dupack=0
timestamp_ns=3948814172215 event=DATA_ACK state=ESTABLISHED seq=1946715251 ack=518876544 snd_una=1946715251 snd_nxt=1946715251 rcv_nxt=518876544 rwnd=65535 recv_used=48300 right_edge=1946780786 flight=0 sample_rtt=NA srtt=0.043393 rttvar=0.021697 rto=1.000000 retransmitted=0 dupack=0
timestamp_ns=3948814174229 event=RECEIVE state=ESTABLISHED seq=518926224 ack=1946715251 snd_una=1946715251 snd_nxt=1946715251 rcv_nxt=518876544 rwnd=65535 recv_used=48300 right_edge=1946780786 flight=0 sample_rtt=NA srtt=0.043393 rttvar=0.021697 rto=1.000000 retransmitted=0 dupack=0
timestamp_ns=3948814175501 event=DATA_ACK state=ESTABLISHED seq=1946715251 ack=518876544 snd_una=1946715251 snd_nxt=1946715251 rcv_nxt=518876544 rwnd=65535 recv_used=49680 right_edge=1946780786 flight=0 sample_rtt=NA srtt=0.043393 rttvar=0.021697 rto=1.000000 retransmitted=0 dupack=0
timestamp_ns=3948814177535 event=RECEIVE state=ESTABLISHED seq=518927604 ack=1946715251 snd_una=1946715251 snd_nxt=1946715251 rcv_nxt=518876544 rwnd=65535 recv_used=49680 right_edge=1946780786 flight=0 sample_rtt=NA srtt=0.043393 rttvar=0.021697 rto=1.000000 retransmitted=0 dupack=0
timestamp_ns=3948814182495 event=DATA_ACK state=ESTABLISHED seq=1946715251 ack=518876544 snd_una=1946715251 snd_nxt=1946715251 rcv_nxt=518876544 rwnd=65535 recv_used=51060 right_edge=1946780786 flight=0 sample_rtt=NA srtt=0.043393 rttvar=0.021697 rto=1.000000 retransmitted=0 dupack=0
timestamp_ns=3948814186753 event=RECEIVE state=ESTABLISHED seq=518928984 ack=1946715251 snd_una=1946715251 snd_nxt=1946715251 rcv_nxt=518876544 rwnd=65535 recv_used=51060 right_edge=1946780786 flight=0 sample_rtt=NA srtt=0.043393 rttvar=0.021697 rto=1.000000 retransmitted=0 dupack=0
timestamp_ns=3948814188115 event=DATA_ACK state=ESTABLISHED seq=1946715251 ack=518876544 snd_una=1946715251 snd_nxt=1946715251 rcv_nxt=518876544 rwnd=65535 recv_used=52440 right_edge=1946780786 flight=0 sample_rtt=NA srtt=0.043393 rttvar=0.021697 rto=1.000000 retransmitted=0 dupack=0
timestamp_ns=3948814190229 event=RECEIVE state=ESTABLISHED seq=518930364 ack=1946715251 snd_una=1946715251 snd_nxt=1946715251 rcv_nxt=518876544 rwnd=65535 recv_used=52440 right_edge=1946780786 flight=0 sample_rtt=NA srtt=0.043393 rttvar=0.021697 rto=1.000000 retransmitted=0 dupack=0
timestamp_ns=3948814191542 event=DATA_ACK state=ESTABLISHED seq=1946715251 ack=518876544 snd_una=1946715251 snd_nxt=1946715251 rcv_nxt=518876544 rwnd=65535 recv_used=53820 right_edge=1946780786 flight=0 sample_rtt=NA srtt=0.043393 rttvar=0.021697 rto=1.000000 retransmitted=0 dupack=0
timestamp_ns=3948814193866 event=RECEIVE state=ESTABLISHED seq=518931744 ack=1946715251 snd_una=1946715251 snd_nxt=1946715251 rcv_nxt=518876544 rwnd=65535 recv_used=53820 right_edge=1946780786 flight=0 sample_rtt=NA srtt=0.043393 rttvar=0.021697 rto=1.000000 retransmitted=0 dupack=0
timestamp_ns=3948814197734 event=DATA_ACK state=ESTABLISHED seq=1946715251 ack=518876544 snd_una=1946715251 snd_nxt=1946715251 rcv_nxt=518876544 rwnd=65535 recv_used=55200 right_edge=1946780786 flight=0 sample_rtt=NA srtt=0.043393 rttvar=0.021697 rto=1.000000 retransmitted=0 dupack=0
timestamp_ns=3948814199958 event=RECEIVE state=ESTABLISHED seq=518933124 ack=1946715251 snd_una=1946715251 snd_nxt=1946715251 rcv_nxt=518876544 rwnd=65535 recv_used=55200 right_edge=1946780786 flight=0 sample_rtt=NA srtt=0.043393 rttvar=0.021697 rto=1.000000 retransmitted=0 dupack=0
timestamp_ns=3948814201491 event=DATA_ACK state=ESTABLISHED seq=1946715251 ack=518876544 snd_una=1946715251 snd_nxt=1946715251 rcv_nxt=518876544 rwnd=65535 recv_used=56580 right_edge=1946780786 flight=0 sample_rtt=NA srtt=0.043393 rttvar=0.021697 rto=1.000000 retransmitted=0 dupack=0
timestamp_ns=3948814203494 event=RECEIVE state=ESTABLISHED seq=518934504 ack=1946715251 snd_una=1946715251 snd_nxt=1946715251 rcv_nxt=518876544 rwnd=65535 recv_used=56580 right_edge=1946780786 flight=0 sample_rtt=NA srtt=0.043393 rttvar=0.021697 rto=1.000000 retransmitted=0 dupack=0
timestamp_ns=3948814204997 event=DATA_ACK state=ESTABLISHED seq=1946715251 ack=518876544 snd_una=1946715251 snd_nxt=1946715251 rcv_nxt=518876544 rwnd=65535 recv_used=57960 right_edge=1946780786 flight=0 sample_rtt=NA srtt=0.043393 rttvar=0.021697 rto=1.000000 retransmitted=0 dupack=0
timestamp_ns=3948814207372 event=RECEIVE state=ESTABLISHED seq=518935884 ack=1946715251 snd_una=1946715251 snd_nxt=1946715251 rcv_nxt=518876544 rwnd=65535 recv_used=57960 right_edge=1946780786 flight=0 sample_rtt=NA srtt=0.043393 rttvar=0.021697 rto=1.000000 retransmitted=0 dupack=0
timestamp_ns=3948814248239 event=DATA_ACK state=ESTABLISHED seq=1946715251 ack=518876544 snd_una=1946715251 snd_nxt=1946715251 rcv_nxt=518876544 rwnd=65535 recv_used=58636 right_edge=1946780786 flight=0 sample_rtt=NA srtt=0.043393 rttvar=0.021697 rto=1.000000 retransmitted=0 dupack=0
timestamp_ns=3948814260472 event=RECEIVE state=ESTABLISHED seq=518936560 ack=1946715251 snd_una=1946715251 snd_nxt=1946715251 rcv_nxt=518876544 rwnd=65535 recv_used=58636 right_edge=1946780786 flight=0 sample_rtt=NA srtt=0.043393 rttvar=0.021697 rto=1.000000 retransmitted=0 dupack=0
timestamp_ns=3948814262947 event=DATA_ACK state=ESTABLISHED seq=1946715251 ack=518876544 snd_una=1946715251 snd_nxt=1946715251 rcv_nxt=518876544 rwnd=65535 recv_used=60016 right_edge=1946780786 flight=0 sample_rtt=NA srtt=0.043393 rttvar=0.021697 rto=1.000000 retransmitted=0 dupack=0
timestamp_ns=3948814276012 event=RECEIVE state=ESTABLISHED seq=518937940 ack=1946715251 snd_una=1946715251 snd_nxt=1946715251 rcv_nxt=518876544 rwnd=65535 recv_used=60016 right_edge=1946780786 flight=0 sample_rtt=NA srtt=0.043393 rttvar=0.021697 rto=1.000000 retransmitted=0 dupack=0
timestamp_ns=3948814277855 event=DATA_ACK state=ESTABLISHED seq=1946715251 ack=518876544 snd_una=1946715251 snd_nxt=1946715251 rcv_nxt=518876544 rwnd=65535 recv_used=61396 right_edge=1946780786 flight=0 sample_rtt=NA srtt=0.043393 rttvar=0.021697 rto=1.000000 retransmitted=0 dupack=0
timestamp_ns=3948814280200 event=RECEIVE state=ESTABLISHED seq=518939320 ack=1946715251 snd_una=1946715251 snd_nxt=1946715251 rcv_nxt=518876544 rwnd=65535 recv_used=61396 right_edge=1946780786 flight=0 sample_rtt=NA srtt=0.043393 rttvar=0.021697 rto=1.000000 retransmitted=0 dupack=0
timestamp_ns=3948814284849 event=DATA_ACK state=ESTABLISHED seq=1946715251 ack=518876544 snd_una=1946715251 snd_nxt=1946715251 rcv_nxt=518876544 rwnd=65535 recv_used=62776 right_edge=1946780786 flight=0 sample_rtt=NA srtt=0.043393 rttvar=0.021697 rto=1.000000 retransmitted=0 dupack=0
timestamp_ns=3948857654337 event=RECEIVE state=ESTABLISHED seq=518876544 ack=1946715251 snd_una=1946715251 snd_nxt=1946715251 rcv_nxt=518876544 rwnd=65535 recv_used=62776 right_edge=1946780786 flight=0 sample_rtt=NA srtt=0.043393 rttvar=0.021697 rto=1.000000 retransmitted=0 dupack=0
timestamp_ns=3948857743446 event=DATA_ACK state=ESTABLISHED seq=1946715251 ack=518940700 snd_una=1946715251 snd_nxt=1946715251 rcv_nxt=518940700 rwnd=65535 recv_used=64156 right_edge=1946780786 flight=0 sample_rtt=NA srtt=0.043393 rttvar=0.021697 rto=1.000000 retransmitted=0 dupack=0
timestamp_ns=3948900243873 event=RECEIVE state=ESTABLISHED seq=518940700 ack=1946715251 snd_una=1946715251 snd_nxt=1946715251 rcv_nxt=518940700 rwnd=65535 recv_used=0 right_edge=1946780786 flight=0 sample_rtt=NA srtt=0.043393 rttvar=0.021697 rto=1.000000 retransmitted=0 dupack=0
timestamp_ns=3948900278388 event=DATA_ACK state=ESTABLISHED seq=1946715251 ack=518942080 snd_una=1946715251 snd_nxt=1946715251 rcv_nxt=518942080 rwnd=65535 recv_used=1380 right_edge=1946780786 flight=0 sample_rtt=NA srtt=0.043393 rttvar=0.021697 rto=1.000000 retransmitted=0 dupack=0
timestamp_ns=3948900316009 event=RECEIVE state=ESTABLISHED seq=518942080 ack=1946715251 snd_una=1946715251 snd_nxt=1946715251 rcv_nxt=518942080 rwnd=65535 recv_used=0 right_edge=1946780786 flight=0 sample_rtt=NA srtt=0.043393 rttvar=0.021697 rto=1.000000 retransmitted=0 dupack=0
timestamp_ns=3948900320338 event=DATA_ACK state=ESTABLISHED seq=1946715251 ack=518943460 snd_una=1946715251 snd_nxt=1946715251 rcv_nxt=518943460 rwnd=65535 recv_used=1380 right_edge=1946780786 flight=0 sample_rtt=NA srtt=0.043393 rttvar=0.021697 rto=1.000000 retransmitted=0 dupack=0
timestamp_ns=3948900325728 event=RECEIVE state=ESTABLISHED seq=518943460 ack=1946715251 snd_una=1946715251 snd_nxt=1946715251 rcv_nxt=518943460 rwnd=65535 recv_used=0 right_edge=1946780786 flight=0 sample_rtt=NA srtt=0.043393 rttvar=0.021697 rto=1.000000 retransmitted=0 dupack=0
timestamp_ns=3948900333172 event=DATA_ACK state=ESTABLISHED seq=1946715251 ack=518944840 snd_una=1946715251 snd_nxt=1946715251 rcv_nxt=518944840 rwnd=65535 recv_used=1380 right_edge=1946780786 flight=0 sample_rtt=NA srtt=0.043393 rttvar=0.021697 rto=1.000000 retransmitted=0 dupack=0
timestamp_ns=3948900344002 event=RECEIVE state=ESTABLISHED seq=518944840 ack=1946715251 snd_una=1946715251 snd_nxt=1946715251 rcv_nxt=518944840 rwnd=65535 recv_used=0 right_edge=1946780786 flight=0 sample_rtt=NA srtt=0.043393 rttvar=0.021697 rto=1.000000 retransmitted=0 dupack=0
timestamp_ns=3948900346247 event=DATA_ACK state=ESTABLISHED seq=1946715251 ack=518946220 snd_una=1946715251 snd_nxt=1946715251 rcv_nxt=518946220 rwnd=65535 recv_used=1380 right_edge=1946780786 flight=0 sample_rtt=NA srtt=0.043393 rttvar=0.021697 rto=1.000000 retransmitted=0 dupack=0
timestamp_ns=3948900350785 event=RECEIVE state=ESTABLISHED seq=518946220 ack=1946715251 snd_una=1946715251 snd_nxt=1946715251 rcv_nxt=518946220 rwnd=65535 recv_used=0 right_edge=1946780786 flight=0 sample_rtt=NA srtt=0.043393 rttvar=0.021697 rto=1.000000 retransmitted=0 dupack=0
timestamp_ns=3948900369862 event=DATA_ACK state=ESTABLISHED seq=1946715251 ack=518947600 snd_una=1946715251 snd_nxt=1946715251 rcv_nxt=518947600 rwnd=65535 recv_used=1380 right_edge=1946780786 flight=0 sample_rtt=NA srtt=0.043393 rttvar=0.021697 rto=1.000000 retransmitted=0 dupack=0
timestamp_ns=3948900374621 event=RECEIVE state=ESTABLISHED seq=518947600 ack=1946715251 snd_una=1946715251 snd_nxt=1946715251 rcv_nxt=518947600 rwnd=65535 recv_used=0 right_edge=1946780786 flight=0 sample_rtt=NA srtt=0.043393 rttvar=0.021697 rto=1.000000 retransmitted=0 dupack=0
timestamp_ns=3948900378047 event=DATA_ACK state=ESTABLISHED seq=1946715251 ack=518948980 snd_una=1946715251 snd_nxt=1946715251 rcv_nxt=518948980 rwnd=65535 recv_used=1380 right_edge=1946780786 flight=0 sample_rtt=NA srtt=0.043393 rttvar=0.021697 rto=1.000000 retransmitted=0 dupack=0
timestamp_ns=3948900384259 event=RECEIVE state=ESTABLISHED seq=518948980 ack=1946715251 snd_una=1946715251 snd_nxt=1946715251 rcv_nxt=518948980 rwnd=65535 recv_used=0 right_edge=1946780786 flight=0 sample_rtt=NA srtt=0.043393 rttvar=0.021697 rto=1.000000 retransmitted=0 dupack=0
timestamp_ns=3948900386383 event=DATA_ACK state=ESTABLISHED seq=1946715251 ack=518950360 snd_una=1946715251 snd_nxt=1946715251 rcv_nxt=518950360 rwnd=65535 recv_used=1380 right_edge=1946780786 flight=0 sample_rtt=NA srtt=0.043393 rttvar=0.021697 rto=1.000000 retransmitted=0 dupack=0
timestamp_ns=3948900390671 event=RECEIVE state=ESTABLISHED seq=518950360 ack=1946715251 snd_una=1946715251 snd_nxt=1946715251 rcv_nxt=518950360 rwnd=65535 recv_used=0 right_edge=1946780786 flight=0 sample_rtt=NA srtt=0.043393 rttvar=0.021697 rto=1.000000 retransmitted=0 dupack=0
timestamp_ns=3948900392795 event=DATA_ACK state=ESTABLISHED seq=1946715251 ack=518951740 snd_una=1946715251 snd_nxt=1946715251 rcv_nxt=518951740 rwnd=65535 recv_used=1380 right_edge=1946780786 flight=0 sample_rtt=NA srtt=0.043393 rttvar=0.021697 rto=1.000000 retransmitted=0 dupack=0
timestamp_ns=3948900397063 event=RECEIVE state=ESTABLISHED seq=518951740 ack=1946715251 snd_una=1946715251 snd_nxt=1946715251 rcv_nxt=518951740 rwnd=65535 recv_used=0 right_edge=1946780786 flight=0 sample_rtt=NA srtt=0.043393 rttvar=0.021697 rto=1.000000 retransmitted=0 dupack=0
timestamp_ns=3948900400449 event=DATA_ACK state=ESTABLISHED seq=1946715251 ack=518953120 snd_una=1946715251 snd_nxt=1946715251 rcv_nxt=518953120 rwnd=65535 recv_used=1380 right_edge=1946780786 flight=0 sample_rtt=NA srtt=0.043393 rttvar=0.021697 rto=1.000000 retransmitted=0 dupack=0
timestamp_ns=3948900406531 event=RECEIVE state=ESTABLISHED seq=518953120 ack=1946715251 snd_una=1946715251 snd_nxt=1946715251 rcv_nxt=518953120 rwnd=65535 recv_used=0 right_edge=1946780786 flight=0 sample_rtt=NA srtt=0.043393 rttvar=0.021697 rto=1.000000 retransmitted=0 dupack=0
timestamp_ns=3948900408685 event=DATA_ACK state=ESTABLISHED seq=1946715251 ack=518954500 snd_una=1946715251 snd_nxt=1946715251 rcv_nxt=518954500 rwnd=65535 recv_used=1380 right_edge=1946780786 flight=0 sample_rtt=NA srtt=0.043393 rttvar=0.021697 rto=1.000000 retransmitted=0 dupack=0
timestamp_ns=3948900413063 event=RECEIVE state=ESTABLISHED seq=518955880 ack=1946715251 snd_una=1946715251 snd_nxt=1946715251 rcv_nxt=518954500 rwnd=65535 recv_used=0 right_edge=1946780786 flight=0 sample_rtt=NA srtt=0.043393 rttvar=0.021697 rto=1.000000 retransmitted=0 dupack=0
timestamp_ns=3948900413915 event=DATA_ACK state=ESTABLISHED seq=1946715251 ack=518954500 snd_una=1946715251 snd_nxt=1946715251 rcv_nxt=518954500 rwnd=65535 recv_used=1380 right_edge=1946780786 flight=0 sample_rtt=NA srtt=0.043393 rttvar=0.021697 rto=1.000000 retransmitted=0 dupack=0
timestamp_ns=3948900416239 event=RECEIVE state=ESTABLISHED seq=518957260 ack=1946715251 snd_una=1946715251 snd_nxt=1946715251 rcv_nxt=518954500 rwnd=65535 recv_used=1380 right_edge=1946780786 flight=0 sample_rtt=NA srtt=0.043393 rttvar=0.021697 rto=1.000000 retransmitted=0 dupack=0
timestamp_ns=3948900419526 event=DATA_ACK state=ESTABLISHED seq=1946715251 ack=518954500 snd_una=1946715251 snd_nxt=1946715251 rcv_nxt=518954500 rwnd=65535 recv_used=2760 right_edge=1946780786 flight=0 sample_rtt=NA srtt=0.043393 rttvar=0.021697 rto=1.000000 retransmitted=0 dupack=0
timestamp_ns=3948900421940 event=RECEIVE state=ESTABLISHED seq=518958640 ack=1946715251 snd_una=1946715251 snd_nxt=1946715251 rcv_nxt=518954500 rwnd=65535 recv_used=2760 right_edge=1946780786 flight=0 sample_rtt=NA srtt=0.043393 rttvar=0.021697 rto=1.000000 retransmitted=0 dupack=0
timestamp_ns=3948900422972 event=DATA_ACK state=ESTABLISHED seq=1946715251 ack=518954500 snd_una=1946715251 snd_nxt=1946715251 rcv_nxt=518954500 rwnd=65535 recv_used=4140 right_edge=1946780786 flight=0 sample_rtt=NA srtt=0.043393 rttvar=0.021697 rto=1.000000 retransmitted=0 dupack=0
timestamp_ns=3948900425116 event=RECEIVE state=ESTABLISHED seq=518960020 ack=1946715251 snd_una=1946715251 snd_nxt=1946715251 rcv_nxt=518954500 rwnd=65535 recv_used=4140 right_edge=1946780786 flight=0 sample_rtt=NA srtt=0.043393 rttvar=0.021697 rto=1.000000 retransmitted=0 dupack=0
timestamp_ns=3948900426349 event=DATA_ACK state=ESTABLISHED seq=1946715251 ack=518954500 snd_una=1946715251 snd_nxt=1946715251 rcv_nxt=518954500 rwnd=65535 recv_used=5520 right_edge=1946780786 flight=0 sample_rtt=NA srtt=0.043393 rttvar=0.021697 rto=1.000000 retransmitted=0 dupack=0
timestamp_ns=3948900428342 event=RECEIVE state=ESTABLISHED seq=518961400 ack=1946715251 snd_una=1946715251 snd_nxt=1946715251 rcv_nxt=518954500 rwnd=65535 recv_used=5520 right_edge=1946780786 flight=0 sample_rtt=NA srtt=0.043393 rttvar=0.021697 rto=1.000000 retransmitted=0 dupack=0
timestamp_ns=3948900429294 event=DATA_ACK state=ESTABLISHED seq=1946715251 ack=518954500 snd_una=1946715251 snd_nxt=1946715251 rcv_nxt=518954500 rwnd=65535 recv_used=6900 right_edge=1946780786 flight=0 sample_rtt=NA srtt=0.043393 rttvar=0.021697 rto=1.000000 retransmitted=0 dupack=0
timestamp_ns=3948900431278 event=RECEIVE state=ESTABLISHED seq=518962780 ack=1946715251 snd_una=1946715251 snd_nxt=1946715251 rcv_nxt=518954500 rwnd=65535 recv_used=6900 right_edge=1946780786 flight=0 sample_rtt=NA srtt=0.043393 rttvar=0.021697 rto=1.000000 retransmitted=0 dupack=0
timestamp_ns=3948900432320 event=DATA_ACK state=ESTABLISHED seq=1946715251 ack=518954500 snd_una=1946715251 snd_nxt=1946715251 rcv_nxt=518954500 rwnd=65535 recv_used=8280 right_edge=1946780786 flight=0 sample_rtt=NA srtt=0.043393 rttvar=0.021697 rto=1.000000 retransmitted=0 dupack=0
timestamp_ns=3948900434424 event=RECEIVE state=ESTABLISHED seq=518964160 ack=1946715251 snd_una=1946715251 snd_nxt=1946715251 rcv_nxt=518954500 rwnd=65535 recv_used=8280 right_edge=1946780786 flight=0 sample_rtt=NA srtt=0.043393 rttvar=0.021697 rto=1.000000 retransmitted=0 dupack=0
timestamp_ns=3948900435526 event=DATA_ACK state=ESTABLISHED seq=1946715251 ack=518954500 snd_una=1946715251 snd_nxt=1946715251 rcv_nxt=518954500 rwnd=65535 recv_used=9660 right_edge=1946780786 flight=0 sample_rtt=NA srtt=0.043393 rttvar=0.021697 rto=1.000000 retransmitted=0 dupack=0
timestamp_ns=3948900437610 event=RECEIVE state=ESTABLISHED seq=518966920 ack=1946715251 snd_una=1946715251 snd_nxt=1946715251 rcv_nxt=518954500 rwnd=65535 recv_used=9660 right_edge=1946780786 flight=0 sample_rtt=NA srtt=0.043393 rttvar=0.021697 rto=1.000000 retransmitted=0 dupack=0
timestamp_ns=3948900438562 event=DATA_ACK state=ESTABLISHED seq=1946715251 ack=518954500 snd_una=1946715251 snd_nxt=1946715251 rcv_nxt=518954500 rwnd=65535 recv_used=11040 right_edge=1946780786 flight=0 sample_rtt=NA srtt=0.043393 rttvar=0.021697 rto=1.000000 retransmitted=0 dupack=0
timestamp_ns=3948900440976 event=RECEIVE state=ESTABLISHED seq=518968300 ack=1946715251 snd_una=1946715251 snd_nxt=1946715251 rcv_nxt=518954500 rwnd=65535 recv_used=11040 right_edge=1946780786 flight=0 sample_rtt=NA srtt=0.043393 rttvar=0.021697 rto=1.000000 retransmitted=0 dupack=0
timestamp_ns=3948900441998 event=DATA_ACK state=ESTABLISHED seq=1946715251 ack=518954500 snd_una=1946715251 snd_nxt=1946715251 rcv_nxt=518954500 rwnd=65535 recv_used=12420 right_edge=1946780786 flight=0 sample_rtt=NA srtt=0.043393 rttvar=0.021697 rto=1.000000 retransmitted=0 dupack=0
timestamp_ns=3948900446226 event=RECEIVE state=ESTABLISHED seq=518969680 ack=1946715251 snd_una=1946715251 snd_nxt=1946715251 rcv_nxt=518954500 rwnd=65535 recv_used=12420 right_edge=1946780786 flight=0 sample_rtt=NA srtt=0.043393 rttvar=0.021697 rto=1.000000 retransmitted=0 dupack=0
timestamp_ns=3948900447158 event=DATA_ACK state=ESTABLISHED seq=1946715251 ack=518954500 snd_una=1946715251 snd_nxt=1946715251 rcv_nxt=518954500 rwnd=65535 recv_used=13800 right_edge=1946780786 flight=0 sample_rtt=NA srtt=0.043393 rttvar=0.021697 rto=1.000000 retransmitted=0 dupack=0
timestamp_ns=3948900449462 event=RECEIVE state=ESTABLISHED seq=518971060 ack=1946715251 snd_una=1946715251 snd_nxt=1946715251 rcv_nxt=518954500 rwnd=65535 recv_used=13800 right_edge=1946780786 flight=0 sample_rtt=NA srtt=0.043393 rttvar=0.021697 rto=1.000000 retransmitted=0 dupack=0
timestamp_ns=3948900450284 event=DATA_ACK state=ESTABLISHED seq=1946715251 ack=518954500 snd_una=1946715251 snd_nxt=1946715251 rcv_nxt=518954500 rwnd=65535 recv_used=15180 right_edge=1946780786 flight=0 sample_rtt=NA srtt=0.043393 rttvar=0.021697 rto=1.000000 retransmitted=0 dupack=0
timestamp_ns=3948900452338 event=RECEIVE state=ESTABLISHED seq=518972440 ack=1946715251 snd_una=1946715251 snd_nxt=1946715251 rcv_nxt=518954500 rwnd=65535 recv_used=15180 right_edge=1946780786 flight=0 sample_rtt=NA srtt=0.043393 rttvar=0.021697 rto=1.000000 retransmitted=0 dupack=0
timestamp_ns=3948900453230 event=DATA_ACK state=ESTABLISHED seq=1946715251 ack=518954500 snd_una=1946715251 snd_nxt=1946715251 rcv_nxt=518954500 rwnd=65535 recv_used=16560 right_edge=1946780786 flight=0 sample_rtt=NA srtt=0.043393 rttvar=0.021697 rto=1.000000 retransmitted=0 dupack=0
timestamp_ns=3948900455163 event=RECEIVE state=ESTABLISHED seq=518973820 ack=1946715251 snd_una=1946715251 snd_nxt=1946715251 rcv_nxt=518954500 rwnd=65535 recv_used=16560 right_edge=1946780786 flight=0 sample_rtt=NA srtt=0.043393 rttvar=0.021697 rto=1.000000 retransmitted=0 dupack=0
timestamp_ns=3948900456035 event=DATA_ACK state=ESTABLISHED seq=1946715251 ack=518954500 snd_una=1946715251 snd_nxt=1946715251 rcv_nxt=518954500 rwnd=65535 recv_used=17940 right_edge=1946780786 flight=0 sample_rtt=NA srtt=0.043393 rttvar=0.021697 rto=1.000000 retransmitted=0 dupack=0
timestamp_ns=3948900458089 event=RECEIVE state=ESTABLISHED seq=518975200 ack=1946715251 snd_una=1946715251 snd_nxt=1946715251 rcv_nxt=518954500 rwnd=65535 recv_used=17940 right_edge=1946780786 flight=0 sample_rtt=NA srtt=0.043393 rttvar=0.021697 rto=1.000000 retransmitted=0 dupack=0
timestamp_ns=3948900459381 event=DATA_ACK state=ESTABLISHED seq=1946715251 ack=518954500 snd_una=1946715251 snd_nxt=1946715251 rcv_nxt=518954500 rwnd=65535 recv_used=19320 right_edge=1946780786 flight=0 sample_rtt=NA srtt=0.043393 rttvar=0.021697 rto=1.000000 retransmitted=0 dupack=0
timestamp_ns=3948900461465 event=RECEIVE state=ESTABLISHED seq=518976580 ack=1946715251 snd_una=1946715251 snd_nxt=1946715251 rcv_nxt=518954500 rwnd=65535 recv_used=19320 right_edge=1946780786 flight=0 sample_rtt=NA srtt=0.043393 rttvar=0.021697 rto=1.000000 retransmitted=0 dupack=0
timestamp_ns=3948900462397 event=DATA_ACK state=ESTABLISHED seq=1946715251 ack=518954500 snd_una=1946715251 snd_nxt=1946715251 rcv_nxt=518954500 rwnd=65535 recv_used=20700 right_edge=1946780786 flight=0 sample_rtt=NA srtt=0.043393 rttvar=0.021697 rto=1.000000 retransmitted=0 dupack=0
timestamp_ns=3948900464351 event=RECEIVE state=ESTABLISHED seq=518977960 ack=1946715251 snd_una=1946715251 snd_nxt=1946715251 rcv_nxt=518954500 rwnd=65535 recv_used=20700 right_edge=1946780786 flight=0 sample_rtt=NA srtt=0.043393 rttvar=0.021697 rto=1.000000 retransmitted=0 dupack=0
timestamp_ns=3948900465292 event=DATA_ACK state=ESTABLISHED seq=1946715251 ack=518954500 snd_una=1946715251 snd_nxt=1946715251 rcv_nxt=518954500 rwnd=65535 recv_used=22080 right_edge=1946780786 flight=0 sample_rtt=NA srtt=0.043393 rttvar=0.021697 rto=1.000000 retransmitted=0 dupack=0
timestamp_ns=3948900469300 event=RECEIVE state=ESTABLISHED seq=518979340 ack=1946715251 snd_una=1946715251 snd_nxt=1946715251 rcv_nxt=518954500 rwnd=65535 recv_used=22080 right_edge=1946780786 flight=0 sample_rtt=NA srtt=0.043393 rttvar=0.021697 rto=1.000000 retransmitted=0 dupack=0
timestamp_ns=3948900470192 event=DATA_ACK state=ESTABLISHED seq=1946715251 ack=518954500 snd_una=1946715251 snd_nxt=1946715251 rcv_nxt=518954500 rwnd=65535 recv_used=23460 right_edge=1946780786 flight=0 sample_rtt=NA srtt=0.043393 rttvar=0.021697 rto=1.000000 retransmitted=0 dupack=0
timestamp_ns=3948900472416 event=RECEIVE state=ESTABLISHED seq=518980720 ack=1946715251 snd_una=1946715251 snd_nxt=1946715251 rcv_nxt=518954500 rwnd=65535 recv_used=23460 right_edge=1946780786 flight=0 sample_rtt=NA srtt=0.043393 rttvar=0.021697 rto=1.000000 retransmitted=0 dupack=0
timestamp_ns=3948900473338 event=DATA_ACK state=ESTABLISHED seq=1946715251 ack=518954500 snd_una=1946715251 snd_nxt=1946715251 rcv_nxt=518954500 rwnd=65535 recv_used=24840 right_edge=1946780786 flight=0 sample_rtt=NA srtt=0.043393 rttvar=0.021697 rto=1.000000 retransmitted=0 dupack=0
timestamp_ns=3948900475712 event=RECEIVE state=ESTABLISHED seq=518982100 ack=1946715251 snd_una=1946715251 snd_nxt=1946715251 rcv_nxt=518954500 rwnd=65535 recv_used=24840 right_edge=1946780786 flight=0 sample_rtt=NA srtt=0.043393 rttvar=0.021697 rto=1.000000 retransmitted=0 dupack=0
timestamp_ns=3948900476664 event=DATA_ACK state=ESTABLISHED seq=1946715251 ack=518954500 snd_una=1946715251 snd_nxt=1946715251 rcv_nxt=518954500 rwnd=65535 recv_used=26220 right_edge=1946780786 flight=0 sample_rtt=NA srtt=0.043393 rttvar=0.021697 rto=1.000000 retransmitted=0 dupack=0
timestamp_ns=3948900478658 event=RECEIVE state=ESTABLISHED seq=518983480 ack=1946715251 snd_una=1946715251 snd_nxt=1946715251 rcv_nxt=518954500 rwnd=65535 recv_used=26220 right_edge=1946780786 flight=0 sample_rtt=NA srtt=0.043393 rttvar=0.021697 rto=1.000000 retransmitted=0 dupack=0
timestamp_ns=3948900479620 event=DATA_ACK state=ESTABLISHED seq=1946715251 ack=518954500 snd_una=1946715251 snd_nxt=1946715251 rcv_nxt=518954500 rwnd=65535 recv_used=27600 right_edge=1946780786 flight=0 sample_rtt=NA srtt=0.043393 rttvar=0.021697 rto=1.000000 retransmitted=0 dupack=0
timestamp_ns=3948900481573 event=RECEIVE state=ESTABLISHED seq=518984860 ack=1946715251 snd_una=1946715251 snd_nxt=1946715251 rcv_nxt=518954500 rwnd=65535 recv_used=27600 right_edge=1946780786 flight=0 sample_rtt=NA srtt=0.043393 rttvar=0.021697 rto=1.000000 retransmitted=0 dupack=0
timestamp_ns=3948900482896 event=DATA_ACK state=ESTABLISHED seq=1946715251 ack=518954500 snd_una=1946715251 snd_nxt=1946715251 rcv_nxt=518954500 rwnd=65535 recv_used=28980 right_edge=1946780786 flight=0 sample_rtt=NA srtt=0.043393 rttvar=0.021697 rto=1.000000 retransmitted=0 dupack=0
timestamp_ns=3948900484960 event=RECEIVE state=ESTABLISHED seq=518986240 ack=1946715251 snd_una=1946715251 snd_nxt=1946715251 rcv_nxt=518954500 rwnd=65535 recv_used=28980 right_edge=1946780786 flight=0 sample_rtt=NA srtt=0.043393 rttvar=0.021697 rto=1.000000 retransmitted=0 dupack=0
timestamp_ns=3948900486012 event=DATA_ACK state=ESTABLISHED seq=1946715251 ack=518954500 snd_una=1946715251 snd_nxt=1946715251 rcv_nxt=518954500 rwnd=65535 recv_used=30360 right_edge=1946780786 flight=0 sample_rtt=NA srtt=0.043393 rttvar=0.021697 rto=1.000000 retransmitted=0 dupack=0
timestamp_ns=3948900488356 event=RECEIVE state=ESTABLISHED seq=518987620 ack=1946715251 snd_una=1946715251 snd_nxt=1946715251 rcv_nxt=518954500 rwnd=65535 recv_used=30360 right_edge=1946780786 flight=0 sample_rtt=NA srtt=0.043393 rttvar=0.021697 rto=1.000000 retransmitted=0 dupack=0
timestamp_ns=3948900489558 event=DATA_ACK state=ESTABLISHED seq=1946715251 ack=518954500 snd_una=1946715251 snd_nxt=1946715251 rcv_nxt=518954500 rwnd=65535 recv_used=31740 right_edge=1946780786 flight=0 sample_rtt=NA srtt=0.043393 rttvar=0.021697 rto=1.000000 retransmitted=0 dupack=0
timestamp_ns=3948900491702 event=RECEIVE state=ESTABLISHED seq=518989000 ack=1946715251 snd_una=1946715251 snd_nxt=1946715251 rcv_nxt=518954500 rwnd=65535 recv_used=31740 right_edge=1946780786 flight=0 sample_rtt=NA srtt=0.043393 rttvar=0.021697 rto=1.000000 retransmitted=0 dupack=0
timestamp_ns=3948900494137 event=DATA_ACK state=ESTABLISHED seq=1946715251 ack=518954500 snd_una=1946715251 snd_nxt=1946715251 rcv_nxt=518954500 rwnd=65535 recv_used=33120 right_edge=1946780786 flight=0 sample_rtt=NA srtt=0.043393 rttvar=0.021697 rto=1.000000 retransmitted=0 dupack=0
timestamp_ns=3948900496552 event=RECEIVE state=ESTABLISHED seq=518990380 ack=1946715251 snd_una=1946715251 snd_nxt=1946715251 rcv_nxt=518954500 rwnd=65535 recv_used=33120 right_edge=1946780786 flight=0 sample_rtt=NA srtt=0.043393 rttvar=0.021697 rto=1.000000 retransmitted=0 dupack=0
timestamp_ns=3948900497904 event=DATA_ACK state=ESTABLISHED seq=1946715251 ack=518954500 snd_una=1946715251 snd_nxt=1946715251 rcv_nxt=518954500 rwnd=65535 recv_used=34500 right_edge=1946780786 flight=0 sample_rtt=NA srtt=0.043393 rttvar=0.021697 rto=1.000000 retransmitted=0 dupack=0
timestamp_ns=3948900499978 event=RECEIVE state=ESTABLISHED seq=518991760 ack=1946715251 snd_una=1946715251 snd_nxt=1946715251 rcv_nxt=518954500 rwnd=65535 recv_used=34500 right_edge=1946780786 flight=0 sample_rtt=NA srtt=0.043393 rttvar=0.021697 rto=1.000000 retransmitted=0 dupack=0
timestamp_ns=3948900501631 event=DATA_ACK state=ESTABLISHED seq=1946715251 ack=518954500 snd_una=1946715251 snd_nxt=1946715251 rcv_nxt=518954500 rwnd=65535 recv_used=35880 right_edge=1946780786 flight=0 sample_rtt=NA srtt=0.043393 rttvar=0.021697 rto=1.000000 retransmitted=0 dupack=0
timestamp_ns=3948900503855 event=RECEIVE state=ESTABLISHED seq=518993140 ack=1946715251 snd_una=1946715251 snd_nxt=1946715251 rcv_nxt=518954500 rwnd=65535 recv_used=35880 right_edge=1946780786 flight=0 sample_rtt=NA srtt=0.043393 rttvar=0.021697 rto=1.000000 retransmitted=0 dupack=0
timestamp_ns=3948900504897 event=DATA_ACK state=ESTABLISHED seq=1946715251 ack=518954500 snd_una=1946715251 snd_nxt=1946715251 rcv_nxt=518954500 rwnd=65535 recv_used=37260 right_edge=1946780786 flight=0 sample_rtt=NA srtt=0.043393 rttvar=0.021697 rto=1.000000 retransmitted=0 dupack=0
timestamp_ns=3948900507072 event=RECEIVE state=ESTABLISHED seq=518995900 ack=1946715251 snd_una=1946715251 snd_nxt=1946715251 rcv_nxt=518954500 rwnd=65535 recv_used=37260 right_edge=1946780786 flight=0 sample_rtt=NA srtt=0.043393 rttvar=0.021697 rto=1.000000 retransmitted=0 dupack=0
timestamp_ns=3948900508083 event=DATA_ACK state=ESTABLISHED seq=1946715251 ack=518954500 snd_una=1946715251 snd_nxt=1946715251 rcv_nxt=518954500 rwnd=65535 recv_used=38640 right_edge=1946780786 flight=0 sample_rtt=NA srtt=0.043393 rttvar=0.021697 rto=1.000000 retransmitted=0 dupack=0
timestamp_ns=3948900510117 event=RECEIVE state=ESTABLISHED seq=518997280 ack=1946715251 snd_una=1946715251 snd_nxt=1946715251 rcv_nxt=518954500 rwnd=65535 recv_used=38640 right_edge=1946780786 flight=0 sample_rtt=NA srtt=0.043393 rttvar=0.021697 rto=1.000000 retransmitted=0 dupack=0
timestamp_ns=3948900511029 event=DATA_ACK state=ESTABLISHED seq=1946715251 ack=518954500 snd_una=1946715251 snd_nxt=1946715251 rcv_nxt=518954500 rwnd=65535 recv_used=40020 right_edge=1946780786 flight=0 sample_rtt=NA srtt=0.043393 rttvar=0.021697 rto=1.000000 retransmitted=0 dupack=0
timestamp_ns=3948900513003 event=RECEIVE state=ESTABLISHED seq=518998660 ack=1946715251 snd_una=1946715251 snd_nxt=1946715251 rcv_nxt=518954500 rwnd=65535 recv_used=40020 right_edge=1946780786 flight=0 sample_rtt=NA srtt=0.043393 rttvar=0.021697 rto=1.000000 retransmitted=0 dupack=0
timestamp_ns=3948900513864 event=DATA_ACK state=ESTABLISHED seq=1946715251 ack=518954500 snd_una=1946715251 snd_nxt=1946715251 rcv_nxt=518954500 rwnd=65535 recv_used=41400 right_edge=1946780786 flight=0 sample_rtt=NA srtt=0.043393 rttvar=0.021697 rto=1.000000 retransmitted=0 dupack=0
timestamp_ns=3948900515868 event=RECEIVE state=ESTABLISHED seq=519000040 ack=1946715251 snd_una=1946715251 snd_nxt=1946715251 rcv_nxt=518954500 rwnd=65535 recv_used=41400 right_edge=1946780786 flight=0 sample_rtt=NA srtt=0.043393 rttvar=0.021697 rto=1.000000 retransmitted=0 dupack=0
timestamp_ns=3948900518443 event=DATA_ACK state=ESTABLISHED seq=1946715251 ack=518954500 snd_una=1946715251 snd_nxt=1946715251 rcv_nxt=518954500 rwnd=65535 recv_used=42780 right_edge=1946780786 flight=0 sample_rtt=NA srtt=0.043393 rttvar=0.021697 rto=1.000000 retransmitted=0 dupack=0
timestamp_ns=3948900520467 event=RECEIVE state=ESTABLISHED seq=519001420 ack=1946715251 snd_una=1946715251 snd_nxt=1946715251 rcv_nxt=518954500 rwnd=65535 recv_used=42780 right_edge=1946780786 flight=0 sample_rtt=NA srtt=0.043393 rttvar=0.021697 rto=1.000000 retransmitted=0 dupack=0
timestamp_ns=3948900521389 event=DATA_ACK state=ESTABLISHED seq=1946715251 ack=518954500 snd_una=1946715251 snd_nxt=1946715251 rcv_nxt=518954500 rwnd=65535 recv_used=43456 right_edge=1946780786 flight=0 sample_rtt=NA srtt=0.043393 rttvar=0.021697 rto=1.000000 retransmitted=0 dupack=0
timestamp_ns=3948900523433 event=RECEIVE state=ESTABLISHED seq=519002096 ack=1946715251 snd_una=1946715251 snd_nxt=1946715251 rcv_nxt=518954500 rwnd=65535 recv_used=43456 right_edge=1946780786 flight=0 sample_rtt=NA srtt=0.043393 rttvar=0.021697 rto=1.000000 retransmitted=0 dupack=0
timestamp_ns=3948900524304 event=DATA_ACK state=ESTABLISHED seq=1946715251 ack=518954500 snd_una=1946715251 snd_nxt=1946715251 rcv_nxt=518954500 rwnd=65535 recv_used=44836 right_edge=1946780786 flight=0 sample_rtt=NA srtt=0.043393 rttvar=0.021697 rto=1.000000 retransmitted=0 dupack=0
timestamp_ns=3948900526929 event=RECEIVE state=ESTABLISHED seq=519003476 ack=1946715251 snd_una=1946715251 snd_nxt=1946715251 rcv_nxt=518954500 rwnd=65535 recv_used=44836 right_edge=1946780786 flight=0 sample_rtt=NA srtt=0.043393 rttvar=0.021697 rto=1.000000 retransmitted=0 dupack=0
timestamp_ns=3948900528001 event=DATA_ACK state=ESTABLISHED seq=1946715251 ack=518954500 snd_una=1946715251 snd_nxt=1946715251 rcv_nxt=518954500 rwnd=65535 recv_used=46216 right_edge=1946780786 flight=0 sample_rtt=NA srtt=0.043393 rttvar=0.021697 rto=1.000000 retransmitted=0 dupack=0
timestamp_ns=3948943688829 event=RECEIVE state=ESTABLISHED seq=519004856 ack=1946715251 snd_una=1946715251 snd_nxt=1946715251 rcv_nxt=518954500 rwnd=65535 recv_used=46216 right_edge=1946780786 flight=0 sample_rtt=NA srtt=0.043393 rttvar=0.021697 rto=1.000000 retransmitted=0 dupack=0
timestamp_ns=3948943699750 event=DATA_ACK state=ESTABLISHED seq=1946715251 ack=518954500 snd_una=1946715251 snd_nxt=1946715251 rcv_nxt=518954500 rwnd=65535 recv_used=47596 right_edge=1946780786 flight=0 sample_rtt=NA srtt=0.043393 rttvar=0.021697 rto=1.000000 retransmitted=0 dupack=0
timestamp_ns=3948943716271 event=RECEIVE state=ESTABLISHED seq=519006236 ack=1946715251 snd_una=1946715251 snd_nxt=1946715251 rcv_nxt=518954500 rwnd=65535 recv_used=47596 right_edge=1946780786 flight=0 sample_rtt=NA srtt=0.043393 rttvar=0.021697 rto=1.000000 retransmitted=0 dupack=0
timestamp_ns=3948943717714 event=DATA_ACK state=ESTABLISHED seq=1946715251 ack=518954500 snd_una=1946715251 snd_nxt=1946715251 rcv_nxt=518954500 rwnd=65535 recv_used=48976 right_edge=1946780786 flight=0 sample_rtt=NA srtt=0.043393 rttvar=0.021697 rto=1.000000 retransmitted=0 dupack=0
timestamp_ns=3948943720299 event=RECEIVE state=ESTABLISHED seq=519007616 ack=1946715251 snd_una=1946715251 snd_nxt=1946715251 rcv_nxt=518954500 rwnd=65535 recv_used=48976 right_edge=1946780786 flight=0 sample_rtt=NA srtt=0.043393 rttvar=0.021697 rto=1.000000 retransmitted=0 dupack=0
timestamp_ns=3948943721822 event=DATA_ACK state=ESTABLISHED seq=1946715251 ack=518954500 snd_una=1946715251 snd_nxt=1946715251 rcv_nxt=518954500 rwnd=65535 recv_used=50356 right_edge=1946780786 flight=0 sample_rtt=NA srtt=0.043393 rttvar=0.021697 rto=1.000000 retransmitted=0 dupack=0
timestamp_ns=3948943724146 event=RECEIVE state=ESTABLISHED seq=519008996 ack=1946715251 snd_una=1946715251 snd_nxt=1946715251 rcv_nxt=518954500 rwnd=65535 recv_used=50356 right_edge=1946780786 flight=0 sample_rtt=NA srtt=0.043393 rttvar=0.021697 rto=1.000000 retransmitted=0 dupack=0
timestamp_ns=3948943725218 event=DATA_ACK state=ESTABLISHED seq=1946715251 ack=518954500 snd_una=1946715251 snd_nxt=1946715251 rcv_nxt=518954500 rwnd=65535 recv_used=51736 right_edge=1946780786 flight=0 sample_rtt=NA srtt=0.043393 rttvar=0.021697 rto=1.000000 retransmitted=0 dupack=0
timestamp_ns=3948943745547 event=RECEIVE state=ESTABLISHED seq=519010376 ack=1946715251 snd_una=1946715251 snd_nxt=1946715251 rcv_nxt=518954500 rwnd=65535 recv_used=51736 right_edge=1946780786 flight=0 sample_rtt=NA srtt=0.043393 rttvar=0.021697 rto=1.000000 retransmitted=0 dupack=0
timestamp_ns=3948943746589 event=DATA_ACK state=ESTABLISHED seq=1946715251 ack=518954500 snd_una=1946715251 snd_nxt=1946715251 rcv_nxt=518954500 rwnd=65535 recv_used=53116 right_edge=1946780786 flight=0 sample_rtt=NA srtt=0.043393 rttvar=0.021697 rto=1.000000 retransmitted=0 dupack=0
timestamp_ns=3948943748873 event=RECEIVE state=ESTABLISHED seq=519011756 ack=1946715251 snd_una=1946715251 snd_nxt=1946715251 rcv_nxt=518954500 rwnd=65535 recv_used=53116 right_edge=1946780786 flight=0 sample_rtt=NA srtt=0.043393 rttvar=0.021697 rto=1.000000 retransmitted=0 dupack=0
timestamp_ns=3948943749835 event=DATA_ACK state=ESTABLISHED seq=1946715251 ack=518954500 snd_una=1946715251 snd_nxt=1946715251 rcv_nxt=518954500 rwnd=65535 recv_used=54496 right_edge=1946780786 flight=0 sample_rtt=NA srtt=0.043393 rttvar=0.021697 rto=1.000000 retransmitted=0 dupack=0
timestamp_ns=3948943752230 event=RECEIVE state=ESTABLISHED seq=519013136 ack=1946715251 snd_una=1946715251 snd_nxt=1946715251 rcv_nxt=518954500 rwnd=65535 recv_used=54496 right_edge=1946780786 flight=0 sample_rtt=NA srtt=0.043393 rttvar=0.021697 rto=1.000000 retransmitted=0 dupack=0
timestamp_ns=3948943753262 event=DATA_ACK state=ESTABLISHED seq=1946715251 ack=518954500 snd_una=1946715251 snd_nxt=1946715251 rcv_nxt=518954500 rwnd=65535 recv_used=55876 right_edge=1946780786 flight=0 sample_rtt=NA srtt=0.043393 rttvar=0.021697 rto=1.000000 retransmitted=0 dupack=0
timestamp_ns=3948943755275 event=RECEIVE state=ESTABLISHED seq=519014516 ack=1946715251 snd_una=1946715251 snd_nxt=1946715251 rcv_nxt=518954500 rwnd=65535 recv_used=55876 right_edge=1946780786 flight=0 sample_rtt=NA srtt=0.043393 rttvar=0.021697 rto=1.000000 retransmitted=0 dupack=0
timestamp_ns=3948943756267 event=DATA_ACK state=ESTABLISHED seq=1946715251 ack=518954500 snd_una=1946715251 snd_nxt=1946715251 rcv_nxt=518954500 rwnd=65535 recv_used=57256 right_edge=1946780786 flight=0 sample_rtt=NA srtt=0.043393 rttvar=0.021697 rto=1.000000 retransmitted=0 dupack=0
timestamp_ns=3948943758371 event=RECEIVE state=ESTABLISHED seq=519015896 ack=1946715251 snd_una=1946715251 snd_nxt=1946715251 rcv_nxt=518954500 rwnd=65535 recv_used=57256 right_edge=1946780786 flight=0 sample_rtt=NA srtt=0.043393 rttvar=0.021697 rto=1.000000 retransmitted=0 dupack=0
timestamp_ns=3948943759393 event=DATA_ACK state=ESTABLISHED seq=1946715251 ack=518954500 snd_una=1946715251 snd_nxt=1946715251 rcv_nxt=518954500 rwnd=65535 recv_used=58636 right_edge=1946780786 flight=0 sample_rtt=NA srtt=0.043393 rttvar=0.021697 rto=1.000000 retransmitted=0 dupack=0
timestamp_ns=3948943761377 event=RECEIVE state=ESTABLISHED seq=519017276 ack=1946715251 snd_una=1946715251 snd_nxt=1946715251 rcv_nxt=518954500 rwnd=65535 recv_used=58636 right_edge=1946780786 flight=0 sample_rtt=NA srtt=0.043393 rttvar=0.021697 rto=1.000000 retransmitted=0 dupack=0
timestamp_ns=3948943762479 event=DATA_ACK state=ESTABLISHED seq=1946715251 ack=518954500 snd_una=1946715251 snd_nxt=1946715251 rcv_nxt=518954500 rwnd=65535 recv_used=60016 right_edge=1946780786 flight=0 sample_rtt=NA srtt=0.043393 rttvar=0.021697 rto=1.000000 retransmitted=0 dupack=0
timestamp_ns=3948943765184 event=RECEIVE state=ESTABLISHED seq=518954500 ack=1946715251 snd_una=1946715251 snd_nxt=1946715251 rcv_nxt=518954500 rwnd=65535 recv_used=60016 right_edge=1946780786 flight=0 sample_rtt=NA srtt=0.043393 rttvar=0.021697 rto=1.000000 retransmitted=0 dupack=0
timestamp_ns=3948943782838 event=DATA_ACK state=ESTABLISHED seq=1946715251 ack=518965540 snd_una=1946715251 snd_nxt=1946715251 rcv_nxt=518965540 rwnd=65535 recv_used=61396 right_edge=1946780786 flight=0 sample_rtt=NA srtt=0.043393 rttvar=0.021697 rto=1.000000 retransmitted=0 dupack=0
timestamp_ns=3948985924575 event=RECEIVE state=ESTABLISHED seq=519018656 ack=1946715251 snd_una=1946715251 snd_nxt=1946715251 rcv_nxt=518965540 rwnd=65535 recv_used=50356 right_edge=1946780786 flight=0 sample_rtt=NA srtt=0.043393 rttvar=0.021697 rto=1.000000 retransmitted=0 dupack=0
timestamp_ns=3948985938531 event=DATA_ACK state=ESTABLISHED seq=1946715251 ack=518965540 snd_una=1946715251 snd_nxt=1946715251 rcv_nxt=518965540 rwnd=65535 recv_used=51736 right_edge=1946780786 flight=0 sample_rtt=NA srtt=0.043393 rttvar=0.021697 rto=1.000000 retransmitted=0 dupack=0
timestamp_ns=3948985957858 event=RECEIVE state=ESTABLISHED seq=519020036 ack=1946715251 snd_una=1946715251 snd_nxt=1946715251 rcv_nxt=518965540 rwnd=65535 recv_used=51736 right_edge=1946780786 flight=0 sample_rtt=NA srtt=0.043393 rttvar=0.021697 rto=1.000000 retransmitted=0 dupack=0
timestamp_ns=3948985960743 event=DATA_ACK state=ESTABLISHED seq=1946715251 ack=518965540 snd_una=1946715251 snd_nxt=1946715251 rcv_nxt=518965540 rwnd=65535 recv_used=53116 right_edge=1946780786 flight=0 sample_rtt=NA srtt=0.043393 rttvar=0.021697 rto=1.000000 retransmitted=0 dupack=0
timestamp_ns=3948985965362 event=RECEIVE state=ESTABLISHED seq=519021416 ack=1946715251 snd_una=1946715251 snd_nxt=1946715251 rcv_nxt=518965540 rwnd=65535 recv_used=53116 right_edge=1946780786 flight=0 sample_rtt=NA srtt=0.043393 rttvar=0.021697 rto=1.000000 retransmitted=0 dupack=0
timestamp_ns=3948985969510 event=DATA_ACK state=ESTABLISHED seq=1946715251 ack=518965540 snd_una=1946715251 snd_nxt=1946715251 rcv_nxt=518965540 rwnd=65535 recv_used=54496 right_edge=1946780786 flight=0 sample_rtt=NA srtt=0.043393 rttvar=0.021697 rto=1.000000 retransmitted=0 dupack=0
timestamp_ns=3948985972966 event=RECEIVE state=ESTABLISHED seq=519022796 ack=1946715251 snd_una=1946715251 snd_nxt=1946715251 rcv_nxt=518965540 rwnd=65535 recv_used=54496 right_edge=1946780786 flight=0 sample_rtt=NA srtt=0.043393 rttvar=0.021697 rto=1.000000 retransmitted=0 dupack=0
timestamp_ns=3948985974730 event=DATA_ACK state=ESTABLISHED seq=1946715251 ack=518965540 snd_una=1946715251 snd_nxt=1946715251 rcv_nxt=518965540 rwnd=65535 recv_used=55876 right_edge=1946780786 flight=0 sample_rtt=NA srtt=0.043393 rttvar=0.021697 rto=1.000000 retransmitted=0 dupack=0
timestamp_ns=3948985977735 event=RECEIVE state=ESTABLISHED seq=519024176 ack=1946715251 snd_una=1946715251 snd_nxt=1946715251 rcv_nxt=518965540 rwnd=65535 recv_used=55876 right_edge=1946780786 flight=0 sample_rtt=NA srtt=0.043393 rttvar=0.021697 rto=1.000000 retransmitted=0 dupack=0
timestamp_ns=3948985979388 event=DATA_ACK state=ESTABLISHED seq=1946715251 ack=518965540 snd_una=1946715251 snd_nxt=1946715251 rcv_nxt=518965540 rwnd=65535 recv_used=57256 right_edge=1946780786 flight=0 sample_rtt=NA srtt=0.043393 rttvar=0.021697 rto=1.000000 retransmitted=0 dupack=0
timestamp_ns=3948985982875 event=RECEIVE state=ESTABLISHED seq=519025556 ack=1946715251 snd_una=1946715251 snd_nxt=1946715251 rcv_nxt=518965540 rwnd=65535 recv_used=57256 right_edge=1946780786 flight=0 sample_rtt=NA srtt=0.043393 rttvar=0.021697 rto=1.000000 retransmitted=0 dupack=0
timestamp_ns=3948985985119 event=DATA_ACK state=ESTABLISHED seq=1946715251 ack=518965540 snd_una=1946715251 snd_nxt=1946715251 rcv_nxt=518965540 rwnd=65535 recv_used=58636 right_edge=1946780786 flight=0 sample_rtt=NA srtt=0.043393 rttvar=0.021697 rto=1.000000 retransmitted=0 dupack=0
timestamp_ns=3948985988035 event=RECEIVE state=ESTABLISHED seq=519026936 ack=1946715251 snd_una=1946715251 snd_nxt=1946715251 rcv_nxt=518965540 rwnd=65535 recv_used=58636 right_edge=1946780786 flight=0 sample_rtt=NA srtt=0.043393 rttvar=0.021697 rto=1.000000 retransmitted=0 dupack=0
timestamp_ns=3948985989788 event=DATA_ACK state=ESTABLISHED seq=1946715251 ack=518965540 snd_una=1946715251 snd_nxt=1946715251 rcv_nxt=518965540 rwnd=65535 recv_used=60016 right_edge=1946780786 flight=0 sample_rtt=NA srtt=0.043393 rttvar=0.021697 rto=1.000000 retransmitted=0 dupack=0
timestamp_ns=3948986013673 event=RECEIVE state=ESTABLISHED seq=519028316 ack=1946715251 snd_una=1946715251 snd_nxt=1946715251 rcv_nxt=518965540 rwnd=65535 recv_used=60016 right_edge=1946780786 flight=0 sample_rtt=NA srtt=0.043393 rttvar=0.021697 rto=1.000000 retransmitted=0 dupack=0
timestamp_ns=3948986015507 event=DATA_ACK state=ESTABLISHED seq=1946715251 ack=518965540 snd_una=1946715251 snd_nxt=1946715251 rcv_nxt=518965540 rwnd=65535 recv_used=61396 right_edge=1946780786 flight=0 sample_rtt=NA srtt=0.043393 rttvar=0.021697 rto=1.000000 retransmitted=0 dupack=0
timestamp_ns=3949029064042 event=RECEIVE state=ESTABLISHED seq=518965540 ack=1946715251 snd_una=1946715251 snd_nxt=1946715251 rcv_nxt=518965540 rwnd=65535 recv_used=61396 right_edge=1946780786 flight=0 sample_rtt=NA srtt=0.043393 rttvar=0.021697 rto=1.000000 retransmitted=0 dupack=0
timestamp_ns=3949029090613 event=DATA_ACK state=ESTABLISHED seq=1946715251 ack=518994520 snd_una=1946715251 snd_nxt=1946715251 rcv_nxt=518994520 rwnd=65535 recv_used=62776 right_edge=1946780786 flight=0 sample_rtt=NA srtt=0.043393 rttvar=0.021697 rto=1.000000 retransmitted=0 dupack=0
timestamp_ns=3949071960530 event=RECEIVE state=ESTABLISHED seq=519029696 ack=1946715251 snd_una=1946715251 snd_nxt=1946715251 rcv_nxt=518994520 rwnd=65535 recv_used=33796 right_edge=1946780786 flight=0 sample_rtt=NA srtt=0.043393 rttvar=0.021697 rto=1.000000 retransmitted=0 dupack=0
timestamp_ns=3949071970068 event=DATA_ACK state=ESTABLISHED seq=1946715251 ack=518994520 snd_una=1946715251 snd_nxt=1946715251 rcv_nxt=518994520 rwnd=65535 recv_used=35176 right_edge=1946780786 flight=0 sample_rtt=NA srtt=0.043393 rttvar=0.021697 rto=1.000000 retransmitted=0 dupack=0
timestamp_ns=3949071982962 event=RECEIVE state=ESTABLISHED seq=519031076 ack=1946715251 snd_una=1946715251 snd_nxt=1946715251 rcv_nxt=518994520 rwnd=65535 recv_used=35176 right_edge=1946780786 flight=0 sample_rtt=NA srtt=0.043393 rttvar=0.021697 rto=1.000000 retransmitted=0 dupack=0
timestamp_ns=3949071984966 event=DATA_ACK state=ESTABLISHED seq=1946715251 ack=518994520 snd_una=1946715251 snd_nxt=1946715251 rcv_nxt=518994520 rwnd=65535 recv_used=36556 right_edge=1946780786 flight=0 sample_rtt=NA srtt=0.043393 rttvar=0.021697 rto=1.000000 retransmitted=0 dupack=0
timestamp_ns=3949071987571 event=RECEIVE state=ESTABLISHED seq=519032456 ack=1946715251 snd_una=1946715251 snd_nxt=1946715251 rcv_nxt=518994520 rwnd=65535 recv_used=36556 right_edge=1946780786 flight=0 sample_rtt=NA srtt=0.043393 rttvar=0.021697 rto=1.000000 retransmitted=0 dupack=0
timestamp_ns=3949071989034 event=DATA_ACK state=ESTABLISHED seq=1946715251 ack=518994520 snd_una=1946715251 snd_nxt=1946715251 rcv_nxt=518994520 rwnd=65535 recv_used=37936 right_edge=1946780786 flight=0 sample_rtt=NA srtt=0.043393 rttvar=0.021697 rto=1.000000 retransmitted=0 dupack=0
timestamp_ns=3949071991258 event=RECEIVE state=ESTABLISHED seq=519033836 ack=1946715251 snd_una=1946715251 snd_nxt=1946715251 rcv_nxt=518994520 rwnd=65535 recv_used=37936 right_edge=1946780786 flight=0 sample_rtt=NA srtt=0.043393 rttvar=0.021697 rto=1.000000 retransmitted=0 dupack=0
timestamp_ns=3949071992610 event=DATA_ACK state=ESTABLISHED seq=1946715251 ack=518994520 snd_una=1946715251 snd_nxt=1946715251 rcv_nxt=518994520 rwnd=65535 recv_used=39316 right_edge=1946780786 flight=0 sample_rtt=NA srtt=0.043393 rttvar=0.021697 rto=1.000000 retransmitted=0 dupack=0
timestamp_ns=3949071994905 event=RECEIVE state=ESTABLISHED seq=519035216 ack=1946715251 snd_una=1946715251 snd_nxt=1946715251 rcv_nxt=518994520 rwnd=65535 recv_used=39316 right_edge=1946780786 flight=0 sample_rtt=NA srtt=0.043393 rttvar=0.021697 rto=1.000000 retransmitted=0 dupack=0
timestamp_ns=3949071996237 event=DATA_ACK state=ESTABLISHED seq=1946715251 ack=518994520 snd_una=1946715251 snd_nxt=1946715251 rcv_nxt=518994520 rwnd=65535 recv_used=40696 right_edge=1946780786 flight=0 sample_rtt=NA srtt=0.043393 rttvar=0.021697 rto=1.000000 retransmitted=0 dupack=0
timestamp_ns=3949071998492 event=RECEIVE state=ESTABLISHED seq=519036596 ack=1946715251 snd_una=1946715251 snd_nxt=1946715251 rcv_nxt=518994520 rwnd=65535 recv_used=40696 right_edge=1946780786 flight=0 sample_rtt=NA srtt=0.043393 rttvar=0.021697 rto=1.000000 retransmitted=0 dupack=0
timestamp_ns=3949072013300 event=DATA_ACK state=ESTABLISHED seq=1946715251 ack=518994520 snd_una=1946715251 snd_nxt=1946715251 rcv_nxt=518994520 rwnd=65535 recv_used=42076 right_edge=1946780786 flight=0 sample_rtt=NA srtt=0.043393 rttvar=0.021697 rto=1.000000 retransmitted=0 dupack=0
timestamp_ns=3949072015394 event=RECEIVE state=ESTABLISHED seq=519037976 ack=1946715251 snd_una=1946715251 snd_nxt=1946715251 rcv_nxt=518994520 rwnd=65535 recv_used=42076 right_edge=1946780786 flight=0 sample_rtt=NA srtt=0.043393 rttvar=0.021697 rto=1.000000 retransmitted=0 dupack=0
timestamp_ns=3949072016756 event=DATA_ACK state=ESTABLISHED seq=1946715251 ack=518994520 snd_una=1946715251 snd_nxt=1946715251 rcv_nxt=518994520 rwnd=65535 recv_used=43456 right_edge=1946780786 flight=0 sample_rtt=NA srtt=0.043393 rttvar=0.021697 rto=1.000000 retransmitted=0 dupack=0
timestamp_ns=3949072018880 event=RECEIVE state=ESTABLISHED seq=519039356 ack=1946715251 snd_una=1946715251 snd_nxt=1946715251 rcv_nxt=518994520 rwnd=65535 recv_used=43456 right_edge=1946780786 flight=0 sample_rtt=NA srtt=0.043393 rttvar=0.021697 rto=1.000000 retransmitted=0 dupack=0
timestamp_ns=3949072020203 event=DATA_ACK state=ESTABLISHED seq=1946715251 ack=518994520 snd_una=1946715251 snd_nxt=1946715251 rcv_nxt=518994520 rwnd=65535 recv_used=44836 right_edge=1946780786 flight=0 sample_rtt=NA srtt=0.043393 rttvar=0.021697 rto=1.000000 retransmitted=0 dupack=0
timestamp_ns=3949072022216 event=RECEIVE state=ESTABLISHED seq=519040736 ack=1946715251 snd_una=1946715251 snd_nxt=1946715251 rcv_nxt=518994520 rwnd=65535 recv_used=44836 right_edge=1946780786 flight=0 sample_rtt=NA srtt=0.043393 rttvar=0.021697 rto=1.000000 retransmitted=0 dupack=0
timestamp_ns=3949072027226 event=DATA_ACK state=ESTABLISHED seq=1946715251 ack=518994520 snd_una=1946715251 snd_nxt=1946715251 rcv_nxt=518994520 rwnd=65535 recv_used=46216 right_edge=1946780786 flight=0 sample_rtt=NA srtt=0.043393 rttvar=0.021697 rto=1.000000 retransmitted=0 dupack=0
timestamp_ns=3949072029270 event=RECEIVE state=ESTABLISHED seq=519042116 ack=1946715251 snd_una=1946715251 snd_nxt=1946715251 rcv_nxt=518994520 rwnd=65535 recv_used=46216 right_edge=1946780786 flight=0 sample_rtt=NA srtt=0.043393 rttvar=0.021697 rto=1.000000 retransmitted=0 dupack=0
timestamp_ns=3949072030632 event=DATA_ACK state=ESTABLISHED seq=1946715251 ack=518994520 snd_una=1946715251 snd_nxt=1946715251 rcv_nxt=518994520 rwnd=65535 recv_used=47596 right_edge=1946780786 flight=0 sample_rtt=NA srtt=0.043393 rttvar=0.021697 rto=1.000000 retransmitted=0 dupack=0
timestamp_ns=3949072032596 event=RECEIVE state=ESTABLISHED seq=519043496 ack=1946715251 snd_una=1946715251 snd_nxt=1946715251 rcv_nxt=518994520 rwnd=65535 recv_used=47596 right_edge=1946780786 flight=0 sample_rtt=NA srtt=0.043393 rttvar=0.021697 rto=1.000000 retransmitted=0 dupack=0
timestamp_ns=3949072033949 event=DATA_ACK state=ESTABLISHED seq=1946715251 ack=518994520 snd_una=1946715251 snd_nxt=1946715251 rcv_nxt=518994520 rwnd=65535 recv_used=48976 right_edge=1946780786 flight=0 sample_rtt=NA srtt=0.043393 rttvar=0.021697 rto=1.000000 retransmitted=0 dupack=0
timestamp_ns=3949072036243 event=RECEIVE state=ESTABLISHED seq=519044876 ack=1946715251 snd_una=1946715251 snd_nxt=1946715251 rcv_nxt=518994520 rwnd=65535 recv_used=48976 right_edge=1946780786 flight=0 sample_rtt=NA srtt=0.043393 rttvar=0.021697 rto=1.000000 retransmitted=0 dupack=0
timestamp_ns=3949072040742 event=DATA_ACK state=ESTABLISHED seq=1946715251 ack=518994520 snd_una=1946715251 snd_nxt=1946715251 rcv_nxt=518994520 rwnd=65535 recv_used=50356 right_edge=1946780786 flight=0 sample_rtt=NA srtt=0.043393 rttvar=0.021697 rto=1.000000 retransmitted=0 dupack=0
timestamp_ns=3949072043116 event=RECEIVE state=ESTABLISHED seq=519046256 ack=1946715251 snd_una=1946715251 snd_nxt=1946715251 rcv_nxt=518994520 rwnd=65535 recv_used=50356 right_edge=1946780786 flight=0 sample_rtt=NA srtt=0.043393 rttvar=0.021697 rto=1.000000 retransmitted=0 dupack=0
timestamp_ns=3949072046643 event=DATA_ACK state=ESTABLISHED seq=1946715251 ack=518994520 snd_una=1946715251 snd_nxt=1946715251 rcv_nxt=518994520 rwnd=65535 recv_used=51736 right_edge=1946780786 flight=0 sample_rtt=NA srtt=0.043393 rttvar=0.021697 rto=1.000000 retransmitted=0 dupack=0
timestamp_ns=3949072049749 event=RECEIVE state=ESTABLISHED seq=519047636 ack=1946715251 snd_una=1946715251 snd_nxt=1946715251 rcv_nxt=518994520 rwnd=65535 recv_used=51736 right_edge=1946780786 flight=0 sample_rtt=NA srtt=0.043393 rttvar=0.021697 rto=1.000000 retransmitted=0 dupack=0
timestamp_ns=3949072051131 event=DATA_ACK state=ESTABLISHED seq=1946715251 ack=518994520 snd_una=1946715251 snd_nxt=1946715251 rcv_nxt=518994520 rwnd=65535 recv_used=53116 right_edge=1946780786 flight=0 sample_rtt=NA srtt=0.043393 rttvar=0.021697 rto=1.000000 retransmitted=0 dupack=0
timestamp_ns=3949072053466 event=RECEIVE state=ESTABLISHED seq=519049016 ack=1946715251 snd_una=1946715251 snd_nxt=1946715251 rcv_nxt=518994520 rwnd=65535 recv_used=53116 right_edge=1946780786 flight=0 sample_rtt=NA srtt=0.043393 rttvar=0.021697 rto=1.000000 retransmitted=0 dupack=0
timestamp_ns=3949072059096 event=DATA_ACK state=ESTABLISHED seq=1946715251 ack=518994520 snd_una=1946715251 snd_nxt=1946715251 rcv_nxt=518994520 rwnd=65535 recv_used=54496 right_edge=1946780786 flight=0 sample_rtt=NA srtt=0.043393 rttvar=0.021697 rto=1.000000 retransmitted=0 dupack=0
timestamp_ns=3949072061301 event=RECEIVE state=ESTABLISHED seq=519050396 ack=1946715251 snd_una=1946715251 snd_nxt=1946715251 rcv_nxt=518994520 rwnd=65535 recv_used=54496 right_edge=1946780786 flight=0 sample_rtt=NA srtt=0.043393 rttvar=0.021697 rto=1.000000 retransmitted=0 dupack=0
timestamp_ns=3949072062793 event=DATA_ACK state=ESTABLISHED seq=1946715251 ack=518994520 snd_una=1946715251 snd_nxt=1946715251 rcv_nxt=518994520 rwnd=65535 recv_used=55876 right_edge=1946780786 flight=0 sample_rtt=NA srtt=0.043393 rttvar=0.021697 rto=1.000000 retransmitted=0 dupack=0
timestamp_ns=3949072065218 event=RECEIVE state=ESTABLISHED seq=519051776 ack=1946715251 snd_una=1946715251 snd_nxt=1946715251 rcv_nxt=518994520 rwnd=65535 recv_used=55876 right_edge=1946780786 flight=0 sample_rtt=NA srtt=0.043393 rttvar=0.021697 rto=1.000000 retransmitted=0 dupack=0
timestamp_ns=3949072066711 event=DATA_ACK state=ESTABLISHED seq=1946715251 ack=518994520 snd_una=1946715251 snd_nxt=1946715251 rcv_nxt=518994520 rwnd=65535 recv_used=57256 right_edge=1946780786 flight=0 sample_rtt=NA srtt=0.043393 rttvar=0.021697 rto=1.000000 retransmitted=0 dupack=0
timestamp_ns=3949072068885 event=RECEIVE state=ESTABLISHED seq=519053156 ack=1946715251 snd_una=1946715251 snd_nxt=1946715251 rcv_nxt=518994520 rwnd=65535 recv_used=57256 right_edge=1946780786 flight=0 sample_rtt=NA srtt=0.043393 rttvar=0.021697 rto=1.000000 retransmitted=0 dupack=0
timestamp_ns=3949072072492 event=DATA_ACK state=ESTABLISHED seq=1946715251 ack=518994520 snd_una=1946715251 snd_nxt=1946715251 rcv_nxt=518994520 rwnd=65535 recv_used=58636 right_edge=1946780786 flight=0 sample_rtt=NA srtt=0.043393 rttvar=0.021697 rto=1.000000 retransmitted=0 dupack=0
timestamp_ns=3949072074916 event=RECEIVE state=ESTABLISHED seq=519054536 ack=1946715251 snd_una=1946715251 snd_nxt=1946715251 rcv_nxt=518994520 rwnd=65535 recv_used=58636 right_edge=1946780786 flight=0 sample_rtt=NA srtt=0.043393 rttvar=0.021697 rto=1.000000 retransmitted=0 dupack=0
timestamp_ns=3949072076459 event=DATA_ACK state=ESTABLISHED seq=1946715251 ack=518994520 snd_una=1946715251 snd_nxt=1946715251 rcv_nxt=518994520 rwnd=65535 recv_used=60016 right_edge=1946780786 flight=0 sample_rtt=NA srtt=0.043393 rttvar=0.021697 rto=1.000000 retransmitted=0 dupack=0
timestamp_ns=3949072078633 event=RECEIVE state=ESTABLISHED seq=519057296 ack=1946715251 snd_una=1946715251 snd_nxt=1946715251 rcv_nxt=518994520 rwnd=65535 recv_used=60016 right_edge=1946780786 flight=0 sample_rtt=NA srtt=0.043393 rttvar=0.021697 rto=1.000000 retransmitted=0 dupack=0
timestamp_ns=3949072081308 event=DATA_ACK state=ESTABLISHED seq=1946715251 ack=518994520 snd_una=1946715251 snd_nxt=1946715251 rcv_nxt=518994520 rwnd=65535 recv_used=61396 right_edge=1946780786 flight=0 sample_rtt=NA srtt=0.043393 rttvar=0.021697 rto=1.000000 retransmitted=0 dupack=0
timestamp_ns=3949114213623 event=RECEIVE state=ESTABLISHED seq=518994520 ack=1946715251 snd_una=1946715251 snd_nxt=1946715251 rcv_nxt=518994520 rwnd=65535 recv_used=61396 right_edge=1946780786 flight=0 sample_rtt=NA srtt=0.043393 rttvar=0.021697 rto=1.000000 retransmitted=0 dupack=0
timestamp_ns=3949114258227 event=DATA_ACK state=ESTABLISHED seq=1946715251 ack=519055916 snd_una=1946715251 snd_nxt=1946715251 rcv_nxt=519055916 rwnd=65535 recv_used=62776 right_edge=1946780786 flight=0 sample_rtt=NA srtt=0.043393 rttvar=0.021697 rto=1.000000 retransmitted=0 dupack=0
timestamp_ns=3949158131831 event=RECEIVE state=ESTABLISHED seq=519058676 ack=1946715251 snd_una=1946715251 snd_nxt=1946715251 rcv_nxt=519055916 rwnd=65535 recv_used=1380 right_edge=1946780786 flight=0 sample_rtt=NA srtt=0.043393 rttvar=0.021697 rto=1.000000 retransmitted=0 dupack=0
timestamp_ns=3949158141009 event=DATA_ACK state=ESTABLISHED seq=1946715251 ack=519055916 snd_una=1946715251 snd_nxt=1946715251 rcv_nxt=519055916 rwnd=65535 recv_used=2760 right_edge=1946780786 flight=0 sample_rtt=NA srtt=0.043393 rttvar=0.021697 rto=1.000000 retransmitted=0 dupack=0
timestamp_ns=3949158155306 event=RECEIVE state=ESTABLISHED seq=519060056 ack=1946715251 snd_una=1946715251 snd_nxt=1946715251 rcv_nxt=519055916 rwnd=65535 recv_used=2760 right_edge=1946780786 flight=0 sample_rtt=NA srtt=0.043393 rttvar=0.021697 rto=1.000000 retransmitted=0 dupack=0
timestamp_ns=3949158157159 event=DATA_ACK state=ESTABLISHED seq=1946715251 ack=519055916 snd_una=1946715251 snd_nxt=1946715251 rcv_nxt=519055916 rwnd=65535 recv_used=4140 right_edge=1946780786 flight=0 sample_rtt=NA srtt=0.043393 rttvar=0.021697 rto=1.000000 retransmitted=0 dupack=0
timestamp_ns=3949158160445 event=RECEIVE state=ESTABLISHED seq=519062816 ack=1946715251 snd_una=1946715251 snd_nxt=1946715251 rcv_nxt=519055916 rwnd=65535 recv_used=4140 right_edge=1946780786 flight=0 sample_rtt=NA srtt=0.043393 rttvar=0.021697 rto=1.000000 retransmitted=0 dupack=0
timestamp_ns=3949158161878 event=DATA_ACK state=ESTABLISHED seq=1946715251 ack=519055916 snd_una=1946715251 snd_nxt=1946715251 rcv_nxt=519055916 rwnd=65535 recv_used=5520 right_edge=1946780786 flight=0 sample_rtt=NA srtt=0.043393 rttvar=0.021697 rto=1.000000 retransmitted=0 dupack=0
timestamp_ns=3949158164794 event=RECEIVE state=ESTABLISHED seq=519064196 ack=1946715251 snd_una=1946715251 snd_nxt=1946715251 rcv_nxt=519055916 rwnd=65535 recv_used=5520 right_edge=1946780786 flight=0 sample_rtt=NA srtt=0.043393 rttvar=0.021697 rto=1.000000 retransmitted=0 dupack=0
timestamp_ns=3949158166256 event=DATA_ACK state=ESTABLISHED seq=1946715251 ack=519055916 snd_una=1946715251 snd_nxt=1946715251 rcv_nxt=519055916 rwnd=65535 recv_used=6900 right_edge=1946780786 flight=0 sample_rtt=NA srtt=0.043393 rttvar=0.021697 rto=1.000000 retransmitted=0 dupack=0
timestamp_ns=3949158169072 event=RECEIVE state=ESTABLISHED seq=519065576 ack=1946715251 snd_una=1946715251 snd_nxt=1946715251 rcv_nxt=519055916 rwnd=65535 recv_used=6900 right_edge=1946780786 flight=0 sample_rtt=NA srtt=0.043393 rttvar=0.021697 rto=1.000000 retransmitted=0 dupack=0
timestamp_ns=3949158170765 event=DATA_ACK state=ESTABLISHED seq=1946715251 ack=519055916 snd_una=1946715251 snd_nxt=1946715251 rcv_nxt=519055916 rwnd=65535 recv_used=8280 right_edge=1946780786 flight=0 sample_rtt=NA srtt=0.043393 rttvar=0.021697 rto=1.000000 retransmitted=0 dupack=0
timestamp_ns=3949202026550 event=RECEIVE state=ESTABLISHED seq=519055916 ack=1946715251 snd_una=1946715251 snd_nxt=1946715251 rcv_nxt=519055916 rwnd=65535 recv_used=8280 right_edge=1946780786 flight=0 sample_rtt=NA srtt=0.043393 rttvar=0.021697 rto=1.000000 retransmitted=0 dupack=0
timestamp_ns=3949202067538 event=DATA_ACK state=ESTABLISHED seq=1946715251 ack=519061436 snd_una=1946715251 snd_nxt=1946715251 rcv_nxt=519061436 rwnd=65535 recv_used=9660 right_edge=1946780786 flight=0 sample_rtt=NA srtt=0.043393 rttvar=0.021697 rto=1.000000 retransmitted=0 dupack=0
timestamp_ns=3950158929969 event=RECEIVE state=ESTABLISHED seq=519061436 ack=1946715251 snd_una=1946715251 snd_nxt=1946715251 rcv_nxt=519061436 rwnd=65535 recv_used=4140 right_edge=1946780786 flight=0 sample_rtt=NA srtt=0.043393 rttvar=0.021697 rto=1.000000 retransmitted=0 dupack=0
timestamp_ns=3950158978611 event=DATA_ACK state=ESTABLISHED seq=1946715251 ack=519066956 snd_una=1946715251 snd_nxt=1946715251 rcv_nxt=519066956 rwnd=65535 recv_used=5520 right_edge=1946780786 flight=0 sample_rtt=NA srtt=0.043393 rttvar=0.021697 rto=1.000000 retransmitted=0 dupack=0
timestamp_ns=3951158219780 event=RECEIVE state=ESTABLISHED seq=519066956 ack=1946715251 snd_una=1946715251 snd_nxt=1946715251 rcv_nxt=519066956 rwnd=65535 recv_used=0 right_edge=1946780786 flight=0 sample_rtt=NA srtt=0.043393 rttvar=0.021697 rto=1.000000 retransmitted=0 dupack=0
timestamp_ns=3951158258543 event=DATA_ACK state=ESTABLISHED seq=1946715251 ack=519067632 snd_una=1946715251 snd_nxt=1946715251 rcv_nxt=519067632 rwnd=65535 recv_used=676 right_edge=1946780786 flight=0 sample_rtt=NA srtt=0.043393 rttvar=0.021697 rto=1.000000 retransmitted=0 dupack=0
timestamp_ns=3955159736914 event=RECEIVE state=ESTABLISHED seq=519066956 ack=1946715251 snd_una=1946715251 snd_nxt=1946715251 rcv_nxt=519067632 rwnd=65535 recv_used=0 right_edge=1946780786 flight=0 sample_rtt=NA srtt=0.043393 rttvar=0.021697 rto=1.000000 retransmitted=0 dupack=0
timestamp_ns=3955159751702 event=DATA_ACK state=ESTABLISHED seq=1946715251 ack=519067632 snd_una=1946715251 snd_nxt=1946715251 rcv_nxt=519067632 rwnd=65535 recv_used=0 right_edge=1946780786 flight=0 sample_rtt=NA srtt=0.043393 rttvar=0.021697 rto=1.000000 retransmitted=0 dupack=0
timestamp_ns=3955202809996 event=RECEIVE state=ESTABLISHED seq=519067632 ack=1946715251 snd_una=1946715251 snd_nxt=1946715251 rcv_nxt=519067632 rwnd=65535 recv_used=0 right_edge=1946780786 flight=0 sample_rtt=NA srtt=0.043393 rttvar=0.021697 rto=1.000000 retransmitted=0 dupack=0
timestamp_ns=3955202821007 event=RX_FIN state=CLOSE_WAIT seq=1946715251 ack=519067633 snd_una=1946715251 snd_nxt=1946715251 rcv_nxt=519067633 rwnd=65535 recv_used=0 right_edge=1946780786 flight=0 sample_rtt=NA srtt=0.043393 rttvar=0.021697 rto=1.000000 retransmitted=0 dupack=0
timestamp_ns=3955202837859 event=FIN_ACK state=CLOSE_WAIT seq=1946715251 ack=519067633 snd_una=1946715251 snd_nxt=1946715251 rcv_nxt=519067633 rwnd=65535 recv_used=0 right_edge=1946780786 flight=0 sample_rtt=NA srtt=0.043393 rttvar=0.021697 rto=1.000000 retransmitted=0 dupack=0
timestamp_ns=3955202873536 event=PASSIVE_CLOSE state=LAST_ACK seq=1946715251 ack=519067633 snd_una=1946715251 snd_nxt=1946715251 rcv_nxt=519067633 rwnd=65535 recv_used=0 right_edge=1946780786 flight=0 sample_rtt=NA srtt=0.043393 rttvar=0.021697 rto=1.000000 retransmitted=0 dupack=0
timestamp_ns=3955202875550 event=SEND state=LAST_ACK seq=1946715251 ack=519067633 snd_una=1946715251 snd_nxt=1946715251 rcv_nxt=519067633 rwnd=65535 recv_used=0 right_edge=1946780786 flight=0 sample_rtt=NA srtt=0.043393 rttvar=0.021697 rto=1.000000 retransmitted=0 dupack=0
timestamp_ns=3955246208074 event=RECEIVE state=LAST_ACK seq=519067633 ack=1946715252 snd_una=1946715251 snd_nxt=1946715252 rcv_nxt=519067633 rwnd=65535 recv_used=0 right_edge=1946780786 flight=1 sample_rtt=NA srtt=0.043393 rttvar=0.021697 rto=1.000000 retransmitted=0 dupack=0
timestamp_ns=3955246228723 event=ACK_ADVANCE state=LAST_ACK seq=1946715252 ack=1946715252 snd_una=1946715252 snd_nxt=1946715252 rcv_nxt=519067633 rwnd=65535 recv_used=0 right_edge=1946780787 flight=0 sample_rtt=0.043338 srtt=0.043387 rttvar=0.016286 rto=1.000000 retransmitted=0 dupack=0
timestamp_ns=3955246232350 event=LAST_ACK_COMPLETE state=CLOSED seq=1946715252 ack=519067633 snd_una=1946715252 snd_nxt=1946715252 rcv_nxt=519067633 rwnd=65535 recv_used=0 right_edge=1946780787 flight=0 sample_rtt=NA srtt=0.043387 rttvar=0.016286 rto=1.000000 retransmitted=0 dupack=0
