timestamp_ns=3870239360901 event=ACTIVE_OPEN state=SYN_SENT seq=518019055 ack=0 snd_una=518019055 snd_nxt=518019055 rcv_nxt=0 rwnd=65535 recv_used=0 right_edge=518084590 flight=0 sample_rtt=NA srtt=0.000000 rttvar=0.000000 rto=1.000000 retransmitted=0 dupack=0
timestamp_ns=3870239369006 event=SEND state=SYN_SENT seq=518019055 ack=0 snd_una=518019055 snd_nxt=518019055 rcv_nxt=0 rwnd=65535 recv_used=0 right_edge=518084590 flight=0 sample_rtt=NA srtt=0.000000 rttvar=0.000000 rto=1.000000 retransmitted=0 dupack=0
timestamp_ns=3870282490318 event=RECEIVE state=SYN_SENT seq=1946715250 ack=518019056 snd_una=518019055 snd_nxt=518019056 rcv_nxt=0 rwnd=65535 recv_used=0 right_edge=518084590 flight=1 sample_rtt=NA srtt=0.000000 rttvar=0.000000 rto=1.000000 retransmitted=0 dupack=0
timestamp_ns=3870282560491 event=ACK_ADVANCE state=SYN_SENT seq=518019056 ack=518019056 snd_una=518019056 snd_nxt=518019056 rcv_nxt=0 rwnd=65535 recv_used=0 right_edge=518084591 flight=0 sample_rtt=0.043095 srtt=0.043095 rttvar=0.021547 rto=1.000000 retransmitted=0 dupack=0
timestamp_ns=3870282564068 event=HANDSHAKE_ACK state=SYN_SENT seq=518019056 ack=1946715251 snd_una=518019056 snd_nxt=518019056 rcv_nxt=1946715251 rwnd=65535 recv_used=0 right_edge=518084591 flight=0 sample_rtt=NA srtt=0.043095 rttvar=0.021547 rto=1.000000 retransmitted=0 dupack=0
timestamp_ns=3870282587131 event=RX_SYN_ACK state=ESTABLISHED seq=518019056 ack=1946715251 snd_una=518019056 snd_nxt=518019056 rcv_nxt=1946715251 rwnd=65535 recv_used=0 right_edge=518084591 flight=0 sample_rtt=NA srtt=0.043095 rttvar=0.021547 rto=1.000000 retransmitted=0 dupack=0
timestamp_ns=3870282621316 event=SEND state=ESTABLISHED seq=518019056 ack=1946715251 snd_una=518019056 snd_nxt=518019056 rcv_nxt=1946715251 rwnd=65535 recv_used=0 right_edge=518084591 flight=0 sample_rtt=NA srtt=0.043095 rttvar=0.021547 rto=1.000000 retransmitted=0 dupack=0
timestamp_ns=3870282625454 event=SEND state=ESTABLISHED seq=518020436 ack=1946715251 snd_una=518019056 snd_nxt=518020436 rcv_nxt=1946715251 rwnd=65535 recv_used=0 right_edge=518084591 flight=1380 sample_rtt=NA srtt=0.043095 rttvar=0.021547 rto=1.000000 retransmitted=0 dupack=0
timestamp_ns=3870282627859 event=SEND state=ESTABLISHED seq=518021816 ack=1946715251 snd_una=518019056 snd_nxt=518021816 rcv_nxt=1946715251 rwnd=65535 recv_used=0 right_edge=518084591 flight=2760 sample_rtt=NA srtt=0.043095 rttvar=0.021547 rto=1.000000 retransmitted=0 dupack=0
timestamp_ns=3870282629602 event=SEND state=ESTABLISHED seq=518023196 ack=1946715251 snd_una=518019056 snd_nxt=518023196 rcv_nxt=1946715251 rwnd=65535 recv_used=0 right_edge=518084591 flight=4140 sample_rtt=NA srtt=0.043095 rttvar=0.021547 rto=1.000000 retransmitted=0 dupack=0
timestamp_ns=3870282632277 event=SEND state=ESTABLISHED seq=518024576 ack=1946715251 snd_una=518019056 snd_nxt=518024576 rcv_nxt=1946715251 rwnd=65535 recv_used=0 right_edge=518084591 flight=5520 sample_rtt=NA srtt=0.043095 rttvar=0.021547 rto=1.000000 retransmitted=0 dupack=0
timestamp_ns=3870282634701 event=SEND state=ESTABLISHED seq=518025956 ack=1946715251 snd_una=518019056 snd_nxt=518025956 rcv_nxt=1946715251 rwnd=65535 recv_used=0 right_edge=518084591 flight=6900 sample_rtt=NA srtt=0.043095 rttvar=0.021547 rto=1.000000 retransmitted=0 dupack=0
timestamp_ns=3870282636555 event=SEND state=ESTABLISHED seq=518027336 ack=1946715251 snd_una=518019056 snd_nxt=518027336 rcv_nxt=1946715251 rwnd=65535 recv_used=0 right_edge=518084591 flight=8280 sample_rtt=NA srtt=0.043095 rttvar=0.021547 rto=1.000000 retransmitted=0 dupack=0
timestamp_ns=3870282639501 event=SEND state=ESTABLISHED seq=518028716 ack=1946715251 snd_una=518019056 snd_nxt=518028716 rcv_nxt=1946715251 rwnd=65535 recv_used=0 right_edge=518084591 flight=9660 sample_rtt=NA srtt=0.043095 rttvar=0.021547 rto=1.000000 retransmitted=0 dupack=0
timestamp_ns=3870282641374 event=SEND state=ESTABLISHED seq=518030096 ack=1946715251 snd_una=518019056 snd_nxt=518030096 rcv_nxt=1946715251 rwnd=65535 recv_used=0 right_edge=518084591 flight=11040 sample_rtt=NA srtt=0.043095 rttvar=0.021547 rto=1.000000 retransmitted=0 dupack=0
timestamp_ns=3870282662164 event=SEND state=ESTABLISHED seq=518031476 ack=1946715251 snd_una=518019056 snd_nxt=518031476 rcv_nxt=1946715251 rwnd=65535 recv_used=0 right_edge=518084591 flight=12420 sample_rtt=NA srtt=0.043095 rttvar=0.021547 rto=1.000000 retransmitted=0 dupack=0
timestamp_ns=3870282665330 event=SEND state=ESTABLISHED seq=518032856 ack=1946715251 snd_una=518019056 snd_nxt=518032856 rcv_nxt=1946715251 rwnd=65535 recv_used=0 right_edge=518084591 flight=13800 sample_rtt=NA srtt=0.043095 rttvar=0.021547 rto=1.000000 retransmitted=0 dupack=0
timestamp_ns=3870282667153 event=SEND state=ESTABLISHED seq=518034236 ack=1946715251 snd_una=518019056 snd_nxt=518034236 rcv_nxt=1946715251 rwnd=65535 recv_used=0 right_edge=518084591 flight=15180 sample_rtt=NA srtt=0.043095 rttvar=0.021547 rto=1.000000 retransmitted=0 dupack=0
timestamp_ns=3870282669377 event=SEND state=ESTABLISHED seq=518035616 ack=1946715251 snd_una=518019056 snd_nxt=518035616 rcv_nxt=1946715251 rwnd=65535 recv_used=0 right_edge=518084591 flight=16560 sample_rtt=NA srtt=0.043095 rttvar=0.021547 rto=1.000000 retransmitted=0 dupack=0
timestamp_ns=3870282672794 event=SEND state=ESTABLISHED seq=518036996 ack=1946715251 snd_una=518019056 snd_nxt=518036996 rcv_nxt=1946715251 rwnd=65535 recv_used=0 right_edge=518084591 flight=17940 sample_rtt=NA srtt=0.043095 rttvar=0.021547 rto=1.000000 retransmitted=0 dupack=0
timestamp_ns=3870282674497 event=SEND state=ESTABLISHED seq=518038376 ack=1946715251 snd_una=518019056 snd_nxt=518038376 rcv_nxt=1946715251 rwnd=65535 recv_used=0 right_edge=518084591 flight=19320 sample_rtt=NA srtt=0.043095 rttvar=0.021547 rto=1.000000 retransmitted=0 dupack=0
timestamp_ns=3870282677102 event=SEND state=ESTABLISHED seq=518039756 ack=1946715251 snd_una=518019056 snd_nxt=518039756 rcv_nxt=1946715251 rwnd=65535 recv_used=0 right_edge=518084591 flight=20700 sample_rtt=NA srtt=0.043095 rttvar=0.021547 rto=1.000000 retransmitted=0 dupack=0
timestamp_ns=3870282678855 event=SEND state=ESTABLISHED seq=518041136 ack=1946715251 snd_una=518019056 snd_nxt=518041136 rcv_nxt=1946715251 rwnd=65535 recv_used=0 right_edge=518084591 flight=22080 sample_rtt=NA srtt=0.043095 rttvar=0.021547 rto=1.000000 retransmitted=0 dupack=0
timestamp_ns=3870282680538 event=SEND state=ESTABLISHED seq=518042516 ack=1946715251 snd_una=518019056 snd_nxt=518042516 rcv_nxt=1946715251 rwnd=65535 recv_used=0 right_edge=518084591 flight=23460 sample_rtt=NA srtt=0.043095 rttvar=0.021547 rto=1.000000 retransmitted=0 dupack=0
timestamp_ns=3870282683594 event=SEND state=ESTABLISHED seq=518043896 ack=1946715251 snd_una=518019056 snd_nxt=518043896 rcv_nxt=1946715251 rwnd=65535 recv_used=0 right_edge=518084591 flight=24840 sample_rtt=NA srtt=0.043095 rttvar=0.021547 rto=1.000000 retransmitted=0 dupack=0
timestamp_ns=3870282685287 event=SEND state=ESTABLISHED seq=518045276 ack=1946715251 snd_una=518019056 snd_nxt=518045276 rcv_nxt=1946715251 rwnd=65535 recv_used=0 right_edge=518084591 flight=26220 sample_rtt=NA srtt=0.043095 rttvar=0.021547 rto=1.000000 retransmitted=0 dupack=0
timestamp_ns=3870282687111 event=SEND state=ESTABLISHED seq=518046656 ack=1946715251 snd_una=518019056 snd_nxt=518046656 rcv_nxt=1946715251 rwnd=65535 recv_used=0 right_edge=518084591 flight=27600 sample_rtt=NA srtt=0.043095 rttvar=0.021547 rto=1.000000 retransmitted=0 dupack=0
timestamp_ns=3870282690758 event=SEND state=ESTABLISHED seq=518048036 ack=1946715251 snd_una=518019056 snd_nxt=518048036 rcv_nxt=1946715251 rwnd=65535 recv_used=0 right_edge=518084591 flight=28980 sample_rtt=NA srtt=0.043095 rttvar=0.021547 rto=1.000000 retransmitted=0 dupack=0
timestamp_ns=3870282692591 event=SEND state=ESTABLISHED seq=518049416 ack=1946715251 snd_una=518019056 snd_nxt=518049416 rcv_nxt=1946715251 rwnd=65535 recv_used=0 right_edge=518084591 flight=30360 sample_rtt=NA srtt=0.043095 rttvar=0.021547 rto=1.000000 retransmitted=0 dupack=0
timestamp_ns=3870282694365 event=SEND state=ESTABLISHED seq=518050796 ack=1946715251 snd_una=518019056 snd_nxt=518050796 rcv_nxt=1946715251 rwnd=65535 recv_used=0 right_edge=518084591 flight=31740 sample_rtt=NA srtt=0.043095 rttvar=0.021547 rto=1.000000 retransmitted=0 dupack=0
timestamp_ns=3870282700877 event=SEND state=ESTABLISHED seq=518052176 ack=1946715251 snd_una=518019056 snd_nxt=518052176 rcv_nxt=1946715251 rwnd=65535 recv_used=0 right_edge=518084591 flight=33120 sample_rtt=NA srtt=0.043095 rttvar=0.021547 rto=1.000000 retransmitted=0 dupack=0
timestamp_ns=3870282702740 event=SEND state=ESTABLISHED seq=518053556 ack=1946715251 snd_una=518019056 snd_nxt=518053556 rcv_nxt=1946715251 rwnd=65535 recv_used=0 right_edge=518084591 flight=34500 sample_rtt=NA srtt=0.043095 rttvar=0.021547 rto=1.000000 retransmitted=0 dupack=0
timestamp_ns=3870282705105 event=SEND state=ESTABLISHED seq=518054936 ack=1946715251 snd_una=518019056 snd_nxt=518054936 rcv_nxt=1946715251 rwnd=65535 recv_used=0 right_edge=518084591 flight=35880 sample_rtt=NA srtt=0.043095 rttvar=0.021547 rto=1.000000 retransmitted=0 dupack=0
timestamp_ns=3870282708061 event=SEND state=ESTABLISHED seq=518056316 ack=1946715251 snd_una=518019056 snd_nxt=518056316 rcv_nxt=1946715251 rwnd=65535 recv_used=0 right_edge=518084591 flight=37260 sample_rtt=NA srtt=0.043095 rttvar=0.021547 rto=1.000000 retransmitted=0 dupack=0
timestamp_ns=3870282709894 event=SEND state=ESTABLISHED seq=518057696 ack=1946715251 snd_una=518019056 snd_nxt=518057696 rcv_nxt=1946715251 rwnd=65535 recv_used=0 right_edge=518084591 flight=38640 sample_rtt=NA srtt=0.043095 rttvar=0.021547 rto=1.000000 retransmitted=0 dupack=0
timestamp_ns=3870282754619 event=SEND state=ESTABLISHED seq=518059076 ack=1946715251 snd_una=518019056 snd_nxt=518059076 rcv_nxt=1946715251 rwnd=65535 recv_used=0 right_edge=518084591 flight=40020 sample_rtt=NA srtt=0.043095 rttvar=0.021547 rto=1.000000 retransmitted=0 dupack=0
timestamp_ns=3870282761231 event=SEND state=ESTABLISHED seq=518060456 ack=1946715251 snd_una=518019056 snd_nxt=518060456 rcv_nxt=1946715251 rwnd=65535 recv_used=0 right_edge=518084591 flight=41400 sample_rtt=NA srtt=0.043095 rttvar=0.021547 rto=1.000000 retransmitted=0 dupack=0
timestamp_ns=3870282763235 event=SEND state=ESTABLISHED seq=518061836 ack=1946715251 snd_una=518019056 snd_nxt=518061836 rcv_nxt=1946715251 rwnd=65535 recv_used=0 right_edge=518084591 flight=42780 sample_rtt=NA srtt=0.043095 rttvar=0.021547 rto=1.000000 retransmitted=0 dupack=0
timestamp_ns=3870282790767 event=SEND state=ESTABLISHED seq=518063216 ack=1946715251 snd_una=518019056 snd_nxt=518063216 rcv_nxt=1946715251 rwnd=65535 recv_used=0 right_edge=518084591 flight=44160 sample_rtt=NA srtt=0.043095 rttvar=0.021547 rto=1.000000 retransmitted=0 dupack=0
timestamp_ns=3870282796739 event=SEND state=ESTABLISHED seq=518064596 ack=1946715251 snd_una=518019056 snd_nxt=518064596 rcv_nxt=1946715251 rwnd=65535 recv_used=0 right_edge=518084591 flight=45540 sample_rtt=NA srtt=0.043095 rttvar=0.021547 rto=1.000000 retransmitted=0 dupack=0
timestamp_ns=3870282798853 event=SEND state=ESTABLISHED seq=518065976 ack=1946715251 snd_una=518019056 snd_nxt=518065976 rcv_nxt=1946715251 rwnd=65535 recv_used=0 right_edge=518084591 flight=46920 sample_rtt=NA srtt=0.043095 rttvar=0.021547 rto=1.000000 retransmitted=0 dupack=0
timestamp_ns=3870282802439 event=SEND state=ESTABLISHED seq=518067356 ack=1946715251 snd_una=518019056 snd_nxt=518067356 rcv_nxt=1946715251 rwnd=65535 recv_used=0 right_edge=518084591 flight=48300 sample_rtt=NA srtt=0.043095 rttvar=0.021547 rto=1.000000 retransmitted=0 dupack=0
timestamp_ns=3870282804273 event=SEND state=ESTABLISHED seq=518068736 ack=1946715251 snd_una=518019056 snd_nxt=518068736 rcv_nxt=1946715251 rwnd=65535 recv_used=0 right_edge=518084591 flight=49680 sample_rtt=NA srtt=0.043095 rttvar=0.021547 rto=1.000000 retransmitted=0 dupack=0
timestamp_ns=3870282805886 event=SEND state=ESTABLISHED seq=518070116 ack=1946715251 snd_una=518019056 snd_nxt=518070116 rcv_nxt=1946715251 rwnd=65535 recv_used=0 right_edge=518084591 flight=51060 sample_rtt=NA srtt=0.043095 rttvar=0.021547 rto=1.000000 retransmitted=0 dupack=0
timestamp_ns=3870282808561 event=SEND state=ESTABLISHED seq=518071496 ack=1946715251 snd_una=518019056 snd_nxt=518071496 rcv_nxt=1946715251 rwnd=65535 recv_used=0 right_edge=518084591 flight=52440 sample_rtt=NA srtt=0.043095 rttvar=0.021547 rto=1.000000 retransmitted=0 dupack=0
timestamp_ns=3870282817839 event=SEND state=ESTABLISHED seq=518072876 ack=1946715251 snd_una=518019056 snd_nxt=518072876 rcv_nxt=1946715251 rwnd=65535 recv_used=0 right_edge=518084591 flight=53820 sample_rtt=NA srtt=0.043095 rttvar=0.021547 rto=1.000000 retransmitted=0 dupack=0
timestamp_ns=3870282822908 event=SEND state=ESTABLISHED seq=518074256 ack=1946715251 snd_una=518019056 snd_nxt=518074256 rcv_nxt=1946715251 rwnd=65535 recv_used=0 right_edge=518084591 flight=55200 sample_rtt=NA srtt=0.043095 rttvar=0.021547 rto=1.000000 retransmitted=0 dupack=0
timestamp_ns=3870282825343 event=SEND state=ESTABLISHED seq=518075636 ack=1946715251 snd_una=518019056 snd_nxt=518075636 rcv_nxt=1946715251 rwnd=65535 recv_used=0 right_edge=518084591 flight=56580 sample_rtt=NA srtt=0.043095 rttvar=0.021547 rto=1.000000 retransmitted=0 dupack=0
timestamp_ns=3870282827006 event=SEND state=ESTABLISHED seq=518077016 ack=1946715251 snd_una=518019056 snd_nxt=518077016 rcv_nxt=1946715251 rwnd=65535 recv_used=0 right_edge=518084591 flight=57960 sample_rtt=NA srtt=0.043095 rttvar=0.021547 rto=1.000000 retransmitted=0 dupack=0
timestamp_ns=3870282828579 event=SEND state=ESTABLISHED seq=518078396 ack=1946715251 snd_una=518019056 snd_nxt=518078396 rcv_nxt=1946715251 rwnd=65535 recv_used=0 right_edge=518084591 flight=59340 sample_rtt=NA srtt=0.043095 rttvar=0.021547 rto=1.000000 retransmitted=0 dupack=0
timestamp_ns=3870282831134 event=SEND state=ESTABLISHED seq=518079776 ack=1946715251 snd_una=518019056 snd_nxt=518079776 rcv_nxt=1946715251 rwnd=65535 recv_used=0 right_edge=518084591 flight=60720 sample_rtt=NA srtt=0.043095 rttvar=0.021547 rto=1.000000 retransmitted=0 dupack=0
timestamp_ns=3870282832767 event=SEND state=ESTABLISHED seq=518081156 ack=1946715251 snd_una=518019056 snd_nxt=518081156 rcv_nxt=1946715251 rwnd=65535 recv_used=0 right_edge=518084591 flight=62100 sample_rtt=NA srtt=0.043095 rttvar=0.021547 rto=1.000000 retransmitted=0 dupack=0
timestamp_ns=3870282835181 event=SEND state=ESTABLISHED seq=518082536 ack=1946715251 snd_una=518019056 snd_nxt=518082536 rcv_nxt=1946715251 rwnd=65535 recv_used=0 right_edge=518084591 flight=63480 sample_rtt=NA srtt=0.043095 rttvar=0.021547 rto=1.000000 retransmitted=0 dupack=0
timestamp_ns=3870325938748 event=RECEIVE state=ESTABLISHED seq=1946715251 ack=518020436 snd_una=518019056 snd_nxt=518083916 rcv_nxt=1946715251 rwnd=65535 recv_used=0 right_edge=518084591 flight=64860 sample_rtt=NA srtt=0.043095 rttvar=0.021547 rto=1.000000 retransmitted=0 dupack=0
timestamp_ns=3870326075316 event=SEND state=ESTABLISHED seq=518083916 ack=1946715251 snd_una=518020436 snd_nxt=518083916 rcv_nxt=1946715251 rwnd=65535 recv_used=0 right_edge=518085971 flight=63480 sample_rtt=0.043354 srtt=0.043127 rttvar=0.016225 rto=1.000000 retransmitted=0 dupack=0
timestamp_ns=3870326119460 event=ACK_ADVANCE state=ESTABLISHED seq=518084592 ack=518020436 snd_una=518020436 snd_nxt=518084592 rcv_nxt=1946715251 rwnd=65535 recv_used=0 right_edge=518085971 flight=64156 sample_rtt=0.043354 srtt=0.043127 rttvar=0.016225 rto=1.000000 retransmitted=0 dupack=0
timestamp_ns=3870326133727 event=RECEIVE state=ESTABLISHED seq=1946715251 ack=518020436 snd_una=518020436 snd_nxt=518084592 rcv_nxt=1946715251 rwnd=65535 recv_used=0 right_edge=518085971 flight=64156 sample_rtt=NA srtt=0.043127 rttvar=0.016225 rto=1.000000 retransmitted=0 dupack=0
timestamp_ns=3870326135500 event=RECEIVE state=ESTABLISHED seq=1946715251 ack=518020436 snd_una=518020436 snd_nxt=518084592 rcv_nxt=1946715251 rwnd=65535 recv_used=0 right_edge=518085971 flight=64156 sample_rtt=NA srtt=0.043127 rttvar=0.016225 rto=1.000000 retransmitted=0 dupack=1
timestamp_ns=3870326136653 event=RECEIVE state=ESTABLISHED seq=1946715251 ack=518020436 snd_una=518020436 snd_nxt=518084592 rcv_nxt=1946715251 rwnd=65535 recv_used=0 right_edge=518085971 flight=64156 sample_rtt=NA srtt=0.043127 rttvar=0.016225 rto=1.000000 retransmitted=0 dupack=2
timestamp_ns=3870326198700 event=RETRANSMIT state=ESTABLISHED seq=518020436 ack=1946715251 snd_una=518020436 snd_nxt=518084592 rcv_nxt=1946715251 rwnd=65535 recv_used=0 right_edge=518085971 flight=64156 sample_rtt=NA srtt=0.043127 rttvar=0.016225 rto=1.000000 retransmitted=1 dupack=3
timestamp_ns=3870326205483 event=FAST_RETRANSMIT state=ESTABLISHED seq=518020436 ack=518020436 snd_una=518020436 snd_nxt=518084592 rcv_nxt=1946715251 rwnd=65535 recv_used=0 right_edge=518085971 flight=64156 sample_rtt=NA srtt=0.043127 rttvar=0.016225 rto=1.000000 retransmitted=1 dupack=3
timestamp_ns=3870326208489 event=RECEIVE state=ESTABLISHED seq=1946715251 ack=518020436 snd_una=518020436 snd_nxt=518084592 rcv_nxt=1946715251 rwnd=65535 recv_used=0 right_edge=518085971 flight=64156 sample_rtt=NA srtt=0.043127 rttvar=0.016225 rto=1.000000 retransmitted=0 dupack=3
timestamp_ns=3870326209591 event=RECEIVE state=ESTABLISHED seq=1946715251 ack=518020436 snd_una=518020436 snd_nxt=518084592 rcv_nxt=1946715251 rwnd=65535 recv_used=0 right_edge=518085971 flight=64156 sample_rtt=NA srtt=0.043127 rttvar=0.016225 rto=1.000000 retransmitted=0 dupack=4
timestamp_ns=3870326210643 event=RECEIVE state=ESTABLISHED seq=1946715251 ack=518020436 snd_una=518020436 snd_nxt=518084592 rcv_nxt=1946715251 rwnd=65535 recv_used=0 right_edge=518085971 flight=64156 sample_rtt=NA srtt=0.043127 rttvar=0.016225 rto=1.000000 retransmitted=0 dupack=5
timestamp_ns=3870326211655 event=RECEIVE state=ESTABLISHED seq=1946715251 ack=518020436 snd_una=518020436 snd_nxt=518084592 rcv_nxt=1946715251 rwnd=65535 recv_used=0 right_edge=518085971 flight=64156 sample_rtt=NA srtt=0.043127 rttvar=0.016225 rto=1.000000 retransmitted=0 dupack=6
timestamp_ns=3870326212697 event=RECEIVE state=ESTABLISHED seq=1946715251 ack=518020436 snd_una=518020436 snd_nxt=518084592 rcv_nxt=1946715251 rwnd=65535 recv_used=0 right_edge=518085971 flight=64156 sample_rtt=NA srtt=0.043127 rttvar=0.016225 rto=1.000000 retransmitted=0 dupack=7
timestamp_ns=3870326213739 event=RECEIVE state=ESTABLISHED seq=1946715251 ack=518020436 snd_una=518020436 snd_nxt=518084592 rcv_nxt=1946715251 rwnd=65535 recv_used=0 right_edge=518085971 flight=64156 sample_rtt=NA srtt=0.043127 rttvar=0.016225 rto=1.000000 retransmitted=0 dupack=8
timestamp_ns=3870326214791 event=RECEIVE state=ESTABLISHED seq=1946715251 ack=518020436 snd_una=518020436 snd_nxt=518084592 rcv_nxt=1946715251 rwnd=65535 recv_used=0 right_edge=518085971 flight=64156 sample_rtt=NA srtt=0.043127 rttvar=0.016225 rto=1.000000 retransmitted=0 dupack=9
timestamp_ns=3870326216414 event=RECEIVE state=ESTABLISHED seq=1946715251 ack=518020436 snd_una=518020436 snd_nxt=518084592 rcv_nxt=1946715251 rwnd=65535 recv_used=0 right_edge=518085971 flight=64156 sample_rtt=NA srtt=0.043127 rttvar=0.016225 rto=1.000000 retransmitted=0 dupack=10
timestamp_ns=3870326217496 event=RECEIVE state=ESTABLISHED seq=1946715251 ack=518020436 snd_una=518020436 snd_nxt=518084592 rcv_nxt=1946715251 rwnd=65535 recv_used=0 right_edge=518085971 flight=64156 sample_rtt=NA srtt=0.043127 rttvar=0.016225 rto=1.000000 retransmitted=0 dupack=11
timestamp_ns=3870326218578 event=RECEIVE state=ESTABLISHED seq=1946715251 ack=518020436 snd_una=518020436 snd_nxt=518084592 rcv_nxt=1946715251 rwnd=65535 recv_used=0 right_edge=518085971 flight=64156 sample_rtt=NA srtt=0.043127 rttvar=0.016225 rto=1.000000 retransmitted=0 dupack=12
timestamp_ns=3870326219590 event=RECEIVE state=ESTABLISHED seq=1946715251 ack=518020436 snd_una=518020436 snd_nxt=518084592 rcv_nxt=1946715251 rwnd=65535 recv_used=0 right_edge=518085971 flight=64156 sample_rtt=NA srtt=0.043127 rttvar=0.016225 rto=1.000000 retransmitted=0 dupack=13
timestamp_ns=3870326220632 event=RECEIVE state=ESTABLISHED seq=1946715251 ack=518020436 snd_una=518020436 snd_nxt=518084592 rcv_nxt=1946715251 rwnd=65535 recv_used=0 right_edge=518085971 flight=64156 sample_rtt=NA srtt=0.043127 rttvar=0.016225 rto=1.000000 retransmitted=0 dupack=14
timestamp_ns=3870326221714 event=RECEIVE state=ESTABLISHED seq=1946715251 ack=518020436 snd_una=518020436 snd_nxt=518084592 rcv_nxt=1946715251 rwnd=65535 recv_used=0 right_edge=518085971 flight=64156 sample_rtt=NA srtt=0.043127 rttvar=0.016225 rto=1.000000 retransmitted=0 dupack=15
timestamp_ns=3870326226583 event=RECEIVE state=ESTABLISHED seq=1946715251 ack=518020436 snd_una=518020436 snd_nxt=518084592 rcv_nxt=1946715251 rwnd=65535 recv_used=0 right_edge=518085971 flight=64156 sample_rtt=NA srtt=0.043127 rttvar=0.016225 rto=1.000000 retransmitted=0 dupack=16
timestamp_ns=3870326227665 event=RECEIVE state=ESTABLISHED seq=1946715251 ack=518020436 snd_una=518020436 snd_nxt=518084592 rcv_nxt=1946715251 rwnd=65535 recv_used=0 right_edge=518085971 flight=64156 sample_rtt=NA srtt=0.043127 rttvar=0.016225 rto=1.000000 retransmitted=0 dupack=17
timestamp_ns=3870326228707 event=RECEIVE state=ESTABLISHED seq=1946715251 ack=518020436 snd_una=518020436 snd_nxt=518084592 rcv_nxt=1946715251 rwnd=65535 recv_used=0 right_edge=518085971 flight=64156 sample_rtt=NA srtt=0.043127 rttvar=0.016225 rto=1.000000 retransmitted=0 dupack=18
timestamp_ns=3870326229719 event=RECEIVE state=ESTABLISHED seq=1946715251 ack=518020436 snd_una=518020436 snd_nxt=518084592 rcv_nxt=1946715251 rwnd=65535 recv_used=0 right_edge=518085971 flight=64156 sample_rtt=NA srtt=0.043127 rttvar=0.016225 rto=1.000000 retransmitted=0 dupack=19
timestamp_ns=3870326230731 event=RECEIVE state=ESTABLISHED seq=1946715251 ack=518020436 snd_una=518020436 snd_nxt=518084592 rcv_nxt=1946715251 rwnd=65535 recv_used=0 right_edge=518085971 flight=64156 sample_rtt=NA srtt=0.043127 rttvar=0.016225 rto=1.000000 retransmitted=0 dupack=20
timestamp_ns=3870326231723 event=RECEIVE state=ESTABLISHED seq=1946715251 ack=518020436 snd_una=518020436 snd_nxt=518084592 rcv_nxt=1946715251 rwnd=65535 recv_used=0 right_edge=518085971 flight=64156 sample_rtt=NA srtt=0.043127 rttvar=0.016225 rto=1.000000 retransmitted=0 dupack=21
timestamp_ns=3870326232715 event=RECEIVE state=ESTABLISHED seq=1946715251 ack=518020436 snd_una=518020436 snd_nxt=518084592 rcv_nxt=1946715251 rwnd=65535 recv_used=0 right_edge=518085971 flight=64156 sample_rtt=NA srtt=0.043127 rttvar=0.016225 rto=1.000000 retransmitted=0 dupack=22
timestamp_ns=3870326233737 event=RECEIVE state=ESTABLISHED seq=1946715251 ack=518020436 snd_una=518020436 snd_nxt=518084592 rcv_nxt=1946715251 rwnd=65535 recv_used=0 right_edge=518085971 flight=64156 sample_rtt=NA srtt=0.043127 rttvar=0.016225 rto=1.000000 retransmitted=0 dupack=23
timestamp_ns=3870326234759 event=RECEIVE state=ESTABLISHED seq=1946715251 ack=518020436 snd_una=518020436 snd_nxt=518084592 rcv_nxt=1946715251 rwnd=65535 recv_used=0 right_edge=518085971 flight=64156 sample_rtt=NA srtt=0.043127 rttvar=0.016225 rto=1.000000 retransmitted=0 dupack=24
timestamp_ns=3870326235781 event=RECEIVE state=ESTABLISHED seq=1946715251 ack=518020436 snd_una=518020436 snd_nxt=518084592 rcv_nxt=1946715251 rwnd=65535 recv_used=0 right_edge=518085971 flight=64156 sample_rtt=NA srtt=0.043127 rttvar=0.016225 rto=1.000000 retransmitted=0 dupack=25
timestamp_ns=3870326236772 event=RECEIVE state=ESTABLISHED seq=1946715251 ack=518020436 snd_una=518020436 snd_nxt=518084592 rcv_nxt=1946715251 rwnd=65535 recv_used=0 right_edge=518085971 flight=64156 sample_rtt=NA srtt=0.043127 rttvar=0.016225 rto=1.000000 retransmitted=0 dupack=26
timestamp_ns=3870326237774 event=RECEIVE state=ESTABLISHED seq=1946715251 ack=518020436 snd_una=518020436 snd_nxt=518084592 rcv_nxt=1946715251 rwnd=65535 recv_used=0 right_edge=518085971 flight=64156 sample_rtt=NA srtt=0.043127 rttvar=0.016225 rto=1.000000 retransmitted=0 dupack=27
timestamp_ns=3870326238766 event=RECEIVE state=ESTABLISHED seq=1946715251 ack=518020436 snd_una=518020436 snd_nxt=518084592 rcv_nxt=1946715251 rwnd=65535 recv_used=0 right_edge=518085971 flight=64156 sample_rtt=NA srtt=0.043127 rttvar=0.016225 rto=1.000000 retransmitted=0 dupack=28
timestamp_ns=3870326239928 event=RECEIVE state=ESTABLISHED seq=1946715251 ack=518020436 snd_una=518020436 snd_nxt=518084592 rcv_nxt=1946715251 rwnd=65535 recv_used=0 right_edge=518085971 flight=64156 sample_rtt=NA srtt=0.043127 rttvar=0.016225 rto=1.000000 retransmitted=0 dupack=29
timestamp_ns=3870326244016 event=RECEIVE state=ESTABLISHED seq=1946715251 ack=518020436 snd_una=518020436 snd_nxt=518084592 rcv_nxt=1946715251 rwnd=65535 recv_used=0 right_edge=518085971 flight=64156 sample_rtt=NA srtt=0.043127 rttvar=0.016225 rto=1.000000 retransmitted=0 dupack=30
timestamp_ns=3870326245088 event=RECEIVE state=ESTABLISHED seq=1946715251 ack=518020436 snd_una=518020436 snd_nxt=518084592 rcv_nxt=1946715251 rwnd=65535 recv_used=0 right_edge=518085971 flight=64156 sample_rtt=NA srtt=0.043127 rttvar=0.016225 rto=1.000000 retransmitted=0 dupack=31
timestamp_ns=3870326246110 event=RECEIVE state=ESTABLISHED seq=1946715251 ack=518020436 snd_una=518020436 snd_nxt=518084592 rcv_nxt=1946715251 rwnd=65535 recv_used=0 right_edge=518085971 flight=64156 sample_rtt=NA srtt=0.043127 rttvar=0.016225 rto=1.000000 retransmitted=0 dupack=32
timestamp_ns=3870326247122 event=RECEIVE state=ESTABLISHED seq=1946715251 ack=518020436 snd_una=518020436 snd_nxt=518084592 rcv_nxt=1946715251 rwnd=65535 recv_used=0 right_edge=518085971 flight=64156 sample_rtt=NA srtt=0.043127 rttvar=0.016225 rto=1.000000 retransmitted=0 dupack=33
timestamp_ns=3870326248174 event=RECEIVE state=ESTABLISHED seq=1946715251 ack=518020436 snd_una=518020436 snd_nxt=518084592 rcv_nxt=1946715251 rwnd=65535 recv_used=0 right_edge=518085971 flight=64156 sample_rtt=NA srtt=0.043127 rttvar=0.016225 rto=1.000000 retransmitted=0 dupack=34
timestamp_ns=3870326249206 event=RECEIVE state=ESTABLISHED seq=1946715251 ack=518020436 snd_una=518020436 snd_nxt=518084592 rcv_nxt=1946715251 rwnd=65535 recv_used=0 right_edge=518085971 flight=64156 sample_rtt=NA srtt=0.043127 rttvar=0.016225 rto=1.000000 retransmitted=0 dupack=35
timestamp_ns=3870326250228 event=RECEIVE state=ESTABLISHED seq=1946715251 ack=518020436 snd_una=518020436 snd_nxt=518084592 rcv_nxt=1946715251 rwnd=65535 recv_used=0 right_edge=518085971 flight=64156 sample_rtt=NA srtt=0.043127 rttvar=0.016225 rto=1.000000 retransmitted=0 dupack=36
timestamp_ns=3870326251260 event=RECEIVE state=ESTABLISHED seq=1946715251 ack=518020436 snd_una=518020436 snd_nxt=518084592 rcv_nxt=1946715251 rwnd=65535 recv_used=0 right_edge=518085971 flight=64156 sample_rtt=NA srtt=0.043127 rttvar=0.016225 rto=1.000000 retransmitted=0 dupack=37
timestamp_ns=3870326253334 event=RECEIVE state=ESTABLISHED seq=1946715251 ack=518020436 snd_una=518020436 snd_nxt=518084592 rcv_nxt=1946715251 rwnd=65535 recv_used=0 right_edge=518085971 flight=64156 sample_rtt=NA srtt=0.043127 rttvar=0.016225 rto=1.000000 retransmitted=0 dupack=38
timestamp_ns=3870369185113 event=RECEIVE state=ESTABLISHED seq=1946715251 ack=518021816 snd_una=518020436 snd_nxt=518084592 rcv_nxt=1946715251 rwnd=65535 recv_used=0 right_edge=518085971 flight=64156 sample_rtt=NA srtt=0.043127 rttvar=0.016225 rto=1.000000 retransmitted=0 dupack=39
timestamp_ns=3870369213317 event=SEND state=ESTABLISHED seq=518084592 ack=1946715251 snd_una=518021816 snd_nxt=518084592 rcv_nxt=1946715251 rwnd=65535 recv_used=0 right_edge=518087351 flight=62776 sample_rtt=NA srtt=0.043127 rttvar=0.016225 rto=1.000000 retransmitted=0 dupack=0
timestamp_ns=3870369232804 event=ACK_ADVANCE state=ESTABLISHED seq=518085972 ack=518021816 snd_una=518021816 snd_nxt=518085972 rcv_nxt=1946715251 rwnd=65535 recv_used=0 right_edge=518087351 flight=64156 sample_rtt=NA srtt=0.043127 rttvar=0.016225 rto=1.000000 retransmitted=0 dupack=0
timestamp_ns=3870412390656 event=RECEIVE state=ESTABLISHED seq=1946715251 ack=518021816 snd_una=518021816 snd_nxt=518085972 rcv_nxt=1946715251 rwnd=65535 recv_used=0 right_edge=518087351 flight=64156 sample_rtt=NA srtt=0.043127 rttvar=0.016225 rto=1.000000 retransmitted=0 dupack=0
timestamp_ns=3871283029057 event=RETRANSMIT state=ESTABLISHED seq=518021816 ack=1946715251 snd_una=518021816 snd_nxt=518085972 rcv_nxt=1946715251 rwnd=65535 recv_used=0 right_edge=518087351 flight=64156 sample_rtt=NA srtt=0.043127 rttvar=0.016225 rto=1.000000 retransmitted=1 dupack=1
timestamp_ns=3871283075916 event=RTO_FIRE state=ESTABLISHED seq=518021816 ack=1946715251 snd_una=518021816 snd_nxt=518085972 rcv_nxt=1946715251 rwnd=65535 recv_used=0 right_edge=518087351 flight=64156 sample_rtt=NA srtt=0.043127 rttvar=0.016225 rto=2.000000 retransmitted=1 dupack=1
timestamp_ns=3871325776672 event=RECEIVE state=ESTABLISHED seq=1946715251 ack=518059076 snd_una=518021816 snd_nxt=518085972 rcv_nxt=1946715251 rwnd=65535 recv_used=0 right_edge=518087351 flight=64156 sample_rtt=NA srtt=0.043127 rttvar=0.016225 rto=2.000000 retransmitted=0 dupack=1
timestamp_ns=3871325808663 event=SEND state=ESTABLISHED seq=518085972 ack=1946715251 snd_una=518059076 snd_nxt=518085972 rcv_nxt=1946715251 rwnd=65535 recv_used=0 right_edge=518124611 flight=26896 sample_rtt=NA srtt=0.043127 rttvar=0.016225 rto=2.000000 retransmitted=0 dupack=0
timestamp_ns=3871325828521 event=SEND state=ESTABLISHED seq=518087352 ack=1946715251 snd_una=518059076 snd_nxt=518087352 rcv_nxt=1946715251 rwnd=65535 recv_used=0 right_edge=518124611 flight=28276 sample_rtt=NA srtt=0.043127 rttvar=0.016225 rto=2.000000 retransmitted=0 dupack=0
timestamp_ns=3871325833590 event=SEND state=ESTABLISHED seq=518088732 ack=1946715251 snd_una=518059076 snd_nxt=518088732 rcv_nxt=1946715251 rwnd=65535 recv_used=0 right_edge=518124611 flight=29656 sample_rtt=NA srtt=0.043127 rttvar=0.016225 rto=2.000000 retransmitted=0 dupack=0
timestamp_ns=3871325836586 event=SEND state=ESTABLISHED seq=518090112 ack=1946715251 snd_una=518059076 snd_nxt=518090112 rcv_nxt=1946715251 rwnd=65535 recv_used=0 right_edge=518124611 flight=31036 sample_rtt=NA srtt=0.043127 rttvar=0.016225 rto=2.000000 retransmitted=0 dupack=0
timestamp_ns=3871325839211 event=SEND state=ESTABLISHED seq=518091492 ack=1946715251 snd_una=518059076 snd_nxt=518091492 rcv_nxt=1946715251 rwnd=65535 recv_used=0 right_edge=518124611 flight=32416 sample_rtt=NA srtt=0.043127 rttvar=0.016225 rto=2.000000 retransmitted=0 dupack=0
timestamp_ns=3871325864870 event=SEND state=ESTABLISHED seq=518092872 ack=1946715251 snd_una=518059076 snd_nxt=518092872 rcv_nxt=1946715251 rwnd=65535 recv_used=0 right_edge=518124611 flight=33796 sample_rtt=NA srtt=0.043127 rttvar=0.016225 rto=2.000000 retransmitted=0 dupack=0
timestamp_ns=3871325875420 event=SEND state=ESTABLISHED seq=518094252 ack=1946715251 snd_una=518059076 snd_nxt=518094252 rcv_nxt=1946715251 rwnd=65535 recv_used=0 right_edge=518124611 flight=35176 sample_rtt=NA srtt=0.043127 rttvar=0.016225 rto=2.000000 retransmitted=0 dupack=0
timestamp_ns=3871325878696 event=SEND state=ESTABLISHED seq=518095632 ack=1946715251 snd_una=518059076 snd_nxt=518095632 rcv_nxt=1946715251 rwnd=65535 recv_used=0 right_edge=518124611 flight=36556 sample_rtt=NA srtt=0.043127 rttvar=0.016225 rto=2.000000 retransmitted=0 dupack=0
timestamp_ns=3871325881581 event=SEND state=ESTABLISHED seq=518097012 ack=1946715251 snd_una=518059076 snd_nxt=518097012 rcv_nxt=1946715251 rwnd=65535 recv_used=0 right_edge=518124611 flight=37936 sample_rtt=NA srtt=0.043127 rttvar=0.016225 rto=2.000000 retransmitted=0 dupack=0
timestamp_ns=3871325884126 event=SEND state=ESTABLISHED seq=518098392 ack=1946715251 snd_una=518059076 snd_nxt=518098392 rcv_nxt=1946715251 rwnd=65535 recv_used=0 right_edge=518124611 flight=39316 sample_rtt=NA srtt=0.043127 rttvar=0.016225 rto=2.000000 retransmitted=0 dupack=0
timestamp_ns=3871325888114 event=SEND state=ESTABLISHED seq=518099772 ack=1946715251 snd_una=518059076 snd_nxt=518099772 rcv_nxt=1946715251 rwnd=65535 recv_used=0 right_edge=518124611 flight=40696 sample_rtt=NA srtt=0.043127 rttvar=0.016225 rto=2.000000 retransmitted=0 dupack=0
timestamp_ns=3871325891310 event=SEND state=ESTABLISHED seq=518101152 ack=1946715251 snd_una=518059076 snd_nxt=518101152 rcv_nxt=1946715251 rwnd=65535 recv_used=0 right_edge=518124611 flight=42076 sample_rtt=NA srtt=0.043127 rttvar=0.016225 rto=2.000000 retransmitted=0 dupack=0
timestamp_ns=3871325893774 event=SEND state=ESTABLISHED seq=518102532 ack=1946715251 snd_una=518059076 snd_nxt=518102532 rcv_nxt=1946715251 rwnd=65535 recv_used=0 right_edge=518124611 flight=43456 sample_rtt=NA srtt=0.043127 rttvar=0.016225 rto=2.000000 retransmitted=0 dupack=0
timestamp_ns=3871325932979 event=SEND state=ESTABLISHED seq=518103912 ack=1946715251 snd_una=518059076 snd_nxt=518103912 rcv_nxt=1946715251 rwnd=65535 recv_used=0 right_edge=518124611 flight=44836 sample_rtt=NA srtt=0.043127 rttvar=0.016225 rto=2.000000 retransmitted=0 dupack=0
timestamp_ns=3871325935754 event=SEND state=ESTABLISHED seq=518105292 ack=1946715251 snd_una=518059076 snd_nxt=518105292 rcv_nxt=1946715251 rwnd=65535 recv_used=0 right_edge=518124611 flight=46216 sample_rtt=NA srtt=0.043127 rttvar=0.016225 rto=2.000000 retransmitted=0 dupack=0
timestamp_ns=3871325938209 event=SEND state=ESTABLISHED seq=518106672 ack=1946715251 snd_una=518059076 snd_nxt=518106672 rcv_nxt=1946715251 rwnd=65535 recv_used=0 right_edge=518124611 flight=47596 sample_rtt=NA srtt=0.043127 rttvar=0.016225 rto=2.000000 retransmitted=0 dupack=0
timestamp_ns=3871325940763 event=SEND state=ESTABLISHED seq=518108052 ack=1946715251 snd_una=518059076 snd_nxt=518108052 rcv_nxt=1946715251 rwnd=65535 recv_used=0 right_edge=518124611 flight=48976 sample_rtt=NA srtt=0.043127 rttvar=0.016225 rto=2.000000 retransmitted=0 dupack=0
timestamp_ns=3871325943769 event=SEND state=ESTABLISHED seq=518109432 ack=1946715251 snd_una=518059076 snd_nxt=518109432 rcv_nxt=1946715251 rwnd=65535 recv_used=0 right_edge=518124611 flight=50356 sample_rtt=NA srtt=0.043127 rttvar=0.016225 rto=2.000000 retransmitted=0 dupack=0
timestamp_ns=3871325947366 event=SEND state=ESTABLISHED seq=518110812 ack=1946715251 snd_una=518059076 snd_nxt=518110812 rcv_nxt=1946715251 rwnd=65535 recv_used=0 right_edge=518124611 flight=51736 sample_rtt=NA srtt=0.043127 rttvar=0.016225 rto=2.000000 retransmitted=0 dupack=0
timestamp_ns=3871325950111 event=SEND state=ESTABLISHED seq=518112192 ack=1946715251 snd_una=518059076 snd_nxt=518112192 rcv_nxt=1946715251 rwnd=65535 recv_used=0 right_edge=518124611 flight=53116 sample_rtt=NA srtt=0.043127 rttvar=0.016225 rto=2.000000 retransmitted=0 dupack=0
timestamp_ns=3871325952896 event=SEND state=ESTABLISHED seq=518113572 ack=1946715251 snd_una=518059076 snd_nxt=518113572 rcv_nxt=1946715251 rwnd=65535 recv_used=0 right_edge=518124611 flight=54496 sample_rtt=NA srtt=0.043127 rttvar=0.016225 rto=2.000000 retransmitted=0 dupack=0
timestamp_ns=3871325955652 event=SEND state=ESTABLISHED seq=518114952 ack=1946715251 snd_una=518059076 snd_nxt=518114952 rcv_nxt=1946715251 rwnd=65535 recv_used=0 right_edge=518124611 flight=55876 sample_rtt=NA srtt=0.043127 rttvar=0.016225 rto=2.000000 retransmitted=0 dupack=0
timestamp_ns=3871325958848 event=SEND state=ESTABLISHED seq=518116332 ack=1946715251 snd_una=518059076 snd_nxt=518116332 rcv_nxt=1946715251 rwnd=65535 recv_used=0 right_edge=518124611 flight=57256 sample_rtt=NA srtt=0.043127 rttvar=0.016225 rto=2.000000 retransmitted=0 dupack=0
timestamp_ns=3871325962254 event=SEND state=ESTABLISHED seq=518117712 ack=1946715251 snd_una=518059076 snd_nxt=518117712 rcv_nxt=1946715251 rwnd=65535 recv_used=0 right_edge=518124611 flight=58636 sample_rtt=NA srtt=0.043127 rttvar=0.016225 rto=2.000000 retransmitted=0 dupack=0
timestamp_ns=3871325965079 event=SEND state=ESTABLISHED seq=518119092 ack=1946715251 snd_una=518059076 snd_nxt=518119092 rcv_nxt=1946715251 rwnd=65535 recv_used=0 right_edge=518124611 flight=60016 sample_rtt=NA srtt=0.043127 rttvar=0.016225 rto=2.000000 retransmitted=0 dupack=0
timestamp_ns=3871325968045 event=SEND state=ESTABLISHED seq=518120472 ack=1946715251 snd_una=518059076 snd_nxt=518120472 rcv_nxt=1946715251 rwnd=65535 recv_used=0 right_edge=518124611 flight=61396 sample_rtt=NA srtt=0.043127 rttvar=0.016225 rto=2.000000 retransmitted=0 dupack=0
timestamp_ns=3871325970730 event=SEND state=ESTABLISHED seq=518121852 ack=1946715251 snd_una=518059076 snd_nxt=518121852 rcv_nxt=1946715251 rwnd=65535 recv_used=0 right_edge=518124611 flight=62776 sample_rtt=NA srtt=0.043127 rttvar=0.016225 rto=2.000000 retransmitted=0 dupack=0
timestamp_ns=3871325973125 event=ACK_ADVANCE state=ESTABLISHED seq=518123232 ack=518059076 snd_una=518059076 snd_nxt=518123232 rcv_nxt=1946715251 rwnd=65535 recv_used=0 right_edge=518124611 flight=64156 sample_rtt=NA srtt=0.043127 rttvar=0.016225 rto=2.000000 retransmitted=0 dupack=0
timestamp_ns=3871369633940 event=RECEIVE state=ESTABLISHED seq=1946715251 ack=518059076 snd_una=518059076 snd_nxt=518123232 rcv_nxt=1946715251 rwnd=65535 recv_used=0 right_edge=518124611 flight=64156 sample_rtt=NA srtt=0.043127 rttvar=0.016225 rto=2.000000 retransmitted=0 dupack=0
timestamp_ns=3871369648007 event=RECEIVE state=ESTABLISHED seq=1946715251 ack=518059076 snd_una=518059076 snd_nxt=518123232 rcv_nxt=1946715251 rwnd=65535 recv_used=0 right_edge=518124611 flight=64156 sample_rtt=NA srtt=0.043127 rttvar=0.016225 rto=2.000000 retransmitted=0 dupack=1
timestamp_ns=3871369649600 event=RECEIVE state=ESTABLISHED seq=1946715251 ack=518059076 snd_una=518059076 snd_nxt=518123232 rcv_nxt=1946715251 rwnd=65535 recv_used=0 right_edge=518124611 flight=64156 sample_rtt=NA srtt=0.043127 rttvar=0.016225 rto=2.000000 retransmitted=0 dupack=2
timestamp_ns=3871369653688 event=RETRANSMIT state=ESTABLISHED seq=518059076 ack=1946715251 snd_una=518059076 snd_nxt=518123232 rcv_nxt=1946715251 rwnd=65535 recv_used=0 right_edge=518124611 flight=64156 sample_rtt=NA srtt=0.043127 rttvar=0.016225 rto=2.000000 retransmitted=1 dupack=3
timestamp_ns=3871369678615 event=FAST_RETRANSMIT state=ESTABLISHED seq=518059076 ack=518059076 snd_una=518059076 snd_nxt=518123232 rcv_nxt=1946715251 rwnd=65535 recv_used=0 right_edge=518124611 flight=64156 sample_rtt=NA srtt=0.043127 rttvar=0.016225 rto=2.000000 retransmitted=1 dupack=3
timestamp_ns=3871369683745 event=RECEIVE state=ESTABLISHED seq=1946715251 ack=518059076 snd_una=518059076 snd_nxt=518123232 rcv_nxt=1946715251 rwnd=65535 recv_used=0 right_edge=518124611 flight=64156 sample_rtt=NA srtt=0.043127 rttvar=0.016225 rto=2.000000 retransmitted=0 dupack=3
timestamp_ns=3871369684877 event=RECEIVE state=ESTABLISHED seq=1946715251 ack=518059076 snd_una=518059076 snd_nxt=518123232 rcv_nxt=1946715251 rwnd=65535 recv_used=0 right_edge=518124611 flight=64156 sample_rtt=NA srtt=0.043127 rttvar=0.016225 rto=2.000000 retransmitted=0 dupack=4
timestamp_ns=3871369685899 event=RECEIVE state=ESTABLISHED seq=1946715251 ack=518059076 snd_una=518059076 snd_nxt=518123232 rcv_nxt=1946715251 rwnd=65535 recv_used=0 right_edge=518124611 flight=64156 sample_rtt=NA srtt=0.043127 rttvar=0.016225 rto=2.000000 retransmitted=0 dupack=5
timestamp_ns=3871369686870 event=RECEIVE state=ESTABLISHED seq=1946715251 ack=518059076 snd_una=518059076 snd_nxt=518123232 rcv_nxt=1946715251 rwnd=65535 recv_used=0 right_edge=518124611 flight=64156 sample_rtt=NA srtt=0.043127 rttvar=0.016225 rto=2.000000 retransmitted=0 dupack=6
timestamp_ns=3871369687872 event=RECEIVE state=ESTABLISHED seq=1946715251 ack=518059076 snd_una=518059076 snd_nxt=518123232 rcv_nxt=1946715251 rwnd=65535 recv_used=0 right_edge=518124611 flight=64156 sample_rtt=NA srtt=0.043127 rttvar=0.016225 rto=2.000000 retransmitted=0 dupack=7
timestamp_ns=3871369688834 event=RECEIVE state=ESTABLISHED seq=1946715251 ack=518059076 snd_una=518059076 snd_nxt=518123232 rcv_nxt=1946715251 rwnd=65535 recv_used=0 right_edge=518124611 flight=64156 sample_rtt=NA srtt=0.043127 rttvar=0.016225 rto=2.000000 retransmitted=0 dupack=8
timestamp_ns=3871369689786 event=RECEIVE state=ESTABLISHED seq=1946715251 ack=518059076 snd_una=518059076 snd_nxt=518123232 rcv_nxt=1946715251 rwnd=65535 recv_used=0 right_edge=518124611 flight=64156 sample_rtt=NA srtt=0.043127 rttvar=0.016225 rto=2.000000 retransmitted=0 dupack=9
timestamp_ns=3871369690738 event=RECEIVE state=ESTABLISHED seq=1946715251 ack=518059076 snd_una=518059076 snd_nxt=518123232 rcv_nxt=1946715251 rwnd=65535 recv_used=0 right_edge=518124611 flight=64156 sample_rtt=NA srtt=0.043127 rttvar=0.016225 rto=2.000000 retransmitted=0 dupack=10
timestamp_ns=3871369691760 event=RECEIVE state=ESTABLISHED seq=1946715251 ack=518059076 snd_una=518059076 snd_nxt=518123232 rcv_nxt=1946715251 rwnd=65535 recv_used=0 right_edge=518124611 flight=64156 sample_rtt=NA srtt=0.043127 rttvar=0.016225 rto=2.000000 retransmitted=0 dupack=11
timestamp_ns=3871369692772 event=RECEIVE state=ESTABLISHED seq=1946715251 ack=518059076 snd_una=518059076 snd_nxt=518123232 rcv_nxt=1946715251 rwnd=65535 recv_used=0 right_edge=518124611 flight=64156 sample_rtt=NA srtt=0.043127 rttvar=0.016225 rto=2.000000 retransmitted=0 dupack=12
timestamp_ns=3871369721807 event=RECEIVE state=ESTABLISHED seq=1946715251 ack=518059076 snd_una=518059076 snd_nxt=518123232 rcv_nxt=1946715251 rwnd=65535 recv_used=0 right_edge=518124611 flight=64156 sample_rtt=NA srtt=0.043127 rttvar=0.016225 rto=2.000000 retransmitted=0 dupack=13
timestamp_ns=3871369722789 event=RECEIVE state=ESTABLISHED seq=1946715251 ack=518059076 snd_una=518059076 snd_nxt=518123232 rcv_nxt=1946715251 rwnd=65535 recv_used=0 right_edge=518124611 flight=64156 sample_rtt=NA srtt=0.043127 rttvar=0.016225 rto=2.000000 retransmitted=0 dupack=14
timestamp_ns=3871369723770 event=RECEIVE state=ESTABLISHED seq=1946715251 ack=518059076 snd_una=518059076 snd_nxt=518123232 rcv_nxt=1946715251 rwnd=65535 recv_used=0 right_edge=518124611 flight=64156 sample_rtt=NA srtt=0.043127 rttvar=0.016225 rto=2.000000 retransmitted=0 dupack=15
timestamp_ns=3871369724772 event=RECEIVE state=ESTABLISHED seq=1946715251 ack=518059076 snd_una=518059076 snd_nxt=518123232 rcv_nxt=1946715251 rwnd=65535 recv_used=0 right_edge=518124611 flight=64156 sample_rtt=NA srtt=0.043127 rttvar=0.016225 rto=2.000000 retransmitted=0 dupack=16
timestamp_ns=3871369725764 event=RECEIVE state=ESTABLISHED seq=1946715251 ack=518059076 snd_una=518059076 snd_nxt=518123232 rcv_nxt=1946715251 rwnd=65535 recv_used=0 right_edge=518124611 flight=64156 sample_rtt=NA srtt=0.043127 rttvar=0.016225 rto=2.000000 retransmitted=0 dupack=17
timestamp_ns=3871369726736 event=RECEIVE state=ESTABLISHED seq=1946715251 ack=518059076 snd_una=518059076 snd_nxt=518123232 rcv_nxt=1946715251 rwnd=65535 recv_used=0 right_edge=518124611 flight=64156 sample_rtt=NA srtt=0.043127 rttvar=0.016225 rto=2.000000 retransmitted=0 dupack=18
timestamp_ns=3871369727738 event=RECEIVE state=ESTABLISHED seq=1946715251 ack=518059076 snd_una=518059076 snd_nxt=518123232 rcv_nxt=1946715251 rwnd=65535 recv_used=0 right_edge=518124611 flight=64156 sample_rtt=NA srtt=0.043127 rttvar=0.016225 rto=2.000000 retransmitted=0 dupack=19
timestamp_ns=3871369728690 event=RECEIVE state=ESTABLISHED seq=1946715251 ack=518059076 snd_una=518059076 snd_nxt=518123232 rcv_nxt=1946715251 rwnd=65535 recv_used=0 right_edge=518124611 flight=64156 sample_rtt=NA srtt=0.043127 rttvar=0.016225 rto=2.000000 retransmitted=0 dupack=20
timestamp_ns=3871369729682 event=RECEIVE state=ESTABLISHED seq=1946715251 ack=518059076 snd_una=518059076 snd_nxt=518123232 rcv_nxt=1946715251 rwnd=65535 recv_used=0 right_edge=518124611 flight=64156 sample_rtt=NA srtt=0.043127 rttvar=0.016225 rto=2.000000 retransmitted=0 dupack=21
timestamp_ns=3871369730653 event=RECEIVE state=ESTABLISHED seq=1946715251 ack=518059076 snd_una=518059076 snd_nxt=518123232 rcv_nxt=1946715251 rwnd=65535 recv_used=0 right_edge=518124611 flight=64156 sample_rtt=NA srtt=0.043127 rttvar=0.016225 rto=2.000000 retransmitted=0 dupack=22
timestamp_ns=3871369731655 event=RECEIVE state=ESTABLISHED seq=1946715251 ack=518059076 snd_una=518059076 snd_nxt=518123232 rcv_nxt=1946715251 rwnd=65535 recv_used=0 right_edge=518124611 flight=64156 sample_rtt=NA srtt=0.043127 rttvar=0.016225 rto=2.000000 retransmitted=0 dupack=23
timestamp_ns=3871369732988 event=RECEIVE state=ESTABLISHED seq=1946715251 ack=518059076 snd_una=518059076 snd_nxt=518123232 rcv_nxt=1946715251 rwnd=65535 recv_used=0 right_edge=518124611 flight=64156 sample_rtt=NA srtt=0.043127 rttvar=0.016225 rto=2.000000 retransmitted=0 dupack=24
timestamp_ns=3871412930927 event=RECEIVE state=ESTABLISHED seq=1946715251 ack=518085972 snd_una=518059076 snd_nxt=518123232 rcv_nxt=1946715251 rwnd=65535 recv_used=0 right_edge=518124611 flight=64156 sample_rtt=NA srtt=0.043127 rttvar=0.016225 rto=2.000000 retransmitted=0 dupack=25
timestamp_ns=3871412953530 event=SEND state=ESTABLISHED seq=518123232 ack=1946715251 snd_una=518085972 snd_nxt=518123232 rcv_nxt=1946715251 rwnd=65535 recv_used=0 right_edge=518151507 flight=37260 sample_rtt=NA srtt=0.043127 rttvar=0.016225 rto=2.000000 retransmitted=0 dupack=0
timestamp_ns=3871412993185 event=SEND state=ESTABLISHED seq=518124612 ack=1946715251 snd_una=518085972 snd_nxt=518124612 rcv_nxt=1946715251 rwnd=65535 recv_used=0 right_edge=518151507 flight=38640 sample_rtt=NA srtt=0.043127 rttvar=0.016225 rto=2.000000 retransmitted=0 dupack=0
timestamp_ns=3871412995670 event=SEND state=ESTABLISHED seq=518125992 ack=1946715251 snd_una=518085972 snd_nxt=518125992 rcv_nxt=1946715251 rwnd=65535 recv_used=0 right_edge=518151507 flight=40020 sample_rtt=NA srtt=0.043127 rttvar=0.016225 rto=2.000000 retransmitted=0 dupack=0
timestamp_ns=3871412997613 event=SEND state=ESTABLISHED seq=518127372 ack=1946715251 snd_una=518085972 snd_nxt=518127372 rcv_nxt=1946715251 rwnd=65535 recv_used=0 right_edge=518151507 flight=41400 sample_rtt=NA srtt=0.043127 rttvar=0.016225 rto=2.000000 retransmitted=0 dupack=0
timestamp_ns=3871412999657 event=SEND state=ESTABLISHED seq=518128752 ack=1946715251 snd_una=518085972 snd_nxt=518128752 rcv_nxt=1946715251 rwnd=65535 recv_used=0 right_edge=518151507 flight=42780 sample_rtt=NA srtt=0.043127 rttvar=0.016225 rto=2.000000 retransmitted=0 dupack=0
timestamp_ns=3871413001481 event=SEND state=ESTABLISHED seq=518130132 ack=1946715251 snd_una=518085972 snd_nxt=518130132 rcv_nxt=1946715251 rwnd=65535 recv_used=0 right_edge=518151507 flight=44160 sample_rtt=NA srtt=0.043127 rttvar=0.016225 rto=2.000000 retransmitted=0 dupack=0
timestamp_ns=3871413003374 event=SEND state=ESTABLISHED seq=518131512 ack=1946715251 snd_una=518085972 snd_nxt=518131512 rcv_nxt=1946715251 rwnd=65535 recv_used=0 right_edge=518151507 flight=45540 sample_rtt=NA srtt=0.043127 rttvar=0.016225 rto=2.000000 retransmitted=0 dupack=0
timestamp_ns=3871413005308 event=SEND state=ESTABLISHED seq=518132892 ack=1946715251 snd_una=518085972 snd_nxt=518132892 rcv_nxt=1946715251 rwnd=65535 recv_used=0 right_edge=518151507 flight=46920 sample_rtt=NA srtt=0.043127 rttvar=0.016225 rto=2.000000 retransmitted=0 dupack=0
timestamp_ns=3871413007121 event=SEND state=ESTABLISHED seq=518134272 ack=1946715251 snd_una=518085972 snd_nxt=518134272 rcv_nxt=1946715251 rwnd=65535 recv_used=0 right_edge=518151507 flight=48300 sample_rtt=NA srtt=0.043127 rttvar=0.016225 rto=2.000000 retransmitted=0 dupack=0
timestamp_ns=3871413009195 event=SEND state=ESTABLISHED seq=518135652 ack=1946715251 snd_una=518085972 snd_nxt=518135652 rcv_nxt=1946715251 rwnd=65535 recv_used=0 right_edge=518151507 flight=49680 sample_rtt=NA srtt=0.043127 rttvar=0.016225 rto=2.000000 retransmitted=0 dupack=0
timestamp_ns=3871413010969 event=SEND state=ESTABLISHED seq=518137032 ack=1946715251 snd_una=518085972 snd_nxt=518137032 rcv_nxt=1946715251 rwnd=65535 recv_used=0 right_edge=518151507 flight=51060 sample_rtt=NA srtt=0.043127 rttvar=0.016225 rto=2.000000 retransmitted=0 dupack=0
timestamp_ns=3871413012802 event=SEND state=ESTABLISHED seq=518138412 ack=1946715251 snd_una=518085972 snd_nxt=518138412 rcv_nxt=1946715251 rwnd=65535 recv_used=0 right_edge=518151507 flight=52440 sample_rtt=NA srtt=0.043127 rttvar=0.016225 rto=2.000000 retransmitted=0 dupack=0
timestamp_ns=3871413014706 event=SEND state=ESTABLISHED seq=518139792 ack=1946715251 snd_una=518085972 snd_nxt=518139792 rcv_nxt=1946715251 rwnd=65535 recv_used=0 right_edge=518151507 flight=53820 sample_rtt=NA srtt=0.043127 rttvar=0.016225 rto=2.000000 retransmitted=0 dupack=0
timestamp_ns=3871413016469 event=SEND state=ESTABLISHED seq=518141172 ack=1946715251 snd_una=518085972 snd_nxt=518141172 rcv_nxt=1946715251 rwnd=65535 recv_used=0 right_edge=518151507 flight=55200 sample_rtt=NA srtt=0.043127 rttvar=0.016225 rto=2.000000 retransmitted=0 dupack=0
timestamp_ns=3871413018222 event=SEND state=ESTABLISHED seq=518142552 ack=1946715251 snd_una=518085972 snd_nxt=518142552 rcv_nxt=1946715251 rwnd=65535 recv_used=0 right_edge=518151507 flight=56580 sample_rtt=NA srtt=0.043127 rttvar=0.016225 rto=2.000000 retransmitted=0 dupack=0
timestamp_ns=3871413020016 event=SEND state=ESTABLISHED seq=518143932 ack=1946715251 snd_una=518085972 snd_nxt=518143932 rcv_nxt=1946715251 rwnd=65535 recv_used=0 right_edge=518151507 flight=57960 sample_rtt=NA srtt=0.043127 rttvar=0.016225 rto=2.000000 retransmitted=0 dupack=0
timestamp_ns=3871413023843 event=SEND state=ESTABLISHED seq=518145312 ack=1946715251 snd_una=518085972 snd_nxt=518145312 rcv_nxt=1946715251 rwnd=65535 recv_used=0 right_edge=518151507 flight=59340 sample_rtt=NA srtt=0.043127 rttvar=0.016225 rto=2.000000 retransmitted=0 dupack=0
timestamp_ns=3871413025757 event=SEND state=ESTABLISHED seq=518146692 ack=1946715251 snd_una=518085972 snd_nxt=518146692 rcv_nxt=1946715251 rwnd=65535 recv_used=0 right_edge=518151507 flight=60720 sample_rtt=NA srtt=0.043127 rttvar=0.016225 rto=2.000000 retransmitted=0 dupack=0
timestamp_ns=3871413027630 event=SEND state=ESTABLISHED seq=518148072 ack=1946715251 snd_una=518085972 snd_nxt=518148072 rcv_nxt=1946715251 rwnd=65535 recv_used=0 right_edge=518151507 flight=62100 sample_rtt=NA srtt=0.043127 rttvar=0.016225 rto=2.000000 retransmitted=0 dupack=0
timestamp_ns=3871413029704 event=SEND state=ESTABLISHED seq=518149452 ack=1946715251 snd_una=518085972 snd_nxt=518149452 rcv_nxt=1946715251 rwnd=65535 recv_used=0 right_edge=518151507 flight=63480 sample_rtt=NA srtt=0.043127 rttvar=0.016225 rto=2.000000 retransmitted=0 dupack=0
timestamp_ns=3871413031317 event=ACK_ADVANCE state=ESTABLISHED seq=518150128 ack=518085972 snd_una=518085972 snd_nxt=518150128 rcv_nxt=1946715251 rwnd=65535 recv_used=0 right_edge=518151507 flight=64156 sample_rtt=NA srtt=0.043127 rttvar=0.016225 rto=2.000000 retransmitted=0 dupack=0
timestamp_ns=3871455427416 event=RECEIVE state=ESTABLISHED seq=1946715251 ack=518085972 snd_una=518085972 snd_nxt=518150128 rcv_nxt=1946715251 rwnd=65535 recv_used=0 right_edge=518151507 flight=64156 sample_rtt=NA srtt=0.043127 rttvar=0.016225 rto=2.000000 retransmitted=0 dupack=0
timestamp_ns=3871455436443 event=RECEIVE state=ESTABLISHED seq=1946715251 ack=518085972 snd_una=518085972 snd_nxt=518150128 rcv_nxt=1946715251 rwnd=65535 recv_used=0 right_edge=518151507 flight=64156 sample_rtt=NA srtt=0.043127 rttvar=0.016225 rto=2.000000 retransmitted=0 dupack=1
timestamp_ns=3871455438016 event=RECEIVE state=ESTABLISHED seq=1946715251 ack=518085972 snd_una=518085972 snd_nxt=518150128 rcv_nxt=1946715251 rwnd=65535 recv_used=0 right_edge=518151507 flight=64156 sample_rtt=NA srtt=0.043127 rttvar=0.016225 rto=2.000000 retransmitted=0 dupack=2
timestamp_ns=3871455441112 event=RETRANSMIT state=ESTABLISHED seq=518085972 ack=1946715251 snd_una=518085972 snd_nxt=518150128 rcv_nxt=1946715251 rwnd=65535 recv_used=0 right_edge=518151507 flight=64156 sample_rtt=NA srtt=0.043127 rttvar=0.016225 rto=2.000000 retransmitted=1 dupack=3
timestamp_ns=3871455460198 event=FAST_RETRANSMIT state=ESTABLISHED seq=518085972 ack=518085972 snd_una=518085972 snd_nxt=518150128 rcv_nxt=1946715251 rwnd=65535 recv_used=0 right_edge=518151507 flight=64156 sample_rtt=NA srtt=0.043127 rttvar=0.016225 rto=2.000000 retransmitted=1 dupack=3
timestamp_ns=3871455464536 event=RECEIVE state=ESTABLISHED seq=1946715251 ack=518085972 snd_una=518085972 snd_nxt=518150128 rcv_nxt=1946715251 rwnd=65535 recv_used=0 right_edge=518151507 flight=64156 sample_rtt=NA srtt=0.043127 rttvar=0.016225 rto=2.000000 retransmitted=0 dupack=3
timestamp_ns=3871455465679 event=RECEIVE state=ESTABLISHED seq=1946715251 ack=518085972 snd_una=518085972 snd_nxt=518150128 rcv_nxt=1946715251 rwnd=65535 recv_used=0 right_edge=518151507 flight=64156 sample_rtt=NA srtt=0.043127 rttvar=0.016225 rto=2.000000 retransmitted=0 dupack=4
timestamp_ns=3871455466711 event=RECEIVE state=ESTABLISHED seq=1946715251 ack=518085972 snd_una=518085972 snd_nxt=518150128 rcv_nxt=1946715251 rwnd=65535 recv_used=0 right_edge=518151507 flight=64156 sample_rtt=NA srtt=0.043127 rttvar=0.016225 rto=2.000000 retransmitted=0 dupack=5
timestamp_ns=3871455467702 event=RECEIVE state=ESTABLISHED seq=1946715251 ack=518085972 snd_una=518085972 snd_nxt=518150128 rcv_nxt=1946715251 rwnd=65535 recv_used=0 right_edge=518151507 flight=64156 sample_rtt=NA srtt=0.043127 rttvar=0.016225 rto=2.000000 retransmitted=0 dupack=6
timestamp_ns=3871455488131 event=RECEIVE state=ESTABLISHED seq=1946715251 ack=518085972 snd_una=518085972 snd_nxt=518150128 rcv_nxt=1946715251 rwnd=65535 recv_used=0 right_edge=518151507 flight=64156 sample_rtt=NA srtt=0.043127 rttvar=0.016225 rto=2.000000 retransmitted=0 dupack=7
timestamp_ns=3871455489103 event=RECEIVE state=ESTABLISHED seq=1946715251 ack=518085972 snd_una=518085972 snd_nxt=518150128 rcv_nxt=1946715251 rwnd=65535 recv_used=0 right_edge=518151507 flight=64156 sample_rtt=NA srtt=0.043127 rttvar=0.016225 rto=2.000000 retransmitted=0 dupack=8
timestamp_ns=3871455490065 event=RECEIVE state=ESTABLISHED seq=1946715251 ack=518085972 snd_una=518085972 snd_nxt=518150128 rcv_nxt=1946715251 rwnd=65535 recv_used=0 right_edge=518151507 flight=64156 sample_rtt=NA srtt=0.043127 rttvar=0.016225 rto=2.000000 retransmitted=0 dupack=9
timestamp_ns=3871455490997 event=RECEIVE state=ESTABLISHED seq=1946715251 ack=518085972 snd_una=518085972 snd_nxt=518150128 rcv_nxt=1946715251 rwnd=65535 recv_used=0 right_edge=518151507 flight=64156 sample_rtt=NA srtt=0.043127 rttvar=0.016225 rto=2.000000 retransmitted=0 dupack=10
timestamp_ns=3871455492008 event=RECEIVE state=ESTABLISHED seq=1946715251 ack=518085972 snd_una=518085972 snd_nxt=518150128 rcv_nxt=1946715251 rwnd=65535 recv_used=0 right_edge=518151507 flight=64156 sample_rtt=NA srtt=0.043127 rttvar=0.016225 rto=2.000000 retransmitted=0 dupack=11
timestamp_ns=3871455492960 event=RECEIVE state=ESTABLISHED seq=1946715251 ack=518085972 snd_una=518085972 snd_nxt=518150128 rcv_nxt=1946715251 rwnd=65535 recv_used=0 right_edge=518151507 flight=64156 sample_rtt=NA srtt=0.043127 rttvar=0.016225 rto=2.000000 retransmitted=0 dupack=12
timestamp_ns=3871455494343 event=RECEIVE state=ESTABLISHED seq=1946715251 ack=518085972 snd_una=518085972 snd_nxt=518150128 rcv_nxt=1946715251 rwnd=65535 recv_used=0 right_edge=518151507 flight=64156 sample_rtt=NA srtt=0.043127 rttvar=0.016225 rto=2.000000 retransmitted=0 dupack=13
timestamp_ns=3871455495816 event=RECEIVE state=ESTABLISHED seq=1946715251 ack=518085972 snd_una=518085972 snd_nxt=518150128 rcv_nxt=1946715251 rwnd=65535 recv_used=0 right_edge=518151507 flight=64156 sample_rtt=NA srtt=0.043127 rttvar=0.016225 rto=2.000000 retransmitted=0 dupack=14
timestamp_ns=3871455497319 event=RECEIVE state=ESTABLISHED seq=1946715251 ack=518085972 snd_una=518085972 snd_nxt=518150128 rcv_nxt=1946715251 rwnd=65535 recv_used=0 right_edge=518151507 flight=64156 sample_rtt=NA srtt=0.043127 rttvar=0.016225 rto=2.000000 retransmitted=0 dupack=15
timestamp_ns=3871455498902 event=RECEIVE state=ESTABLISHED seq=1946715251 ack=518085972 snd_una=518085972 snd_nxt=518150128 rcv_nxt=1946715251 rwnd=65535 recv_used=0 right_edge=518151507 flight=64156 sample_rtt=NA srtt=0.043127 rttvar=0.016225 rto=2.000000 retransmitted=0 dupack=16
timestamp_ns=3871498394597 event=RECEIVE state=ESTABLISHED seq=1946715251 ack=518150128 snd_una=518085972 snd_nxt=518150128 rcv_nxt=1946715251 rwnd=65535 recv_used=0 right_edge=518151507 flight=64156 sample_rtt=NA srtt=0.043127 rttvar=0.016225 rto=2.000000 retransmitted=0 dupack=17
timestamp_ns=3871498424274 event=SEND state=ESTABLISHED seq=518150128 ack=1946715251 snd_una=518150128 snd_nxt=518150128 rcv_nxt=1946715251 rwnd=65535 recv_used=0 right_edge=518215663 flight=0 sample_rtt=NA srtt=0.043127 rttvar=0.016225 rto=2.000000 retransmitted=0 dupack=0
timestamp_ns=3871498445454 event=SEND state=ESTABLISHED seq=518151508 ack=1946715251 snd_una=518150128 snd_nxt=518151508 rcv_nxt=1946715251 rwnd=65535 recv_used=0 right_edge=518215663 flight=1380 sample_rtt=NA srtt=0.043127 rttvar=0.016225 rto=2.000000 retransmitted=0 dupack=0
timestamp_ns=3871498448069 event=SEND state=ESTABLISHED seq=518152888 ack=1946715251 snd_una=518150128 snd_nxt=518152888 rcv_nxt=1946715251 rwnd=65535 recv_used=0 right_edge=518215663 flight=2760 sample_rtt=NA srtt=0.043127 rttvar=0.016225 rto=2.000000 retransmitted=0 dupack=0
timestamp_ns=3871498450062 event=SEND state=ESTABLISHED seq=518154268 ack=1946715251 snd_una=518150128 snd_nxt=518154268 rcv_nxt=1946715251 rwnd=65535 recv_used=0 right_edge=518215663 flight=4140 sample_rtt=NA srtt=0.043127 rttvar=0.016225 rto=2.000000 retransmitted=0 dupack=0
timestamp_ns=3871498480129 event=SEND state=ESTABLISHED seq=518155648 ack=1946715251 snd_una=518150128 snd_nxt=518155648 rcv_nxt=1946715251 rwnd=65535 recv_used=0 right_edge=518215663 flight=5520 sample_rtt=NA srtt=0.043127 rttvar=0.016225 rto=2.000000 retransmitted=0 dupack=0
timestamp_ns=3871498483025 event=SEND state=ESTABLISHED seq=518157028 ack=1946715251 snd_una=518150128 snd_nxt=518157028 rcv_nxt=1946715251 rwnd=65535 recv_used=0 right_edge=518215663 flight=6900 sample_rtt=NA srtt=0.043127 rttvar=0.016225 rto=2.000000 retransmitted=0 dupack=0
timestamp_ns=3871498485780 event=SEND state=ESTABLISHED seq=518158408 ack=1946715251 snd_una=518150128 snd_nxt=518158408 rcv_nxt=1946715251 rwnd=65535 recv_used=0 right_edge=518215663 flight=8280 sample_rtt=NA srtt=0.043127 rttvar=0.016225 rto=2.000000 retransmitted=0 dupack=0
timestamp_ns=3871498488696 event=SEND state=ESTABLISHED seq=518159788 ack=1946715251 snd_una=518150128 snd_nxt=518159788 rcv_nxt=1946715251 rwnd=65535 recv_used=0 right_edge=518215663 flight=9660 sample_rtt=NA srtt=0.043127 rttvar=0.016225 rto=2.000000 retransmitted=0 dupack=0
timestamp_ns=3871498491190 event=SEND state=ESTABLISHED seq=518161168 ack=1946715251 snd_una=518150128 snd_nxt=518161168 rcv_nxt=1946715251 rwnd=65535 recv_used=0 right_edge=518215663 flight=11040 sample_rtt=NA srtt=0.043127 rttvar=0.016225 rto=2.000000 retransmitted=0 dupack=0
timestamp_ns=3871498495258 event=SEND state=ESTABLISHED seq=518162548 ack=1946715251 snd_una=518150128 snd_nxt=518162548 rcv_nxt=1946715251 rwnd=65535 recv_used=0 right_edge=518215663 flight=12420 sample_rtt=NA srtt=0.043127 rttvar=0.016225 rto=2.000000 retransmitted=0 dupack=0
timestamp_ns=3871498498043 event=SEND state=ESTABLISHED seq=518163928 ack=1946715251 snd_una=518150128 snd_nxt=518163928 rcv_nxt=1946715251 rwnd=65535 recv_used=0 right_edge=518215663 flight=13800 sample_rtt=NA srtt=0.043127 rttvar=0.016225 rto=2.000000 retransmitted=0 dupack=0
timestamp_ns=3871498500718 event=SEND state=ESTABLISHED seq=518165308 ack=1946715251 snd_una=518150128 snd_nxt=518165308 rcv_nxt=1946715251 rwnd=65535 recv_used=0 right_edge=518215663 flight=15180 sample_rtt=NA srtt=0.043127 rttvar=0.016225 rto=2.000000 retransmitted=0 dupack=0
timestamp_ns=3871498503574 event=SEND state=ESTABLISHED seq=518166688 ack=1946715251 snd_una=518150128 snd_nxt=518166688 rcv_nxt=1946715251 rwnd=65535 recv_used=0 right_edge=518215663 flight=16560 sample_rtt=NA srtt=0.043127 rttvar=0.016225 rto=2.000000 retransmitted=0 dupack=0
timestamp_ns=3871498506439 event=SEND state=ESTABLISHED seq=518168068 ack=1946715251 snd_una=518150128 snd_nxt=518168068 rcv_nxt=1946715251 rwnd=65535 recv_used=0 right_edge=518215663 flight=17940 sample_rtt=NA srtt=0.043127 rttvar=0.016225 rto=2.000000 retransmitted=0 dupack=0
timestamp_ns=3871498509265 event=SEND state=ESTABLISHED seq=518169448 ack=1946715251 snd_una=518150128 snd_nxt=518169448 rcv_nxt=1946715251 rwnd=65535 recv_used=0 right_edge=518215663 flight=19320 sample_rtt=NA srtt=0.043127 rttvar=0.016225 rto=2.000000 retransmitted=0 dupack=0
timestamp_ns=3871498512010 event=SEND state=ESTABLISHED seq=518170828 ack=1946715251 snd_una=518150128 snd_nxt=518170828 rcv_nxt=1946715251 rwnd=65535 recv_used=0 right_edge=518215663 flight=20700 sample_rtt=NA srtt=0.043127 rttvar=0.016225 rto=2.000000 retransmitted=0 dupack=0
timestamp_ns=3871498514495 event=SEND state=ESTABLISHED seq=518172208 ack=1946715251 snd_una=518150128 snd_nxt=518172208 rcv_nxt=1946715251 rwnd=65535 recv_used=0 right_edge=518215663 flight=22080 sample_rtt=NA srtt=0.043127 rttvar=0.016225 rto=2.000000 retransmitted=0 dupack=0
timestamp_ns=3871498517991 event=SEND state=ESTABLISHED seq=518173588 ack=1946715251 snd_una=518150128 snd_nxt=518173588 rcv_nxt=1946715251 rwnd=65535 recv_used=0 right_edge=518215663 flight=23460 sample_rtt=NA srtt=0.043127 rttvar=0.016225 rto=2.000000 retransmitted=0 dupack=0
timestamp_ns=3871498520847 event=SEND state=ESTABLISHED seq=518174968 ack=1946715251 snd_una=518150128 snd_nxt=518174968 rcv_nxt=1946715251 rwnd=65535 recv_used=0 right_edge=518215663 flight=24840 sample_rtt=NA srtt=0.043127 rttvar=0.016225 rto=2.000000 retransmitted=0 dupack=0
timestamp_ns=3871498554631 event=SEND state=ESTABLISHED seq=518176348 ack=1946715251 snd_una=518150128 snd_nxt=518176348 rcv_nxt=1946715251 rwnd=65535 recv_used=0 right_edge=518215663 flight=26220 sample_rtt=NA srtt=0.043127 rttvar=0.016225 rto=2.000000 retransmitted=0 dupack=0
timestamp_ns=3871498575160 event=SEND state=ESTABLISHED seq=518177728 ack=1946715251 snd_una=518150128 snd_nxt=518177728 rcv_nxt=1946715251 rwnd=65535 recv_used=0 right_edge=518215663 flight=27600 sample_rtt=NA srtt=0.043127 rttvar=0.016225 rto=2.000000 retransmitted=0 dupack=0
timestamp_ns=3871498578796 event=SEND state=ESTABLISHED seq=518179108 ack=1946715251 snd_una=518150128 snd_nxt=518179108 rcv_nxt=1946715251 rwnd=65535 recv_used=0 right_edge=518215663 flight=28980 sample_rtt=NA srtt=0.043127 rttvar=0.016225 rto=2.000000 retransmitted=0 dupack=0
timestamp_ns=3871498581311 event=SEND state=ESTABLISHED seq=518180488 ack=1946715251 snd_una=518150128 snd_nxt=518180488 rcv_nxt=1946715251 rwnd=65535 recv_used=0 right_edge=518215663 flight=30360 sample_rtt=NA srtt=0.043127 rttvar=0.016225 rto=2.000000 retransmitted=0 dupack=0
timestamp_ns=3871498583305 event=SEND state=ESTABLISHED seq=518181868 ack=1946715251 snd_una=518150128 snd_nxt=518181868 rcv_nxt=1946715251 rwnd=65535 recv_used=0 right_edge=518215663 flight=31740 sample_rtt=NA srtt=0.043127 rttvar=0.016225 rto=2.000000 retransmitted=0 dupack=0
timestamp_ns=3871498585349 event=SEND state=ESTABLISHED seq=518183248 ack=1946715251 snd_una=518150128 snd_nxt=518183248 rcv_nxt=1946715251 rwnd=65535 recv_used=0 right_edge=518215663 flight=33120 sample_rtt=NA srtt=0.043127 rttvar=0.016225 rto=2.000000 retransmitted=0 dupack=0
timestamp_ns=3871498587663 event=SEND state=ESTABLISHED seq=518184628 ack=1946715251 snd_una=518150128 snd_nxt=518184628 rcv_nxt=1946715251 rwnd=65535 recv_used=0 right_edge=518215663 flight=34500 sample_rtt=NA srtt=0.043127 rttvar=0.016225 rto=2.000000 retransmitted=0 dupack=0
timestamp_ns=3871498589507 event=SEND state=ESTABLISHED seq=518186008 ack=1946715251 snd_una=518150128 snd_nxt=518186008 rcv_nxt=1946715251 rwnd=65535 recv_used=0 right_edge=518215663 flight=35880 sample_rtt=NA srtt=0.043127 rttvar=0.016225 rto=2.000000 retransmitted=0 dupack=0
timestamp_ns=3871498591490 event=SEND state=ESTABLISHED seq=518187388 ack=1946715251 snd_una=518150128 snd_nxt=518187388 rcv_nxt=1946715251 rwnd=65535 recv_used=0 right_edge=518215663 flight=37260 sample_rtt=NA srtt=0.043127 rttvar=0.016225 rto=2.000000 retransmitted=0 dupack=0
timestamp_ns=3871498593905 event=SEND state=ESTABLISHED seq=518188768 ack=1946715251 snd_una=518150128 snd_nxt=518188768 rcv_nxt=1946715251 rwnd=65535 recv_used=0 right_edge=518215663 flight=38640 sample_rtt=NA srtt=0.043127 rttvar=0.016225 rto=2.000000 retransmitted=0 dupack=0
timestamp_ns=3871498595718 event=SEND state=ESTABLISHED seq=518190148 ack=1946715251 snd_una=518150128 snd_nxt=518190148 rcv_nxt=1946715251 rwnd=65535 recv_used=0 right_edge=518215663 flight=40020 sample_rtt=NA srtt=0.043127 rttvar=0.016225 rto=2.000000 retransmitted=0 dupack=0
timestamp_ns=3871498597642 event=SEND state=ESTABLISHED seq=518191528 ack=1946715251 snd_una=518150128 snd_nxt=518191528 rcv_nxt=1946715251 rwnd=65535 recv_used=0 right_edge=518215663 flight=41400 sample_rtt=NA srtt=0.043127 rttvar=0.016225 rto=2.000000 retransmitted=0 dupack=0
timestamp_ns=3871498599436 event=SEND state=ESTABLISHED seq=518192908 ack=1946715251 snd_una=518150128 snd_nxt=518192908 rcv_nxt=1946715251 rwnd=65535 recv_used=0 right_edge=518215663 flight=42780 sample_rtt=NA srtt=0.043127 rttvar=0.016225 rto=2.000000 retransmitted=0 dupack=0
timestamp_ns=3871498601249 event=SEND state=ESTABLISHED seq=518194288 ack=1946715251 snd_una=518150128 snd_nxt=518194288 rcv_nxt=1946715251 rwnd=65535 recv_used=0 right_edge=518215663 flight=44160 sample_rtt=NA srtt=0.043127 rttvar=0.016225 rto=2.000000 retransmitted=0 dupack=0
timestamp_ns=3871498619514 event=SEND state=ESTABLISHED seq=518195668 ack=1946715251 snd_una=518150128 snd_nxt=518195668 rcv_nxt=1946715251 rwnd=65535 recv_used=0 right_edge=518215663 flight=45540 sample_rtt=NA srtt=0.043127 rttvar=0.016225 rto=2.000000 retransmitted=0 dupack=0
timestamp_ns=3871498621367 event=SEND state=ESTABLISHED seq=518197048 ack=1946715251 snd_una=518150128 snd_nxt=518197048 rcv_nxt=1946715251 rwnd=65535 recv_used=0 right_edge=518215663 flight=46920 sample_rtt=NA srtt=0.043127 rttvar=0.016225 rto=2.000000 retransmitted=0 dupack=0
timestamp_ns=3871498623752 event=SEND state=ESTABLISHED seq=518198428 ack=1946715251 snd_una=518150128 snd_nxt=518198428 rcv_nxt=1946715251 rwnd=65535 recv_used=0 right_edge=518215663 flight=48300 sample_rtt=NA srtt=0.043127 rttvar=0.016225 rto=2.000000 retransmitted=0 dupack=0
timestamp_ns=3871498625876 event=SEND state=ESTABLISHED seq=518199808 ack=1946715251 snd_una=518150128 snd_nxt=518199808 rcv_nxt=1946715251 rwnd=65535 recv_used=0 right_edge=518215663 flight=49680 sample_rtt=NA srtt=0.043127 rttvar=0.016225 rto=2.000000 retransmitted=0 dupack=0
timestamp_ns=3871498628160 event=SEND state=ESTABLISHED seq=518201188 ack=1946715251 snd_una=518150128 snd_nxt=518201188 rcv_nxt=1946715251 rwnd=65535 recv_used=0 right_edge=518215663 flight=51060 sample_rtt=NA srtt=0.043127 rttvar=0.016225 rto=2.000000 retransmitted=0 dupack=0
timestamp_ns=3871498630645 event=SEND state=ESTABLISHED seq=518202568 ack=1946715251 snd_una=518150128 snd_nxt=518202568 rcv_nxt=1946715251 rwnd=65535 recv_used=0 right_edge=518215663 flight=52440 sample_rtt=NA srtt=0.043127 rttvar=0.016225 rto=2.000000 retransmitted=0 dupack=0
timestamp_ns=3871498632318 event=SEND state=ESTABLISHED seq=518203948 ack=1946715251 snd_una=518150128 snd_nxt=518203948 rcv_nxt=1946715251 rwnd=65535 recv_used=0 right_edge=518215663 flight=53820 sample_rtt=NA srtt=0.043127 rttvar=0.016225 rto=2.000000 retransmitted=0 dupack=0
timestamp_ns=3871498634422 event=SEND state=ESTABLISHED seq=518205328 ack=1946715251 snd_una=518150128 snd_nxt=518205328 rcv_nxt=1946715251 rwnd=65535 recv_used=0 right_edge=518215663 flight=55200 sample_rtt=NA srtt=0.043127 rttvar=0.016225 rto=2.000000 retransmitted=0 dupack=0
timestamp_ns=3871498636265 event=SEND state=ESTABLISHED seq=518206708 ack=1946715251 snd_una=518150128 snd_nxt=518206708 rcv_nxt=1946715251 rwnd=65535 recv_used=0 right_edge=518215663 flight=56580 sample_rtt=NA srtt=0.043127 rttvar=0.016225 rto=2.000000 retransmitted=0 dupack=0
timestamp_ns=3871498638199 event=SEND state=ESTABLISHED seq=518208088 ack=1946715251 snd_una=518150128 snd_nxt=518208088 rcv_nxt=1946715251 rwnd=65535 recv_used=0 right_edge=518215663 flight=57960 sample_rtt=NA srtt=0.043127 rttvar=0.016225 rto=2.000000 retransmitted=0 dupack=0
timestamp_ns=3871498639962 event=SEND state=ESTABLISHED seq=518209468 ack=1946715251 snd_una=518150128 snd_nxt=518209468 rcv_nxt=1946715251 rwnd=65535 recv_used=0 right_edge=518215663 flight=59340 sample_rtt=NA srtt=0.043127 rttvar=0.016225 rto=2.000000 retransmitted=0 dupack=0
timestamp_ns=3871498642136 event=SEND state=ESTABLISHED seq=518210848 ack=1946715251 snd_una=518150128 snd_nxt=518210848 rcv_nxt=1946715251 rwnd=65535 recv_used=0 right_edge=518215663 flight=60720 sample_rtt=NA srtt=0.043127 rttvar=0.016225 rto=2.000000 retransmitted=0 dupack=0
timestamp_ns=3871498643980 event=SEND state=ESTABLISHED seq=518212228 ack=1946715251 snd_una=518150128 snd_nxt=518212228 rcv_nxt=1946715251 rwnd=65535 recv_used=0 right_edge=518215663 flight=62100 sample_rtt=NA srtt=0.043127 rttvar=0.016225 rto=2.000000 retransmitted=0 dupack=0
timestamp_ns=3871498646234 event=SEND state=ESTABLISHED seq=518213608 ack=1946715251 snd_una=518150128 snd_nxt=518213608 rcv_nxt=1946715251 rwnd=65535 recv_used=0 right_edge=518215663 flight=63480 sample_rtt=NA srtt=0.043127 rttvar=0.016225 rto=2.000000 retransmitted=0 dupack=0
timestamp_ns=3871498647968 event=ACK_ADVANCE state=ESTABLISHED seq=518214988 ack=518150128 snd_una=518150128 snd_nxt=518214988 rcv_nxt=1946715251 rwnd=65535 recv_used=0 right_edge=518215663 flight=64860 sample_rtt=NA srtt=0.043127 rttvar=0.016225 rto=2.000000 retransmitted=0 dupack=0
timestamp_ns=3871541682647 event=RECEIVE state=ESTABLISHED seq=1946715251 ack=518151508 snd_una=518150128 snd_nxt=518214988 rcv_nxt=1946715251 rwnd=65535 recv_used=0 right_edge=518215663 flight=64860 sample_rtt=NA srtt=0.043127 rttvar=0.016225 rto=2.000000 retransmitted=0 dupack=0
timestamp_ns=3871541705330 event=SEND state=ESTABLISHED seq=518214988 ack=1946715251 snd_una=518151508 snd_nxt=518214988 rcv_nxt=1946715251 rwnd=65535 recv_used=0 right_edge=518217043 flight=63480 sample_rtt=0.043243 srtt=0.043142 rttvar=0.012198 rto=1.000000 retransmitted=0 dupack=0
timestamp_ns=3871541721841 event=ACK_ADVANCE state=ESTABLISHED seq=518215664 ack=518151508 snd_una=518151508 snd_nxt=518215664 rcv_nxt=1946715251 rwnd=65535 recv_used=0 right_edge=518217043 flight=64156 sample_rtt=0.043243 srtt=0.043142 rttvar=0.012198 rto=1.000000 retransmitted=0 dupack=0
timestamp_ns=3871541729776 event=RECEIVE state=ESTABLISHED seq=1946715251 ack=518152888 snd_una=518151508 snd_nxt=518215664 rcv_nxt=1946715251 rwnd=65535 recv_used=0 right_edge=518217043 flight=64156 sample_rtt=NA srtt=0.043142 rttvar=0.012198 rto=1.000000 retransmitted=0 dupack=0
timestamp_ns=3871541742139 event=SEND state=ESTABLISHED seq=518215664 ack=1946715251 snd_una=518152888 snd_nxt=518215664 rcv_nxt=1946715251 rwnd=65535 recv_used=0 right_edge=518218423 flight=62776 sample_rtt=0.043283 srtt=0.043159 rttvar=0.009184 rto=1.000000 retransmitted=0 dupack=0
timestamp_ns=3871541745356 event=ACK_ADVANCE state=ESTABLISHED seq=518217044 ack=518152888 snd_una=518152888 snd_nxt=518217044 rcv_nxt=1946715251 rwnd=65535 recv_used=0 right_edge=518218423 flight=64156 sample_rtt=0.043283 srtt=0.043159 rttvar=0.009184 rto=1.000000 retransmitted=0 dupack=0
timestamp_ns=3871541750746 event=RECEIVE state=ESTABLISHED seq=1946715251 ack=518154268 snd_una=518152888 snd_nxt=518217044 rcv_nxt=1946715251 rwnd=65535 recv_used=0 right_edge=518218423 flight=64156 sample_rtt=NA srtt=0.043159 rttvar=0.009184 rto=1.000000 retransmitted=0 dupack=0
timestamp_ns=3871541755475 event=SEND state=ESTABLISHED seq=518217044 ack=1946715251 snd_una=518154268 snd_nxt=518217044 rcv_nxt=1946715251 rwnd=65535 recv_used=0 right_edge=518219803 flight=62776 sample_rtt=0.043302 srtt=0.043177 rttvar=0.006923 rto=1.000000 retransmitted=0 dupack=0
timestamp_ns=3871541758200 event=ACK_ADVANCE state=ESTABLISHED seq=518218424 ack=518154268 snd_una=518154268 snd_nxt=518218424 rcv_nxt=1946715251 rwnd=65535 recv_used=0 right_edge=518219803 flight=64156 sample_rtt=0.043302 srtt=0.043177 rttvar=0.006923 rto=1.000000 retransmitted=0 dupack=0
timestamp_ns=3871541763129 event=RECEIVE state=ESTABLISHED seq=1946715251 ack=518155648 snd_una=518154268 snd_nxt=518218424 rcv_nxt=1946715251 rwnd=65535 recv_used=0 right_edge=518219803 flight=64156 sample_rtt=NA srtt=0.043177 rttvar=0.006923 rto=1.000000 retransmitted=0 dupack=0
timestamp_ns=3871541767898 event=SEND state=ESTABLISHED seq=518218424 ack=1946715251 snd_una=518155648 snd_nxt=518218424 rcv_nxt=1946715251 rwnd=65535 recv_used=0 right_edge=518221183 flight=62776 sample_rtt=0.043284 srtt=0.043190 rttvar=0.005219 rto=1.000000 retransmitted=0 dupack=0
timestamp_ns=3871541770473 event=ACK_ADVANCE state=ESTABLISHED seq=518219804 ack=518155648 snd_una=518155648 snd_nxt=518219804 rcv_nxt=1946715251 rwnd=65535 recv_used=0 right_edge=518221183 flight=64156 sample_rtt=0.043284 srtt=0.043190 rttvar=0.005219 rto=1.000000 retransmitted=0 dupack=0
timestamp_ns=3871541775332 event=RECEIVE state=ESTABLISHED seq=1946715251 ack=518157028 snd_una=518155648 snd_nxt=518219804 rcv_nxt=1946715251 rwnd=65535 recv_used=0 right_edge=518221183 flight=64156 sample_rtt=NA srtt=0.043190 rttvar=0.005219 rto=1.000000 retransmitted=0 dupack=0
timestamp_ns=3871541779741 event=SEND state=ESTABLISHED seq=518219804 ack=1946715251 snd_una=518157028 snd_nxt=518219804 rcv_nxt=1946715251 rwnd=65535 recv_used=0 right_edge=518222563 flight=62776 sample_rtt=0.043294 srtt=0.043203 rttvar=0.003940 rto=1.000000 retransmitted=0 dupack=0
timestamp_ns=3871541796262 event=ACK_ADVANCE state=ESTABLISHED seq=518221184 ack=518157028 snd_una=518157028 snd_nxt=518221184 rcv_nxt=1946715251 rwnd=65535 recv_used=0 right_edge=518222563 flight=64156 sample_rtt=0.043294 srtt=0.043203 rttvar=0.003940 rto=1.000000 retransmitted=0 dupack=0
timestamp_ns=3871541801472 event=RECEIVE state=ESTABLISHED seq=1946715251 ack=518158408 snd_una=518157028 snd_nxt=518221184 rcv_nxt=1946715251 rwnd=65535 recv_used=0 right_edge=518222563 flight=64156 sample_rtt=NA srtt=0.043203 rttvar=0.003940 rto=1.000000 retransmitted=0 dupack=0
timestamp_ns=3871541806171 event=SEND state=ESTABLISHED seq=518221184 ack=1946715251 snd_una=518158408 snd_nxt=518221184 rcv_nxt=1946715251 rwnd=65535 recv_used=0 right_edge=518223943 flight=62776 sample_rtt=0.043317 srtt=0.043218 rttvar=0.002984 rto=1.000000 retransmitted=0 dupack=0
timestamp_ns=3871541808666 event=ACK_ADVANCE state=ESTABLISHED seq=518222564 ack=518158408 snd_una=518158408 snd_nxt=518222564 rcv_nxt=1946715251 rwnd=65535 recv_used=0 right_edge=518223943 flight=64156 sample_rtt=0.043317 srtt=0.043218 rttvar=0.002984 rto=1.000000 retransmitted=0 dupack=0
timestamp_ns=3871541813605 event=RECEIVE state=ESTABLISHED seq=1946715251 ack=518159788 snd_una=518158408 snd_nxt=518222564 rcv_nxt=1946715251 rwnd=65535 recv_used=0 right_edge=518223943 flight=64156 sample_rtt=NA srtt=0.043218 rttvar=0.002984 rto=1.000000 retransmitted=0 dupack=0
timestamp_ns=3871541818294 event=SEND state=ESTABLISHED seq=518222564 ack=1946715251 snd_una=518159788 snd_nxt=518222564 rcv_nxt=1946715251 rwnd=65535 recv_used=0 right_edge=518225323 flight=62776 sample_rtt=0.043326 srtt=0.043231 rttvar=0.002265 rto=1.000000 retransmitted=0 dupack=0
timestamp_ns=3871541820668 event=ACK_ADVANCE state=ESTABLISHED seq=518223944 ack=518159788 snd_una=518159788 snd_nxt=518223944 rcv_nxt=1946715251 rwnd=65535 recv_used=0 right_edge=518225323 flight=64156 sample_rtt=0.043326 srtt=0.043231 rttvar=0.002265 rto=1.000000 retransmitted=0 dupack=0
timestamp_ns=3871541824976 event=RECEIVE state=ESTABLISHED seq=1946715251 ack=518161168 snd_una=518159788 snd_nxt=518223944 rcv_nxt=1946715251 rwnd=65535 recv_used=0 right_edge=518225323 flight=64156 sample_rtt=NA srtt=0.043231 rttvar=0.002265 rto=1.000000 retransmitted=0 dupack=0
timestamp_ns=3871541829425 event=SEND state=ESTABLISHED seq=518223944 ack=1946715251 snd_una=518161168 snd_nxt=518223944 rcv_nxt=1946715251 rwnd=65535 recv_used=0 right_edge=518226703 flight=62776 sample_rtt=0.043335 srtt=0.043244 rttvar=0.001725 rto=1.000000 retransmitted=0 dupack=0
timestamp_ns=3871541831839 event=ACK_ADVANCE state=ESTABLISHED seq=518225324 ack=518161168 snd_una=518161168 snd_nxt=518225324 rcv_nxt=1946715251 rwnd=65535 recv_used=0 right_edge=518226703 flight=64156 sample_rtt=0.043335 srtt=0.043244 rttvar=0.001725 rto=1.000000 retransmitted=0 dupack=0
timestamp_ns=3871541836699 event=RECEIVE state=ESTABLISHED seq=1946715251 ack=518162548 snd_una=518161168 snd_nxt=518225324 rcv_nxt=1946715251 rwnd=65535 recv_used=0 right_edge=518226703 flight=64156 sample_rtt=NA srtt=0.043244 rttvar=0.001725 rto=1.000000 retransmitted=0 dupack=0
timestamp_ns=3871541841337 event=SEND state=ESTABLISHED seq=518225324 ack=1946715251 snd_una=518162548 snd_nxt=518225324 rcv_nxt=1946715251 rwnd=65535 recv_used=0 right_edge=518228083 flight=62776 sample_rtt=0.043343 srtt=0.043256 rttvar=0.001318 rto=1.000000 retransmitted=0 dupack=0
timestamp_ns=3871541843772 event=ACK_ADVANCE state=ESTABLISHED seq=518226704 ack=518162548 snd_una=518162548 snd_nxt=518226704 rcv_nxt=1946715251 rwnd=65535 recv_used=0 right_edge=518228083 flight=64156 sample_rtt=0.043343 srtt=0.043256 rttvar=0.001318 rto=1.000000 retransmitted=0 dupack=0
timestamp_ns=3871541848591 event=RECEIVE state=ESTABLISHED seq=1946715251 ack=518163928 snd_una=518162548 snd_nxt=518226704 rcv_nxt=1946715251 rwnd=65535 recv_used=0 right_edge=518228083 flight=64156 sample_rtt=NA srtt=0.043256 rttvar=0.001318 rto=1.000000 retransmitted=0 dupack=0
timestamp_ns=3871541853180 event=SEND state=ESTABLISHED seq=518226704 ack=1946715251 snd_una=518163928 snd_nxt=518226704 rcv_nxt=1946715251 rwnd=65535 recv_used=0 right_edge=518229463 flight=62776 sample_rtt=0.043352 srtt=0.043268 rttvar=0.001012 rto=1.000000 retransmitted=0 dupack=0
timestamp_ns=3871541861766 event=ACK_ADVANCE state=ESTABLISHED seq=518228084 ack=518163928 snd_una=518163928 snd_nxt=518228084 rcv_nxt=1946715251 rwnd=65535 recv_used=0 right_edge=518229463 flight=64156 sample_rtt=0.043352 srtt=0.043268 rttvar=0.001012 rto=1.000000 retransmitted=0 dupack=0
timestamp_ns=3871541866675 event=RECEIVE state=ESTABLISHED seq=1946715251 ack=518165308 snd_una=518163928 snd_nxt=518228084 rcv_nxt=1946715251 rwnd=65535 recv_used=0 right_edge=518229463 flight=64156 sample_rtt=NA srtt=0.043268 rttvar=0.001012 rto=1.000000 retransmitted=0 dupack=0
timestamp_ns=3871541871354 event=SEND state=ESTABLISHED seq=518228084 ack=1946715251 snd_una=518165308 snd_nxt=518228084 rcv_nxt=1946715251 rwnd=65535 recv_used=0 right_edge=518230843 flight=62776 sample_rtt=0.043367 srtt=0.043281 rttvar=0.000784 rto=1.000000 retransmitted=0 dupack=0
timestamp_ns=3871541874029 event=ACK_ADVANCE state=ESTABLISHED seq=518229464 ack=518165308 snd_una=518165308 snd_nxt=518229464 rcv_nxt=1946715251 rwnd=65535 recv_used=0 right_edge=518230843 flight=64156 sample_rtt=0.043367 srtt=0.043281 rttvar=0.000784 rto=1.000000 retransmitted=0 dupack=0
timestamp_ns=3871541878839 event=RECEIVE state=ESTABLISHED seq=1946715251 ack=518166688 snd_una=518165308 snd_nxt=518229464 rcv_nxt=1946715251 rwnd=65535 recv_used=0 right_edge=518230843 flight=64156 sample_rtt=NA srtt=0.043281 rttvar=0.000784 rto=1.000000 retransmitted=0 dupack=0
timestamp_ns=3871541883397 event=SEND state=ESTABLISHED seq=518229464 ack=1946715251 snd_una=518166688 snd_nxt=518229464 rcv_nxt=1946715251 rwnd=65535 recv_used=0 right_edge=518232223 flight=62776 sample_rtt=0.043377 srtt=0.043293 rttvar=0.000612 rto=1.000000 retransmitted=0 dupack=0
timestamp_ns=3871541885902 event=ACK_ADVANCE state=ESTABLISHED seq=518230844 ack=518166688 snd_una=518166688 snd_nxt=518230844 rcv_nxt=1946715251 rwnd=65535 recv_used=0 right_edge=518232223 flight=64156 sample_rtt=0.043377 srtt=0.043293 rttvar=0.000612 rto=1.000000 retransmitted=0 dupack=0
timestamp_ns=3871541890671 event=RECEIVE state=ESTABLISHED seq=1946715251 ack=518168068 snd_una=518166688 snd_nxt=518230844 rcv_nxt=1946715251 rwnd=65535 recv_used=0 right_edge=518232223 flight=64156 sample_rtt=NA srtt=0.043293 rttvar=0.000612 rto=1.000000 retransmitted=0 dupack=0
timestamp_ns=3871541895620 event=SEND state=ESTABLISHED seq=518230844 ack=1946715251 snd_una=518168068 snd_nxt=518230844 rcv_nxt=1946715251 rwnd=65535 recv_used=0 right_edge=518233603 flight=62776 sample_rtt=0.043386 srtt=0.043304 rttvar=0.000482 rto=1.000000 retransmitted=0 dupack=0
timestamp_ns=3871541898035 event=ACK_ADVANCE state=ESTABLISHED seq=518232224 ack=518168068 snd_una=518168068 snd_nxt=518232224 rcv_nxt=1946715251 rwnd=65535 recv_used=0 right_edge=518233603 flight=64156 sample_rtt=0.043386 srtt=0.043304 rttvar=0.000482 rto=1.000000 retransmitted=0 dupack=0
timestamp_ns=3871541902794 event=RECEIVE state=ESTABLISHED seq=1946715251 ack=518169448 snd_una=518168068 snd_nxt=518232224 rcv_nxt=1946715251 rwnd=65535 recv_used=0 right_edge=518233603 flight=64156 sample_rtt=NA srtt=0.043304 rttvar=0.000482 rto=1.000000 retransmitted=0 dupack=0
timestamp_ns=3871541907463 event=SEND state=ESTABLISHED seq=518232224 ack=1946715251 snd_una=518169448 snd_nxt=518232224 rcv_nxt=1946715251 rwnd=65535 recv_used=0 right_edge=518234983 flight=62776 sample_rtt=0.043395 srtt=0.043316 rttvar=0.000384 rto=1.000000 retransmitted=0 dupack=0
timestamp_ns=3871541910028 event=ACK_ADVANCE state=ESTABLISHED seq=518233604 ack=518169448 snd_una=518169448 snd_nxt=518233604 rcv_nxt=1946715251 rwnd=65535 recv_used=0 right_edge=518234983 flight=64156 sample_rtt=0.043395 srtt=0.043316 rttvar=0.000384 rto=1.000000 retransmitted=0 dupack=0
timestamp_ns=3871541914877 event=RECEIVE state=ESTABLISHED seq=1946715251 ack=518170828 snd_una=518169448 snd_nxt=518233604 rcv_nxt=1946715251 rwnd=65535 recv_used=0 right_edge=518234983 flight=64156 sample_rtt=NA srtt=0.043316 rttvar=0.000384 rto=1.000000 retransmitted=0 dupack=0
timestamp_ns=3871541921700 event=SEND state=ESTABLISHED seq=518233604 ack=1946715251 snd_una=518170828 snd_nxt=518233604 rcv_nxt=1946715251 rwnd=65535 recv_used=0 right_edge=518236363 flight=62776 sample_rtt=0.043407 srtt=0.043327 rttvar=0.000311 rto=1.000000 retransmitted=0 dupack=0
timestamp_ns=3871541924124 event=ACK_ADVANCE state=ESTABLISHED seq=518234984 ack=518170828 snd_una=518170828 snd_nxt=518234984 rcv_nxt=1946715251 rwnd=65535 recv_used=0 right_edge=518236363 flight=64156 sample_rtt=0.043407 srtt=0.043327 rttvar=0.000311 rto=1.000000 retransmitted=0 dupack=0
timestamp_ns=3871541929024 event=RECEIVE state=ESTABLISHED seq=1946715251 ack=518172208 snd_una=518170828 snd_nxt=518234984 rcv_nxt=1946715251 rwnd=65535 recv_used=0 right_edge=518236363 flight=64156 sample_rtt=NA srtt=0.043327 rttvar=0.000311 rto=1.000000 retransmitted=0 dupack=0
timestamp_ns=3871541933783 event=SEND state=ESTABLISHED seq=518234984 ack=1946715251 snd_una=518172208 snd_nxt=518234984 rcv_nxt=1946715251 rwnd=65535 recv_used=0 right_edge=518237743 flight=62776 sample_rtt=0.043416 srtt=0.043338 rttvar=0.000255 rto=1.000000 retransmitted=0 dupack=0
timestamp_ns=3871541935937 event=ACK_ADVANCE state=ESTABLISHED seq=518236364 ack=518172208 snd_una=518172208 snd_nxt=518236364 rcv_nxt=1946715251 rwnd=65535 recv_used=0 right_edge=518237743 flight=64156 sample_rtt=0.043416 srtt=0.043338 rttvar=0.000255 rto=1.000000 retransmitted=0 dupack=0
timestamp_ns=3871541940796 event=RECEIVE state=ESTABLISHED seq=1946715251 ack=518173588 snd_una=518172208 snd_nxt=518236364 rcv_nxt=1946715251 rwnd=65535 recv_used=0 right_edge=518237743 flight=64156 sample_rtt=NA srtt=0.043338 rttvar=0.000255 rto=1.000000 retransmitted=0 dupack=0
timestamp_ns=3871541945214 event=SEND state=ESTABLISHED seq=518236364 ack=1946715251 snd_una=518173588 snd_nxt=518236364 rcv_nxt=1946715251 rwnd=65535 recv_used=0 right_edge=518239123 flight=62776 sample_rtt=0.043424 srtt=0.043349 rttvar=0.000213 rto=1.000000 retransmitted=0 dupack=0
timestamp_ns=3871541946958 event=ACK_ADVANCE state=ESTABLISHED seq=518237744 ack=518173588 snd_una=518173588 snd_nxt=518237744 rcv_nxt=1946715251 rwnd=65535 recv_used=0 right_edge=518239123 flight=64156 sample_rtt=0.043424 srtt=0.043349 rttvar=0.000213 rto=1.000000 retransmitted=0 dupack=0
timestamp_ns=3871541950975 event=RECEIVE state=ESTABLISHED seq=1946715251 ack=518174968 snd_una=518173588 snd_nxt=518237744 rcv_nxt=1946715251 rwnd=65535 recv_used=0 right_edge=518239123 flight=64156 sample_rtt=NA srtt=0.043349 rttvar=0.000213 rto=1.000000 retransmitted=0 dupack=0
timestamp_ns=3871541955634 event=SEND state=ESTABLISHED seq=518237744 ack=1946715251 snd_una=518174968 snd_nxt=518237744 rcv_nxt=1946715251 rwnd=65535 recv_used=0 right_edge=518240503 flight=62776 sample_rtt=0.043432 srtt=0.043359 rttvar=0.000180 rto=1.000000 retransmitted=0 dupack=0
timestamp_ns=3871541957888 event=ACK_ADVANCE state=ESTABLISHED seq=518239124 ack=518174968 snd_una=518174968 snd_nxt=518239124 rcv_nxt=1946715251 rwnd=65535 recv_used=0 right_edge=518240503 flight=64156 sample_rtt=0.043432 srtt=0.043359 rttvar=0.000180 rto=1.000000 retransmitted=0 dupack=0
timestamp_ns=3871541962687 event=RECEIVE state=ESTABLISHED seq=1946715251 ack=518174968 snd_una=518174968 snd_nxt=518239124 rcv_nxt=1946715251 rwnd=65535 recv_used=0 right_edge=518240503 flight=64156 sample_rtt=NA srtt=0.043359 rttvar=0.000180 rto=1.000000 retransmitted=0 dupack=0
timestamp_ns=3871541964391 event=RECEIVE state=ESTABLISHED seq=1946715251 ack=518174968 snd_una=518174968 snd_nxt=518239124 rcv_nxt=1946715251 rwnd=65535 recv_used=0 right_edge=518240503 flight=64156 sample_rtt=NA srtt=0.043359 rttvar=0.000180 rto=1.000000 retransmitted=0 dupack=1
timestamp_ns=3871541966014 event=RECEIVE state=ESTABLISHED seq=1946715251 ack=518174968 snd_una=518174968 snd_nxt=518239124 rcv_nxt=1946715251 rwnd=65535 recv_used=0 right_edge=518240503 flight=64156 sample_rtt=NA srtt=0.043359 rttvar=0.000180 rto=1.000000 retransmitted=0 dupack=2
timestamp_ns=3871541969350 event=RETRANSMIT state=ESTABLISHED seq=518174968 ack=1946715251 snd_una=518174968 snd_nxt=518239124 rcv_nxt=1946715251 rwnd=65535 recv_used=0 right_edge=518240503 flight=64156 sample_rtt=NA srtt=0.043359 rttvar=0.000180 rto=1.000000 retransmitted=1 dupack=3
timestamp_ns=3871541974039 event=FAST_RETRANSMIT state=ESTABLISHED seq=518174968 ack=518174968 snd_una=518174968 snd_nxt=518239124 rcv_nxt=1946715251 rwnd=65535 recv_used=0 right_edge=518240503 flight=64156 sample_rtt=NA srtt=0.043359 rttvar=0.000180 rto=1.000000 retransmitted=1 dupack=3
timestamp_ns=3871541977415 event=RECEIVE state=ESTABLISHED seq=1946715251 ack=518174968 snd_una=518174968 snd_nxt=518239124 rcv_nxt=1946715251 rwnd=65535 recv_used=0 right_edge=518240503 flight=64156 sample_rtt=NA srtt=0.043359 rttvar=0.000180 rto=1.000000 retransmitted=0 dupack=3
timestamp_ns=3871541978537 event=RECEIVE state=ESTABLISHED seq=1946715251 ack=518174968 snd_una=518174968 snd_nxt=518239124 rcv_nxt=1946715251 rwnd=65535 recv_used=0 right_edge=518240503 flight=64156 sample_rtt=NA srtt=0.043359 rttvar=0.000180 rto=1.000000 retransmitted=0 dupack=4
timestamp_ns=3871541979569 event=RECEIVE state=ESTABLISHED seq=1946715251 ack=518174968 snd_una=518174968 snd_nxt=518239124 rcv_nxt=1946715251 rwnd=65535 recv_used=0 right_edge=518240503 flight=64156 sample_rtt=NA srtt=0.043359 rttvar=0.000180 rto=1.000000 retransmitted=0 dupack=5
timestamp_ns=3871541980551 event=RECEIVE state=ESTABLISHED seq=1946715251 ack=518174968 snd_una=518174968 snd_nxt=518239124 rcv_nxt=1946715251 rwnd=65535 recv_used=0 right_edge=518240503 flight=64156 sample_rtt=NA srtt=0.043359 rttvar=0.000180 rto=1.000000 retransmitted=0 dupack=6
timestamp_ns=3871541981563 event=RECEIVE state=ESTABLISHED seq=1946715251 ack=518174968 snd_una=518174968 snd_nxt=518239124 rcv_nxt=1946715251 rwnd=65535 recv_used=0 right_edge=518240503 flight=64156 sample_rtt=NA srtt=0.043359 rttvar=0.000180 rto=1.000000 retransmitted=0 dupack=7
timestamp_ns=3871541982605 event=RECEIVE state=ESTABLISHED seq=1946715251 ack=518174968 snd_una=518174968 snd_nxt=518239124 rcv_nxt=1946715251 rwnd=65535 recv_used=0 right_edge=518240503 flight=64156 sample_rtt=NA srtt=0.043359 rttvar=0.000180 rto=1.000000 retransmitted=0 dupack=8
timestamp_ns=3871541983567 event=RECEIVE state=ESTABLISHED seq=1946715251 ack=518174968 snd_una=518174968 snd_nxt=518239124 rcv_nxt=1946715251 rwnd=65535 recv_used=0 right_edge=518240503 flight=64156 sample_rtt=NA srtt=0.043359 rttvar=0.000180 rto=1.000000 retransmitted=0 dupack=9
timestamp_ns=3871541984529 event=RECEIVE state=ESTABLISHED seq=1946715251 ack=518174968 snd_una=518174968 snd_nxt=518239124 rcv_nxt=1946715251 rwnd=65535 recv_used=0 right_edge=518240503 flight=64156 sample_rtt=NA srtt=0.043359 rttvar=0.000180 rto=1.000000 retransmitted=0 dupack=10
timestamp_ns=3871541986162 event=RECEIVE state=ESTABLISHED seq=1946715251 ack=518174968 snd_una=518174968 snd_nxt=518239124 rcv_nxt=1946715251 rwnd=65535 recv_used=0 right_edge=518240503 flight=64156 sample_rtt=NA srtt=0.043359 rttvar=0.000180 rto=1.000000 retransmitted=0 dupack=11
timestamp_ns=3871541987765 event=RECEIVE state=ESTABLISHED seq=1946715251 ack=518174968 snd_una=518174968 snd_nxt=518239124 rcv_nxt=1946715251 rwnd=65535 recv_used=0 right_edge=518240503 flight=64156 sample_rtt=NA srtt=0.043359 rttvar=0.000180 rto=1.000000 retransmitted=0 dupack=12
timestamp_ns=3871541989258 event=RECEIVE state=ESTABLISHED seq=1946715251 ack=518174968 snd_una=518174968 snd_nxt=518239124 rcv_nxt=1946715251 rwnd=65535 recv_used=0 right_edge=518240503 flight=64156 sample_rtt=NA srtt=0.043359 rttvar=0.000180 rto=1.000000 retransmitted=0 dupack=13
timestamp_ns=3871541990670 event=RECEIVE state=ESTABLISHED seq=1946715251 ack=518174968 snd_una=518174968 snd_nxt=518239124 rcv_nxt=1946715251 rwnd=65535 recv_used=0 right_edge=518240503 flight=64156 sample_rtt=NA srtt=0.043359 rttvar=0.000180 rto=1.000000 retransmitted=0 dupack=14
timestamp_ns=3871541992083 event=RECEIVE state=ESTABLISHED seq=1946715251 ack=518174968 snd_una=518174968 snd_nxt=518239124 rcv_nxt=1946715251 rwnd=65535 recv_used=0 right_edge=518240503 flight=64156 sample_rtt=NA srtt=0.043359 rttvar=0.000180 rto=1.000000 retransmitted=0 dupack=15
timestamp_ns=3871541995760 event=RECEIVE state=ESTABLISHED seq=1946715251 ack=518174968 snd_una=518174968 snd_nxt=518239124 rcv_nxt=1946715251 rwnd=65535 recv_used=0 right_edge=518240503 flight=64156 sample_rtt=NA srtt=0.043359 rttvar=0.000180 rto=1.000000 retransmitted=0 dupack=16
timestamp_ns=3871541997373 event=RECEIVE state=ESTABLISHED seq=1946715251 ack=518174968 snd_una=518174968 snd_nxt=518239124 rcv_nxt=1946715251 rwnd=65535 recv_used=0 right_edge=518240503 flight=64156 sample_rtt=NA srtt=0.043359 rttvar=0.000180 rto=1.000000 retransmitted=0 dupack=17
timestamp_ns=3871541998826 event=RECEIVE state=ESTABLISHED seq=1946715251 ack=518174968 snd_una=518174968 snd_nxt=518239124 rcv_nxt=1946715251 rwnd=65535 recv_used=0 right_edge=518240503 flight=64156 sample_rtt=NA srtt=0.043359 rttvar=0.000180 rto=1.000000 retransmitted=0 dupack=18
timestamp_ns=3871542000299 event=RECEIVE state=ESTABLISHED seq=1946715251 ack=518174968 snd_una=518174968 snd_nxt=518239124 rcv_nxt=1946715251 rwnd=65535 recv_used=0 right_edge=518240503 flight=64156 sample_rtt=NA srtt=0.043359 rttvar=0.000180 rto=1.000000 retransmitted=0 dupack=19
timestamp_ns=3871542001741 event=RECEIVE state=ESTABLISHED seq=1946715251 ack=518174968 snd_una=518174968 snd_nxt=518239124 rcv_nxt=1946715251 rwnd=65535 recv_used=0 right_edge=518240503 flight=64156 sample_rtt=NA srtt=0.043359 rttvar=0.000180 rto=1.000000 retransmitted=0 dupack=20
timestamp_ns=3871542003545 event=RECEIVE state=ESTABLISHED seq=1946715251 ack=518174968 snd_una=518174968 snd_nxt=518239124 rcv_nxt=1946715251 rwnd=65535 recv_used=0 right_edge=518240503 flight=64156 sample_rtt=NA srtt=0.043359 rttvar=0.000180 rto=1.000000 retransmitted=0 dupack=21
timestamp_ns=3871542004917 event=RECEIVE state=ESTABLISHED seq=1946715251 ack=518174968 snd_una=518174968 snd_nxt=518239124 rcv_nxt=1946715251 rwnd=65535 recv_used=0 right_edge=518240503 flight=64156 sample_rtt=NA srtt=0.043359 rttvar=0.000180 rto=1.000000 retransmitted=0 dupack=22
timestamp_ns=3871542006310 event=RECEIVE state=ESTABLISHED seq=1946715251 ack=518174968 snd_una=518174968 snd_nxt=518239124 rcv_nxt=1946715251 rwnd=65535 recv_used=0 right_edge=518240503 flight=64156 sample_rtt=NA srtt=0.043359 rttvar=0.000180 rto=1.000000 retransmitted=0 dupack=23
timestamp_ns=3871542007913 event=RECEIVE state=ESTABLISHED seq=1946715251 ack=518174968 snd_una=518174968 snd_nxt=518239124 rcv_nxt=1946715251 rwnd=65535 recv_used=0 right_edge=518240503 flight=64156 sample_rtt=NA srtt=0.043359 rttvar=0.000180 rto=1.000000 retransmitted=0 dupack=24
timestamp_ns=3871584385776 event=RECEIVE state=ESTABLISHED seq=1946715251 ack=518174968 snd_una=518174968 snd_nxt=518239124 rcv_nxt=1946715251 rwnd=65535 recv_used=0 right_edge=518240503 flight=64156 sample_rtt=NA srtt=0.043359 rttvar=0.000180 rto=1.000000 retransmitted=0 dupack=25
timestamp_ns=3871584403950 event=RECEIVE state=ESTABLISHED seq=1946715251 ack=518174968 snd_una=518174968 snd_nxt=518239124 rcv_nxt=1946715251 rwnd=65535 recv_used=0 right_edge=518240503 flight=64156 sample_rtt=NA srtt=0.043359 rttvar=0.000180 rto=1.000000 retransmitted=0 dupack=26
timestamp_ns=3871584406225 event=RECEIVE state=ESTABLISHED seq=1946715251 ack=518174968 snd_una=518174968 snd_nxt=518239124 rcv_nxt=1946715251 rwnd=65535 recv_used=0 right_edge=518240503 flight=64156 sample_rtt=NA srtt=0.043359 rttvar=0.000180 rto=1.000000 retransmitted=0 dupack=27
timestamp_ns=3871584407888 event=RECEIVE state=ESTABLISHED seq=1946715251 ack=518174968 snd_una=518174968 snd_nxt=518239124 rcv_nxt=1946715251 rwnd=65535 recv_used=0 right_edge=518240503 flight=64156 sample_rtt=NA srtt=0.043359 rttvar=0.000180 rto=1.000000 retransmitted=0 dupack=28
timestamp_ns=3871584409431 event=RECEIVE state=ESTABLISHED seq=1946715251 ack=518174968 snd_una=518174968 snd_nxt=518239124 rcv_nxt=1946715251 rwnd=65535 recv_used=0 right_edge=518240503 flight=64156 sample_rtt=NA srtt=0.043359 rttvar=0.000180 rto=1.000000 retransmitted=0 dupack=29
timestamp_ns=3871584440389 event=RECEIVE state=ESTABLISHED seq=1946715251 ack=518174968 snd_una=518174968 snd_nxt=518239124 rcv_nxt=1946715251 rwnd=65535 recv_used=0 right_edge=518240503 flight=64156 sample_rtt=NA srtt=0.043359 rttvar=0.000180 rto=1.000000 retransmitted=0 dupack=30
timestamp_ns=3871584441401 event=RECEIVE state=ESTABLISHED seq=1946715251 ack=518174968 snd_una=518174968 snd_nxt=518239124 rcv_nxt=1946715251 rwnd=65535 recv_used=0 right_edge=518240503 flight=64156 sample_rtt=NA srtt=0.043359 rttvar=0.000180 rto=1.000000 retransmitted=0 dupack=31
timestamp_ns=3871584442463 event=RECEIVE state=ESTABLISHED seq=1946715251 ack=518174968 snd_una=518174968 snd_nxt=518239124 rcv_nxt=1946715251 rwnd=65535 recv_used=0 right_edge=518240503 flight=64156 sample_rtt=NA srtt=0.043359 rttvar=0.000180 rto=1.000000 retransmitted=0 dupack=32
timestamp_ns=3871584443485 event=RECEIVE state=ESTABLISHED seq=1946715251 ack=518174968 snd_una=518174968 snd_nxt=518239124 rcv_nxt=1946715251 rwnd=65535 recv_used=0 right_edge=518240503 flight=64156 sample_rtt=NA srtt=0.043359 rttvar=0.000180 rto=1.000000 retransmitted=0 dupack=33
timestamp_ns=3871584444427 event=RECEIVE state=ESTABLISHED seq=1946715251 ack=518174968 snd_una=518174968 snd_nxt=518239124 rcv_nxt=1946715251 rwnd=65535 recv_used=0 right_edge=518240503 flight=64156 sample_rtt=NA srtt=0.043359 rttvar=0.000180 rto=1.000000 retransmitted=0 dupack=34
timestamp_ns=3871584446160 event=RECEIVE state=ESTABLISHED seq=1946715251 ack=518174968 snd_una=518174968 snd_nxt=518239124 rcv_nxt=1946715251 rwnd=65535 recv_used=0 right_edge=518240503 flight=64156 sample_rtt=NA srtt=0.043359 rttvar=0.000180 rto=1.000000 retransmitted=0 dupack=35
timestamp_ns=3871584447693 event=RECEIVE state=ESTABLISHED seq=1946715251 ack=518174968 snd_una=518174968 snd_nxt=518239124 rcv_nxt=1946715251 rwnd=65535 recv_used=0 right_edge=518240503 flight=64156 sample_rtt=NA srtt=0.043359 rttvar=0.000180 rto=1.000000 retransmitted=0 dupack=36
timestamp_ns=3871584449216 event=RECEIVE state=ESTABLISHED seq=1946715251 ack=518174968 snd_una=518174968 snd_nxt=518239124 rcv_nxt=1946715251 rwnd=65535 recv_used=0 right_edge=518240503 flight=64156 sample_rtt=NA srtt=0.043359 rttvar=0.000180 rto=1.000000 retransmitted=0 dupack=37
timestamp_ns=3871584450559 event=RECEIVE state=ESTABLISHED seq=1946715251 ack=518174968 snd_una=518174968 snd_nxt=518239124 rcv_nxt=1946715251 rwnd=65535 recv_used=0 right_edge=518240503 flight=64156 sample_rtt=NA srtt=0.043359 rttvar=0.000180 rto=1.000000 retransmitted=0 dupack=38
timestamp_ns=3871584452001 event=RECEIVE state=ESTABLISHED seq=1946715251 ack=518174968 snd_una=518174968 snd_nxt=518239124 rcv_nxt=1946715251 rwnd=65535 recv_used=0 right_edge=518240503 flight=64156 sample_rtt=NA srtt=0.043359 rttvar=0.000180 rto=1.000000 retransmitted=0 dupack=39
timestamp_ns=3871584453504 event=RECEIVE state=ESTABLISHED seq=1946715251 ack=518174968 snd_una=518174968 snd_nxt=518239124 rcv_nxt=1946715251 rwnd=65535 recv_used=0 right_edge=518240503 flight=64156 sample_rtt=NA srtt=0.043359 rttvar=0.000180 rto=1.000000 retransmitted=0 dupack=40
timestamp_ns=3871584455418 event=RECEIVE state=ESTABLISHED seq=1946715251 ack=518174968 snd_una=518174968 snd_nxt=518239124 rcv_nxt=1946715251 rwnd=65535 recv_used=0 right_edge=518240503 flight=64156 sample_rtt=NA srtt=0.043359 rttvar=0.000180 rto=1.000000 retransmitted=0 dupack=41
timestamp_ns=3872542996136 event=RETRANSMIT state=ESTABLISHED seq=518174968 ack=1946715251 snd_una=518174968 snd_nxt=518239124 rcv_nxt=1946715251 rwnd=65535 recv_used=0 right_edge=518240503 flight=64156 sample_rtt=NA srtt=0.043359 rttvar=0.000180 rto=1.000000 retransmitted=1 dupack=42
timestamp_ns=3872543049698 event=RTO_FIRE state=ESTABLISHED seq=518174968 ack=1946715251 snd_una=518174968 snd_nxt=518239124 rcv_nxt=1946715251 rwnd=65535 recv_used=0 right_edge=518240503 flight=64156 sample_rtt=NA srtt=0.043359 rttvar=0.000180 rto=2.000000 retransmitted=1 dupack=42
timestamp_ns=3872587372074 event=RECEIVE state=ESTABLISHED seq=1946715251 ack=518194288 snd_una=518174968 snd_nxt=518239124 rcv_nxt=1946715251 rwnd=65535 recv_used=0 right_edge=518240503 flight=64156 sample_rtt=NA srtt=0.043359 rttvar=0.000180 rto=2.000000 retransmitted=0 dupack=42
timestamp_ns=3872587452617 event=SEND state=ESTABLISHED seq=518239124 ack=1946715251 snd_una=518194288 snd_nxt=518239124 rcv_nxt=1946715251 rwnd=65535 recv_used=0 right_edge=518259823 flight=44836 sample_rtt=NA srtt=0.043359 rttvar=0.000180 rto=2.000000 retransmitted=0 dupack=0
timestamp_ns=3872587475550 event=SEND state=ESTABLISHED seq=518240504 ack=1946715251 snd_una=518194288 snd_nxt=518240504 rcv_nxt=1946715251 rwnd=65535 recv_used=0 right_edge=518259823 flight=46216 sample_rtt=NA srtt=0.043359 rttvar=0.000180 rto=2.000000 retransmitted=0 dupack=0
timestamp_ns=3872587480720 event=SEND state=ESTABLISHED seq=518241884 ack=1946715251 snd_una=518194288 snd_nxt=518241884 rcv_nxt=1946715251 rwnd=65535 recv_used=0 right_edge=518259823 flight=47596 sample_rtt=NA srtt=0.043359 rttvar=0.000180 rto=2.000000 retransmitted=0 dupack=0
timestamp_ns=3872587483906 event=SEND state=ESTABLISHED seq=518243264 ack=1946715251 snd_una=518194288 snd_nxt=518243264 rcv_nxt=1946715251 rwnd=65535 recv_used=0 right_edge=518259823 flight=48976 sample_rtt=NA srtt=0.043359 rttvar=0.000180 rto=2.000000 retransmitted=0 dupack=0
timestamp_ns=3872587486661 event=SEND state=ESTABLISHED seq=518244644 ack=1946715251 snd_una=518194288 snd_nxt=518244644 rcv_nxt=1946715251 rwnd=65535 recv_used=0 right_edge=518259823 flight=50356 sample_rtt=NA srtt=0.043359 rttvar=0.000180 rto=2.000000 retransmitted=0 dupack=0
timestamp_ns=3872587490298 event=SEND state=ESTABLISHED seq=518246024 ack=1946715251 snd_una=518194288 snd_nxt=518246024 rcv_nxt=1946715251 rwnd=65535 recv_used=0 right_edge=518259823 flight=51736 sample_rtt=NA srtt=0.043359 rttvar=0.000180 rto=2.000000 retransmitted=0 dupack=0
timestamp_ns=3872587493153 event=SEND state=ESTABLISHED seq=518247404 ack=1946715251 snd_una=518194288 snd_nxt=518247404 rcv_nxt=1946715251 rwnd=65535 recv_used=0 right_edge=518259823 flight=53116 sample_rtt=NA srtt=0.043359 rttvar=0.000180 rto=2.000000 retransmitted=0 dupack=0
timestamp_ns=3872587495758 event=SEND state=ESTABLISHED seq=518248784 ack=1946715251 snd_una=518194288 snd_nxt=518248784 rcv_nxt=1946715251 rwnd=65535 recv_used=0 right_edge=518259823 flight=54496 sample_rtt=NA srtt=0.043359 rttvar=0.000180 rto=2.000000 retransmitted=0 dupack=0
timestamp_ns=3872587498373 event=SEND state=ESTABLISHED seq=518250164 ack=1946715251 snd_una=518194288 snd_nxt=518250164 rcv_nxt=1946715251 rwnd=65535 recv_used=0 right_edge=518259823 flight=55876 sample_rtt=NA srtt=0.043359 rttvar=0.000180 rto=2.000000 retransmitted=0 dupack=0
timestamp_ns=3872587501008 event=SEND state=ESTABLISHED seq=518251544 ack=1946715251 snd_una=518194288 snd_nxt=518251544 rcv_nxt=1946715251 rwnd=65535 recv_used=0 right_edge=518259823 flight=57256 sample_rtt=NA srtt=0.043359 rttvar=0.000180 rto=2.000000 retransmitted=0 dupack=0
timestamp_ns=3872587503854 event=SEND state=ESTABLISHED seq=518252924 ack=1946715251 snd_una=518194288 snd_nxt=518252924 rcv_nxt=1946715251 rwnd=65535 recv_used=0 right_edge=518259823 flight=58636 sample_rtt=NA srtt=0.043359 rttvar=0.000180 rto=2.000000 retransmitted=0 dupack=0
timestamp_ns=3872587506499 event=SEND state=ESTABLISHED seq=518254304 ack=1946715251 snd_una=518194288 snd_nxt=518254304 rcv_nxt=1946715251 rwnd=65535 recv_used=0 right_edge=518259823 flight=60016 sample_rtt=NA srtt=0.043359 rttvar=0.000180 rto=2.000000 retransmitted=0 dupack=0
timestamp_ns=3872587509244 event=SEND state=ESTABLISHED seq=518255684 ack=1946715251 snd_una=518194288 snd_nxt=518255684 rcv_nxt=1946715251 rwnd=65535 recv_used=0 right_edge=518259823 flight=61396 sample_rtt=NA srtt=0.043359 rttvar=0.000180 rto=2.000000 retransmitted=0 dupack=0
timestamp_ns=3872587512670 event=SEND state=ESTABLISHED seq=518257064 ack=1946715251 snd_una=518194288 snd_nxt=518257064 rcv_nxt=1946715251 rwnd=65535 recv_used=0 right_edge=518259823 flight=62776 sample_rtt=NA srtt=0.043359 rttvar=0.000180 rto=2.000000 retransmitted=0 dupack=0
timestamp_ns=3872587520205 event=ACK_ADVANCE state=ESTABLISHED seq=518258444 ack=518194288 snd_una=518194288 snd_nxt=518258444 rcv_nxt=1946715251 rwnd=65535 recv_used=0 right_edge=518259823 flight=64156 sample_rtt=NA srtt=0.043359 rttvar=0.000180 rto=2.000000 retransmitted=0 dupack=0
timestamp_ns=3872631336545 event=RECEIVE state=ESTABLISHED seq=1946715251 ack=518194288 snd_una=518194288 snd_nxt=518258444 rcv_nxt=1946715251 rwnd=65535 recv_used=0 right_edge=518259823 flight=64156 sample_rtt=NA srtt=0.043359 rttvar=0.000180 rto=2.000000 retransmitted=0 dupack=0
timestamp_ns=3872631352405 event=RECEIVE state=ESTABLISHED seq=1946715251 ack=518194288 snd_una=518194288 snd_nxt=518258444 rcv_nxt=1946715251 rwnd=65535 recv_used=0 right_edge=518259823 flight=64156 sample_rtt=NA srtt=0.043359 rttvar=0.000180 rto=2.000000 retransmitted=0 dupack=1
timestamp_ns=3872631354199 event=RECEIVE state=ESTABLISHED seq=1946715251 ack=518194288 snd_una=518194288 snd_nxt=518258444 rcv_nxt=1946715251 rwnd=65535 recv_used=0 right_edge=518259823 flight=64156 sample_rtt=NA srtt=0.043359 rttvar=0.000180 rto=2.000000 retransmitted=0 dupack=2
timestamp_ns=3872631359228 event=RETRANSMIT state=ESTABLISHED seq=518194288 ack=1946715251 snd_una=518194288 snd_nxt=518258444 rcv_nxt=1946715251 rwnd=65535 recv_used=0 right_edge=518259823 flight=64156 sample_rtt=NA srtt=0.043359 rttvar=0.000180 rto=2.000000 retransmitted=1 dupack=3
timestamp_ns=3872631389556 event=FAST_RETRANSMIT state=ESTABLISHED seq=518194288 ack=518194288 snd_una=518194288 snd_nxt=518258444 rcv_nxt=1946715251 rwnd=65535 recv_used=0 right_edge=518259823 flight=64156 sample_rtt=NA srtt=0.043359 rttvar=0.000180 rto=2.000000 retransmitted=1 dupack=3
timestamp_ns=3872631395557 event=RECEIVE state=ESTABLISHED seq=1946715251 ack=518194288 snd_una=518194288 snd_nxt=518258444 rcv_nxt=1946715251 rwnd=65535 recv_used=0 right_edge=518259823 flight=64156 sample_rtt=NA srtt=0.043359 rttvar=0.000180 rto=2.000000 retransmitted=0 dupack=3
timestamp_ns=3872631396729 event=RECEIVE state=ESTABLISHED seq=1946715251 ack=518194288 snd_una=518194288 snd_nxt=518258444 rcv_nxt=1946715251 rwnd=65535 recv_used=0 right_edge=518259823 flight=64156 sample_rtt=NA srtt=0.043359 rttvar=0.000180 rto=2.000000 retransmitted=0 dupack=4
timestamp_ns=3872631397761 event=RECEIVE state=ESTABLISHED seq=1946715251 ack=518194288 snd_una=518194288 snd_nxt=518258444 rcv_nxt=1946715251 rwnd=65535 recv_used=0 right_edge=518259823 flight=64156 sample_rtt=NA srtt=0.043359 rttvar=0.000180 rto=2.000000 retransmitted=0 dupack=5
timestamp_ns=3872631398823 event=RECEIVE state=ESTABLISHED seq=1946715251 ack=518194288 snd_una=518194288 snd_nxt=518258444 rcv_nxt=1946715251 rwnd=65535 recv_used=0 right_edge=518259823 flight=64156 sample_rtt=NA srtt=0.043359 rttvar=0.000180 rto=2.000000 retransmitted=0 dupack=6
timestamp_ns=3872631399835 event=RECEIVE state=ESTABLISHED seq=1946715251 ack=518194288 snd_una=518194288 snd_nxt=518258444 rcv_nxt=1946715251 rwnd=65535 recv_used=0 right_edge=518259823 flight=64156 sample_rtt=NA srtt=0.043359 rttvar=0.000180 rto=2.000000 retransmitted=0 dupack=7
timestamp_ns=3872631400827 event=RECEIVE state=ESTABLISHED seq=1946715251 ack=518194288 snd_una=518194288 snd_nxt=518258444 rcv_nxt=1946715251 rwnd=65535 recv_used=0 right_edge=518259823 flight=64156 sample_rtt=NA srtt=0.043359 rttvar=0.000180 rto=2.000000 retransmitted=0 dupack=8
timestamp_ns=3872631401789 event=RECEIVE state=ESTABLISHED seq=1946715251 ack=518194288 snd_una=518194288 snd_nxt=518258444 rcv_nxt=1946715251 rwnd=65535 recv_used=0 right_edge=518259823 flight=64156 sample_rtt=NA srtt=0.043359 rttvar=0.000180 rto=2.000000 retransmitted=0 dupack=9
timestamp_ns=3872631402761 event=RECEIVE state=ESTABLISHED seq=1946715251 ack=518194288 snd_una=518194288 snd_nxt=518258444 rcv_nxt=1946715251 rwnd=65535 recv_used=0 right_edge=518259823 flight=64156 sample_rtt=NA srtt=0.043359 rttvar=0.000180 rto=2.000000 retransmitted=0 dupack=10
timestamp_ns=3872631403813 event=RECEIVE state=ESTABLISHED seq=1946715251 ack=518194288 snd_una=518194288 snd_nxt=518258444 rcv_nxt=1946715251 rwnd=65535 recv_used=0 right_edge=518259823 flight=64156 sample_rtt=NA srtt=0.043359 rttvar=0.000180 rto=2.000000 retransmitted=0 dupack=11
timestamp_ns=3872631430353 event=RECEIVE state=ESTABLISHED seq=1946715251 ack=518194288 snd_una=518194288 snd_nxt=518258444 rcv_nxt=1946715251 rwnd=65535 recv_used=0 right_edge=518259823 flight=64156 sample_rtt=NA srtt=0.043359 rttvar=0.000180 rto=2.000000 retransmitted=0 dupack=12
timestamp_ns=3872673148307 event=RECEIVE state=ESTABLISHED seq=1946715251 ack=518201188 snd_una=518194288 snd_nxt=518258444 rcv_nxt=1946715251 rwnd=65535 recv_used=0 right_edge=518259823 flight=64156 sample_rtt=NA srtt=0.043359 rttvar=0.000180 rto=2.000000 retransmitted=0 dupack=13
timestamp_ns=3872673178244 event=SEND state=ESTABLISHED seq=518258444 ack=1946715251 snd_una=518201188 snd_nxt=518258444 rcv_nxt=1946715251 rwnd=65535 recv_used=0 right_edge=518266723 flight=57256 sample_rtt=NA srtt=0.043359 rttvar=0.000180 rto=2.000000 retransmitted=0 dupack=0
timestamp_ns=3872673202940 event=SEND state=ESTABLISHED seq=518259824 ack=1946715251 snd_una=518201188 snd_nxt=518259824 rcv_nxt=1946715251 rwnd=65535 recv_used=0 right_edge=518266723 flight=58636 sample_rtt=NA srtt=0.043359 rttvar=0.000180 rto=2.000000 retransmitted=0 dupack=0
timestamp_ns=3872673205846 event=SEND state=ESTABLISHED seq=518261204 ack=1946715251 snd_una=518201188 snd_nxt=518261204 rcv_nxt=1946715251 rwnd=65535 recv_used=0 right_edge=518266723 flight=60016 sample_rtt=NA srtt=0.043359 rttvar=0.000180 rto=2.000000 retransmitted=0 dupack=0
timestamp_ns=3872673210364 event=SEND state=ESTABLISHED seq=518262584 ack=1946715251 snd_una=518201188 snd_nxt=518262584 rcv_nxt=1946715251 rwnd=65535 recv_used=0 right_edge=518266723 flight=61396 sample_rtt=NA srtt=0.043359 rttvar=0.000180 rto=2.000000 retransmitted=0 dupack=0
timestamp_ns=3872673212929 event=SEND state=ESTABLISHED seq=518263964 ack=1946715251 snd_una=518201188 snd_nxt=518263964 rcv_nxt=1946715251 rwnd=65535 recv_used=0 right_edge=518266723 flight=62776 sample_rtt=NA srtt=0.043359 rttvar=0.000180 rto=2.000000 retransmitted=0 dupack=0
timestamp_ns=3872673215204 event=ACK_ADVANCE state=ESTABLISHED seq=518265344 ack=518201188 snd_una=518201188 snd_nxt=518265344 rcv_nxt=1946715251 rwnd=65535 recv_used=0 right_edge=518266723 flight=64156 sample_rtt=NA srtt=0.043359 rttvar=0.000180 rto=2.000000 retransmitted=0 dupack=0
timestamp_ns=3872715347493 event=RECEIVE state=ESTABLISHED seq=1946715251 ack=518201188 snd_una=518201188 snd_nxt=518265344 rcv_nxt=1946715251 rwnd=65535 recv_used=0 right_edge=518266723 flight=64156 sample_rtt=NA srtt=0.043359 rttvar=0.000180 rto=2.000000 retransmitted=0 dupack=0
timestamp_ns=3872715358533 event=RECEIVE state=ESTABLISHED seq=1946715251 ack=518201188 snd_una=518201188 snd_nxt=518265344 rcv_nxt=1946715251 rwnd=65535 recv_used=0 right_edge=518266723 flight=64156 sample_rtt=NA srtt=0.043359 rttvar=0.000180 rto=2.000000 retransmitted=0 dupack=1
timestamp_ns=3873499174168 event=RETRANSMIT state=ESTABLISHED seq=518201188 ack=1946715251 snd_una=518201188 snd_nxt=518265344 rcv_nxt=1946715251 rwnd=65535 recv_used=0 right_edge=518266723 flight=64156 sample_rtt=NA srtt=0.043359 rttvar=0.000180 rto=2.000000 retransmitted=1 dupack=2
timestamp_ns=3873499238951 event=RTO_FIRE state=ESTABLISHED seq=518201188 ack=1946715251 snd_una=518201188 snd_nxt=518265344 rcv_nxt=1946715251 rwnd=65535 recv_used=0 right_edge=518266723 flight=64156 sample_rtt=NA srtt=0.043359 rttvar=0.000180 rto=4.000000 retransmitted=1 dupack=2
timestamp_ns=3873541772300 event=RECEIVE state=ESTABLISHED seq=1946715251 ack=518239124 snd_una=518201188 snd_nxt=518265344 rcv_nxt=1946715251 rwnd=65535 recv_used=0 right_edge=518266723 flight=64156 sample_rtt=NA srtt=0.043359 rttvar=0.000180 rto=4.000000 retransmitted=0 dupack=2
timestamp_ns=3873541803269 event=SEND state=ESTABLISHED seq=518265344 ack=1946715251 snd_una=518239124 snd_nxt=518265344 rcv_nxt=1946715251 rwnd=65535 recv_used=0 right_edge=518304659 flight=26220 sample_rtt=NA srtt=0.043359 rttvar=0.000180 rto=4.000000 retransmitted=0 dupack=0
timestamp_ns=3873541863703 event=SEND state=ESTABLISHED seq=518266724 ack=1946715251 snd_una=518239124 snd_nxt=518266724 rcv_nxt=1946715251 rwnd=65535 recv_used=0 right_edge=518304659 flight=27600 sample_rtt=NA srtt=0.043359 rttvar=0.000180 rto=4.000000 retransmitted=0 dupack=0
timestamp_ns=3873541866148 event=SEND state=ESTABLISHED seq=518268104 ack=1946715251 snd_una=518239124 snd_nxt=518268104 rcv_nxt=1946715251 rwnd=65535 recv_used=0 right_edge=518304659 flight=28980 sample_rtt=NA srtt=0.043359 rttvar=0.000180 rto=4.000000 retransmitted=0 dupack=0
timestamp_ns=3873541868412 event=SEND state=ESTABLISHED seq=518269484 ack=1946715251 snd_una=518239124 snd_nxt=518269484 rcv_nxt=1946715251 rwnd=65535 recv_used=0 right_edge=518304659 flight=30360 sample_rtt=NA srtt=0.043359 rttvar=0.000180 rto=4.000000 retransmitted=0 dupack=0
timestamp_ns=3873541870256 event=SEND state=ESTABLISHED seq=518270864 ack=1946715251 snd_una=518239124 snd_nxt=518270864 rcv_nxt=1946715251 rwnd=65535 recv_used=0 right_edge=518304659 flight=31740 sample_rtt=NA srtt=0.043359 rttvar=0.000180 rto=4.000000 retransmitted=0 dupack=0
timestamp_ns=3873541872310 event=SEND state=ESTABLISHED seq=518272244 ack=1946715251 snd_una=518239124 snd_nxt=518272244 rcv_nxt=1946715251 rwnd=65535 recv_used=0 right_edge=518304659 flight=33120 sample_rtt=NA srtt=0.043359 rttvar=0.000180 rto=4.000000 retransmitted=0 dupack=0
timestamp_ns=3873541875245 event=SEND state=ESTABLISHED seq=518273624 ack=1946715251 snd_una=518239124 snd_nxt=518273624 rcv_nxt=1946715251 rwnd=65535 recv_used=0 right_edge=518304659 flight=34500 sample_rtt=NA srtt=0.043359 rttvar=0.000180 rto=4.000000 retransmitted=0 dupack=0
timestamp_ns=3873541877369 event=SEND state=ESTABLISHED seq=518275004 ack=1946715251 snd_una=518239124 snd_nxt=518275004 rcv_nxt=1946715251 rwnd=65535 recv_used=0 right_edge=518304659 flight=35880 sample_rtt=NA srtt=0.043359 rttvar=0.000180 rto=4.000000 retransmitted=0 dupack=0
timestamp_ns=3873541879193 event=SEND state=ESTABLISHED seq=518276384 ack=1946715251 snd_una=518239124 snd_nxt=518276384 rcv_nxt=1946715251 rwnd=65535 recv_used=0 right_edge=518304659 flight=37260 sample_rtt=NA srtt=0.043359 rttvar=0.000180 rto=4.000000 retransmitted=0 dupack=0
timestamp_ns=3873541880966 event=SEND state=ESTABLISHED seq=518277764 ack=1946715251 snd_una=518239124 snd_nxt=518277764 rcv_nxt=1946715251 rwnd=65535 recv_used=0 right_edge=518304659 flight=38640 sample_rtt=NA srtt=0.043359 rttvar=0.000180 rto=4.000000 retransmitted=0 dupack=0
timestamp_ns=3873541883040 event=SEND state=ESTABLISHED seq=518279144 ack=1946715251 snd_una=518239124 snd_nxt=518279144 rcv_nxt=1946715251 rwnd=65535 recv_used=0 right_edge=518304659 flight=40020 sample_rtt=NA srtt=0.043359 rttvar=0.000180 rto=4.000000 retransmitted=0 dupack=0
timestamp_ns=3873541885515 event=SEND state=ESTABLISHED seq=518280524 ack=1946715251 snd_una=518239124 snd_nxt=518280524 rcv_nxt=1946715251 rwnd=65535 recv_used=0 right_edge=518304659 flight=41400 sample_rtt=NA srtt=0.043359 rttvar=0.000180 rto=4.000000 retransmitted=0 dupack=0
timestamp_ns=3873541887228 event=SEND state=ESTABLISHED seq=518281200 ack=1946715251 snd_una=518239124 snd_nxt=518281200 rcv_nxt=1946715251 rwnd=65535 recv_used=0 right_edge=518304659 flight=42076 sample_rtt=NA srtt=0.043359 rttvar=0.000180 rto=4.000000 retransmitted=0 dupack=0
timestamp_ns=3873541888991 event=SEND state=ESTABLISHED seq=518282580 ack=1946715251 snd_una=518239124 snd_nxt=518282580 rcv_nxt=1946715251 rwnd=65535 recv_used=0 right_edge=518304659 flight=43456 sample_rtt=NA srtt=0.043359 rttvar=0.000180 rto=4.000000 retransmitted=0 dupack=0
timestamp_ns=3873541890825 event=SEND state=ESTABLISHED seq=518283960 ack=1946715251 snd_una=518239124 snd_nxt=518283960 rcv_nxt=1946715251 rwnd=65535 recv_used=0 right_edge=518304659 flight=44836 sample_rtt=NA srtt=0.043359 rttvar=0.000180 rto=4.000000 retransmitted=0 dupack=0
timestamp_ns=3873541892588 event=SEND state=ESTABLISHED seq=518285340 ack=1946715251 snd_una=518239124 snd_nxt=518285340 rcv_nxt=1946715251 rwnd=65535 recv_used=0 right_edge=518304659 flight=46216 sample_rtt=NA srtt=0.043359 rttvar=0.000180 rto=4.000000 retransmitted=0 dupack=0
timestamp_ns=3873541896806 event=SEND state=ESTABLISHED seq=518286720 ack=1946715251 snd_una=518239124 snd_nxt=518286720 rcv_nxt=1946715251 rwnd=65535 recv_used=0 right_edge=518304659 flight=47596 sample_rtt=NA srtt=0.043359 rttvar=0.000180 rto=4.000000 retransmitted=0 dupack=0
timestamp_ns=3873541898660 event=SEND state=ESTABLISHED seq=518288100 ack=1946715251 snd_una=518239124 snd_nxt=518288100 rcv_nxt=1946715251 rwnd=65535 recv_used=0 right_edge=518304659 flight=48976 sample_rtt=NA srtt=0.043359 rttvar=0.000180 rto=4.000000 retransmitted=0 dupack=0
timestamp_ns=3873541901064 event=SEND state=ESTABLISHED seq=518289480 ack=1946715251 snd_una=518239124 snd_nxt=518289480 rcv_nxt=1946715251 rwnd=65535 recv_used=0 right_edge=518304659 flight=50356 sample_rtt=NA srtt=0.043359 rttvar=0.000180 rto=4.000000 retransmitted=0 dupack=0
timestamp_ns=3873541903489 event=SEND state=ESTABLISHED seq=518290860 ack=1946715251 snd_una=518239124 snd_nxt=518290860 rcv_nxt=1946715251 rwnd=65535 recv_used=0 right_edge=518304659 flight=51736 sample_rtt=NA srtt=0.043359 rttvar=0.000180 rto=4.000000 retransmitted=0 dupack=0
timestamp_ns=3873541905322 event=SEND state=ESTABLISHED seq=518292240 ack=1946715251 snd_una=518239124 snd_nxt=518292240 rcv_nxt=1946715251 rwnd=65535 recv_used=0 right_edge=518304659 flight=53116 sample_rtt=NA srtt=0.043359 rttvar=0.000180 rto=4.000000 retransmitted=0 dupack=0
timestamp_ns=3873541907516 event=SEND state=ESTABLISHED seq=518293620 ack=1946715251 snd_una=518239124 snd_nxt=518293620 rcv_nxt=1946715251 rwnd=65535 recv_used=0 right_edge=518304659 flight=54496 sample_rtt=NA srtt=0.043359 rttvar=0.000180 rto=4.000000 retransmitted=0 dupack=0
timestamp_ns=3873541909340 event=SEND state=ESTABLISHED seq=518295000 ack=1946715251 snd_una=518239124 snd_nxt=518295000 rcv_nxt=1946715251 rwnd=65535 recv_used=0 right_edge=518304659 flight=55876 sample_rtt=NA srtt=0.043359 rttvar=0.000180 rto=4.000000 retransmitted=0 dupack=0
timestamp_ns=3873541911284 event=SEND state=ESTABLISHED seq=518296380 ack=1946715251 snd_una=518239124 snd_nxt=518296380 rcv_nxt=1946715251 rwnd=65535 recv_used=0 right_edge=518304659 flight=57256 sample_rtt=NA srtt=0.043359 rttvar=0.000180 rto=4.000000 retransmitted=0 dupack=0
timestamp_ns=3873541913418 event=SEND state=ESTABLISHED seq=518297760 ack=1946715251 snd_una=518239124 snd_nxt=518297760 rcv_nxt=1946715251 rwnd=65535 recv_used=0 right_edge=518304659 flight=58636 sample_rtt=NA srtt=0.043359 rttvar=0.000180 rto=4.000000 retransmitted=0 dupack=0
timestamp_ns=3873541915291 event=SEND state=ESTABLISHED seq=518299140 ack=1946715251 snd_una=518239124 snd_nxt=518299140 rcv_nxt=1946715251 rwnd=65535 recv_used=0 right_edge=518304659 flight=60016 sample_rtt=NA srtt=0.043359 rttvar=0.000180 rto=4.000000 retransmitted=0 dupack=0
timestamp_ns=3873541917075 event=SEND state=ESTABLISHED seq=518300520 ack=1946715251 snd_una=518239124 snd_nxt=518300520 rcv_nxt=1946715251 rwnd=65535 recv_used=0 right_edge=518304659 flight=61396 sample_rtt=NA srtt=0.043359 rttvar=0.000180 rto=4.000000 retransmitted=0 dupack=0
timestamp_ns=3873541918768 event=SEND state=ESTABLISHED seq=518301900 ack=1946715251 snd_una=518239124 snd_nxt=518301900 rcv_nxt=1946715251 rwnd=65535 recv_used=0 right_edge=518304659 flight=62776 sample_rtt=NA srtt=0.043359 rttvar=0.000180 rto=4.000000 retransmitted=0 dupack=0
timestamp_ns=3873541920311 event=ACK_ADVANCE state=ESTABLISHED seq=518303280 ack=518239124 snd_una=518239124 snd_nxt=518303280 rcv_nxt=1946715251 rwnd=65535 recv_used=0 right_edge=518304659 flight=64156 sample_rtt=NA srtt=0.043359 rttvar=0.000180 rto=4.000000 retransmitted=0 dupack=0
timestamp_ns=3873584648088 event=RECEIVE state=ESTABLISHED seq=1946715251 ack=518239124 snd_una=518239124 snd_nxt=518303280 rcv_nxt=1946715251 rwnd=65535 recv_used=0 right_edge=518304659 flight=64156 sample_rtt=NA srtt=0.043359 rttvar=0.000180 rto=4.000000 retransmitted=0 dupack=0
timestamp_ns=3873584661143 event=RECEIVE state=ESTABLISHED seq=1946715251 ack=518239124 snd_una=518239124 snd_nxt=518303280 rcv_nxt=1946715251 rwnd=65535 recv_used=0 right_edge=518304659 flight=64156 sample_rtt=NA srtt=0.043359 rttvar=0.000180 rto=4.000000 retransmitted=0 dupack=1
timestamp_ns=3873584693154 event=RECEIVE state=ESTABLISHED seq=1946715251 ack=518239124 snd_una=518239124 snd_nxt=518303280 rcv_nxt=1946715251 rwnd=65535 recv_used=0 right_edge=518304659 flight=64156 sample_rtt=NA srtt=0.043359 rttvar=0.000180 rto=4.000000 retransmitted=0 dupack=2
timestamp_ns=3873584697051 event=RETRANSMIT state=ESTABLISHED seq=518239124 ack=1946715251 snd_una=518239124 snd_nxt=518303280 rcv_nxt=1946715251 rwnd=65535 recv_used=0 right_edge=518304659 flight=64156 sample_rtt=NA srtt=0.043359 rttvar=0.000180 rto=4.000000 retransmitted=1 dupack=3
timestamp_ns=3873584723251 event=FAST_RETRANSMIT state=ESTABLISHED seq=518239124 ack=518239124 snd_una=518239124 snd_nxt=518303280 rcv_nxt=1946715251 rwnd=65535 recv_used=0 right_edge=518304659 flight=64156 sample_rtt=NA srtt=0.043359 rttvar=0.000180 rto=4.000000 retransmitted=1 dupack=3
timestamp_ns=3873584729152 event=RECEIVE state=ESTABLISHED seq=1946715251 ack=518239124 snd_una=518239124 snd_nxt=518303280 rcv_nxt=1946715251 rwnd=65535 recv_used=0 right_edge=518304659 flight=64156 sample_rtt=NA srtt=0.043359 rttvar=0.000180 rto=4.000000 retransmitted=0 dupack=3
timestamp_ns=3873584730755 event=RECEIVE state=ESTABLISHED seq=1946715251 ack=518239124 snd_una=518239124 snd_nxt=518303280 rcv_nxt=1946715251 rwnd=65535 recv_used=0 right_edge=518304659 flight=64156 sample_rtt=NA srtt=0.043359 rttvar=0.000180 rto=4.000000 retransmitted=0 dupack=4
timestamp_ns=3873584732097 event=RECEIVE state=ESTABLISHED seq=1946715251 ack=518239124 snd_una=518239124 snd_nxt=518303280 rcv_nxt=1946715251 rwnd=65535 recv_used=0 right_edge=518304659 flight=64156 sample_rtt=NA srtt=0.043359 rttvar=0.000180 rto=4.000000 retransmitted=0 dupack=5
timestamp_ns=3873584733490 event=RECEIVE state=ESTABLISHED seq=1946715251 ack=518239124 snd_una=518239124 snd_nxt=518303280 rcv_nxt=1946715251 rwnd=65535 recv_used=0 right_edge=518304659 flight=64156 sample_rtt=NA srtt=0.043359 rttvar=0.000180 rto=4.000000 retransmitted=0 dupack=6
timestamp_ns=3873584735263 event=RECEIVE state=ESTABLISHED seq=1946715251 ack=518239124 snd_una=518239124 snd_nxt=518303280 rcv_nxt=1946715251 rwnd=65535 recv_used=0 right_edge=518304659 flight=64156 sample_rtt=NA srtt=0.043359 rttvar=0.000180 rto=4.000000 retransmitted=0 dupack=7
timestamp_ns=3873584736756 event=RECEIVE state=ESTABLISHED seq=1946715251 ack=518239124 snd_una=518239124 snd_nxt=518303280 rcv_nxt=1946715251 rwnd=65535 recv_used=0 right_edge=518304659 flight=64156 sample_rtt=NA srtt=0.043359 rttvar=0.000180 rto=4.000000 retransmitted=0 dupack=8
timestamp_ns=3873584738199 event=RECEIVE state=ESTABLISHED seq=1946715251 ack=518239124 snd_una=518239124 snd_nxt=518303280 rcv_nxt=1946715251 rwnd=65535 recv_used=0 right_edge=518304659 flight=64156 sample_rtt=NA srtt=0.043359 rttvar=0.000180 rto=4.000000 retransmitted=0 dupack=9
timestamp_ns=3873584739682 event=RECEIVE state=ESTABLISHED seq=1946715251 ack=518239124 snd_una=518239124 snd_nxt=518303280 rcv_nxt=1946715251 rwnd=65535 recv_used=0 right_edge=518304659 flight=64156 sample_rtt=NA srtt=0.043359 rttvar=0.000180 rto=4.000000 retransmitted=0 dupack=10
timestamp_ns=3873584741195 event=RECEIVE state=ESTABLISHED seq=1946715251 ack=518239124 snd_una=518239124 snd_nxt=518303280 rcv_nxt=1946715251 rwnd=65535 recv_used=0 right_edge=518304659 flight=64156 sample_rtt=NA srtt=0.043359 rttvar=0.000180 rto=4.000000 retransmitted=0 dupack=11
timestamp_ns=3873584742547 event=RECEIVE state=ESTABLISHED seq=1946715251 ack=518239124 snd_una=518239124 snd_nxt=518303280 rcv_nxt=1946715251 rwnd=65535 recv_used=0 right_edge=518304659 flight=64156 sample_rtt=NA srtt=0.043359 rttvar=0.000180 rto=4.000000 retransmitted=0 dupack=12
timestamp_ns=3873584743970 event=RECEIVE state=ESTABLISHED seq=1946715251 ack=518239124 snd_una=518239124 snd_nxt=518303280 rcv_nxt=1946715251 rwnd=65535 recv_used=0 right_edge=518304659 flight=64156 sample_rtt=NA srtt=0.043359 rttvar=0.000180 rto=4.000000 retransmitted=0 dupack=13
timestamp_ns=3873584748098 event=RECEIVE state=ESTABLISHED seq=1946715251 ack=518239124 snd_una=518239124 snd_nxt=518303280 rcv_nxt=1946715251 rwnd=65535 recv_used=0 right_edge=518304659 flight=64156 sample_rtt=NA srtt=0.043359 rttvar=0.000180 rto=4.000000 retransmitted=0 dupack=14
timestamp_ns=3873584749621 event=RECEIVE state=ESTABLISHED seq=1946715251 ack=518239124 snd_una=518239124 snd_nxt=518303280 rcv_nxt=1946715251 rwnd=65535 recv_used=0 right_edge=518304659 flight=64156 sample_rtt=NA srtt=0.043359 rttvar=0.000180 rto=4.000000 retransmitted=0 dupack=15
timestamp_ns=3873584751093 event=RECEIVE state=ESTABLISHED seq=1946715251 ack=518239124 snd_una=518239124 snd_nxt=518303280 rcv_nxt=1946715251 rwnd=65535 recv_used=0 right_edge=518304659 flight=64156 sample_rtt=NA srtt=0.043359 rttvar=0.000180 rto=4.000000 retransmitted=0 dupack=16
timestamp_ns=3873584752576 event=RECEIVE state=ESTABLISHED seq=1946715251 ack=518239124 snd_una=518239124 snd_nxt=518303280 rcv_nxt=1946715251 rwnd=65535 recv_used=0 right_edge=518304659 flight=64156 sample_rtt=NA srtt=0.043359 rttvar=0.000180 rto=4.000000 retransmitted=0 dupack=17
timestamp_ns=3873584753939 event=RECEIVE state=ESTABLISHED seq=1946715251 ack=518239124 snd_una=518239124 snd_nxt=518303280 rcv_nxt=1946715251 rwnd=65535 recv_used=0 right_edge=518304659 flight=64156 sample_rtt=NA srtt=0.043359 rttvar=0.000180 rto=4.000000 retransmitted=0 dupack=18
timestamp_ns=3873584755362 event=RECEIVE state=ESTABLISHED seq=1946715251 ack=518239124 snd_una=518239124 snd_nxt=518303280 rcv_nxt=1946715251 rwnd=65535 recv_used=0 right_edge=518304659 flight=64156 sample_rtt=NA srtt=0.043359 rttvar=0.000180 rto=4.000000 retransmitted=0 dupack=19
timestamp_ns=3873584757035 event=RECEIVE state=ESTABLISHED seq=1946715251 ack=518239124 snd_una=518239124 snd_nxt=518303280 rcv_nxt=1946715251 rwnd=65535 recv_used=0 right_edge=518304659 flight=64156 sample_rtt=NA srtt=0.043359 rttvar=0.000180 rto=4.000000 retransmitted=0 dupack=20
timestamp_ns=3873627433906 event=RECEIVE state=ESTABLISHED seq=1946715251 ack=518258444 snd_una=518239124 snd_nxt=518303280 rcv_nxt=1946715251 rwnd=65535 recv_used=0 right_edge=518304659 flight=64156 sample_rtt=NA srtt=0.043359 rttvar=0.000180 rto=4.000000 retransmitted=0 dupack=21
timestamp_ns=3873627458913 event=SEND state=ESTABLISHED seq=518303280 ack=1946715251 snd_una=518258444 snd_nxt=518303280 rcv_nxt=1946715251 rwnd=65535 recv_used=0 right_edge=518323979 flight=44836 sample_rtt=NA srtt=0.043359 rttvar=0.000180 rto=4.000000 retransmitted=0 dupack=0
timestamp_ns=3873627474984 event=SEND state=ESTABLISHED seq=518304660 ack=1946715251 snd_una=518258444 snd_nxt=518304660 rcv_nxt=1946715251 rwnd=65535 recv_used=0 right_edge=518323979 flight=46216 sample_rtt=NA srtt=0.043359 rttvar=0.000180 rto=4.000000 retransmitted=0 dupack=0
timestamp_ns=3873627477308 event=SEND state=ESTABLISHED seq=518306040 ack=1946715251 snd_una=518258444 snd_nxt=518306040 rcv_nxt=1946715251 rwnd=65535 recv_used=0 right_edge=518323979 flight=47596 sample_rtt=NA srtt=0.043359 rttvar=0.000180 rto=4.000000 retransmitted=0 dupack=0
timestamp_ns=3873627479652 event=SEND state=ESTABLISHED seq=518307420 ack=1946715251 snd_una=518258444 snd_nxt=518307420 rcv_nxt=1946715251 rwnd=65535 recv_used=0 right_edge=518323979 flight=48976 sample_rtt=NA srtt=0.043359 rttvar=0.000180 rto=4.000000 retransmitted=0 dupack=0
timestamp_ns=3873627481456 event=SEND state=ESTABLISHED seq=518308800 ack=1946715251 snd_una=518258444 snd_nxt=518308800 rcv_nxt=1946715251 rwnd=65535 recv_used=0 right_edge=518323979 flight=50356 sample_rtt=NA srtt=0.043359 rttvar=0.000180 rto=4.000000 retransmitted=0 dupack=0
timestamp_ns=3873627483370 event=SEND state=ESTABLISHED seq=518310180 ack=1946715251 snd_una=518258444 snd_nxt=518310180 rcv_nxt=1946715251 rwnd=65535 recv_used=0 right_edge=518323979 flight=51736 sample_rtt=NA srtt=0.043359 rttvar=0.000180 rto=4.000000 retransmitted=0 dupack=0
timestamp_ns=3873627485173 event=SEND state=ESTABLISHED seq=518311560 ack=1946715251 snd_una=518258444 snd_nxt=518311560 rcv_nxt=1946715251 rwnd=65535 recv_used=0 right_edge=518323979 flight=53116 sample_rtt=NA srtt=0.043359 rttvar=0.000180 rto=4.000000 retransmitted=0 dupack=0
timestamp_ns=3873627512475 event=SEND state=ESTABLISHED seq=518312940 ack=1946715251 snd_una=518258444 snd_nxt=518312940 rcv_nxt=1946715251 rwnd=65535 recv_used=0 right_edge=518323979 flight=54496 sample_rtt=NA srtt=0.043359 rttvar=0.000180 rto=4.000000 retransmitted=0 dupack=0
timestamp_ns=3873627514338 event=SEND state=ESTABLISHED seq=518314320 ack=1946715251 snd_una=518258444 snd_nxt=518314320 rcv_nxt=1946715251 rwnd=65535 recv_used=0 right_edge=518323979 flight=55876 sample_rtt=NA srtt=0.043359 rttvar=0.000180 rto=4.000000 retransmitted=0 dupack=0
timestamp_ns=3873627516061 event=SEND state=ESTABLISHED seq=518315700 ack=1946715251 snd_una=518258444 snd_nxt=518315700 rcv_nxt=1946715251 rwnd=65535 recv_used=0 right_edge=518323979 flight=57256 sample_rtt=NA srtt=0.043359 rttvar=0.000180 rto=4.000000 retransmitted=0 dupack=0
timestamp_ns=3873627517765 event=SEND state=ESTABLISHED seq=518317080 ack=1946715251 snd_una=518258444 snd_nxt=518317080 rcv_nxt=1946715251 rwnd=65535 recv_used=0 right_edge=518323979 flight=58636 sample_rtt=NA srtt=0.043359 rttvar=0.000180 rto=4.000000 retransmitted=0 dupack=0
timestamp_ns=3873627519448 event=SEND state=ESTABLISHED seq=518318460 ack=1946715251 snd_una=518258444 snd_nxt=518318460 rcv_nxt=1946715251 rwnd=65535 recv_used=0 right_edge=518323979 flight=60016 sample_rtt=NA srtt=0.043359 rttvar=0.000180 rto=4.000000 retransmitted=0 dupack=0
timestamp_ns=3873627521211 event=SEND state=ESTABLISHED seq=518319840 ack=1946715251 snd_una=518258444 snd_nxt=518319840 rcv_nxt=1946715251 rwnd=65535 recv_used=0 right_edge=518323979 flight=61396 sample_rtt=NA srtt=0.043359 rttvar=0.000180 rto=4.000000 retransmitted=0 dupack=0
timestamp_ns=3873627523095 event=SEND state=ESTABLISHED seq=518321220 ack=1946715251 snd_una=518258444 snd_nxt=518321220 rcv_nxt=1946715251 rwnd=65535 recv_used=0 right_edge=518323979 flight=62776 sample_rtt=NA srtt=0.043359 rttvar=0.000180 rto=4.000000 retransmitted=0 dupack=0
timestamp_ns=3873627524658 event=ACK_ADVANCE state=ESTABLISHED seq=518322600 ack=518258444 snd_una=518258444 snd_nxt=518322600 rcv_nxt=1946715251 rwnd=65535 recv_used=0 right_edge=518323979 flight=64156 sample_rtt=NA srtt=0.043359 rttvar=0.000180 rto=4.000000 retransmitted=0 dupack=0
timestamp_ns=3873670126084 event=RECEIVE state=ESTABLISHED seq=1946715251 ack=518258444 snd_una=518258444 snd_nxt=518322600 rcv_nxt=1946715251 rwnd=65535 recv_used=0 right_edge=518323979 flight=64156 sample_rtt=NA srtt=0.043359 rttvar=0.000180 rto=4.000000 retransmitted=0 dupack=0
timestamp_ns=3873670143127 event=RECEIVE state=ESTABLISHED seq=1946715251 ack=518258444 snd_una=518258444 snd_nxt=518322600 rcv_nxt=1946715251 rwnd=65535 recv_used=0 right_edge=518323979 flight=64156 sample_rtt=NA srtt=0.043359 rttvar=0.000180 rto=4.000000 retransmitted=0 dupack=1
timestamp_ns=3873670144750 event=RECEIVE state=ESTABLISHED seq=1946715251 ack=518258444 snd_una=518258444 snd_nxt=518322600 rcv_nxt=1946715251 rwnd=65535 recv_used=0 right_edge=518323979 flight=64156 sample_rtt=NA srtt=0.043359 rttvar=0.000180 rto=4.000000 retransmitted=0 dupack=2
timestamp_ns=3873670149188 event=RETRANSMIT state=ESTABLISHED seq=518258444 ack=1946715251 snd_una=518258444 snd_nxt=518322600 rcv_nxt=1946715251 rwnd=65535 recv_used=0 right_edge=518323979 flight=64156 sample_rtt=NA srtt=0.043359 rttvar=0.000180 rto=4.000000 retransmitted=1 dupack=3
timestamp_ns=3873670180578 event=FAST_RETRANSMIT state=ESTABLISHED seq=518258444 ack=518258444 snd_una=518258444 snd_nxt=518322600 rcv_nxt=1946715251 rwnd=65535 recv_used=0 right_edge=518323979 flight=64156 sample_rtt=NA srtt=0.043359 rttvar=0.000180 rto=4.000000 retransmitted=1 dupack=3
timestamp_ns=3873670186659 event=RECEIVE state=ESTABLISHED seq=1946715251 ack=518258444 snd_una=518258444 snd_nxt=518322600 rcv_nxt=1946715251 rwnd=65535 recv_used=0 right_edge=518323979 flight=64156 sample_rtt=NA srtt=0.043359 rttvar=0.000180 rto=4.000000 retransmitted=0 dupack=3
timestamp_ns=3873670217578 event=RECEIVE state=ESTABLISHED seq=1946715251 ack=518258444 snd_una=518258444 snd_nxt=518322600 rcv_nxt=1946715251 rwnd=65535 recv_used=0 right_edge=518323979 flight=64156 sample_rtt=NA srtt=0.043359 rttvar=0.000180 rto=4.000000 retransmitted=0 dupack=4
timestamp_ns=3873670218570 event=RECEIVE state=ESTABLISHED seq=1946715251 ack=518258444 snd_una=518258444 snd_nxt=518322600 rcv_nxt=1946715251 rwnd=65535 recv_used=0 right_edge=518323979 flight=64156 sample_rtt=NA srtt=0.043359 rttvar=0.000180 rto=4.000000 retransmitted=0 dupack=5
timestamp_ns=3873670219581 event=RECEIVE state=ESTABLISHED seq=1946715251 ack=518258444 snd_una=518258444 snd_nxt=518322600 rcv_nxt=1946715251 rwnd=65535 recv_used=0 right_edge=518323979 flight=64156 sample_rtt=NA srtt=0.043359 rttvar=0.000180 rto=4.000000 retransmitted=0 dupack=6
timestamp_ns=3873670220543 event=RECEIVE state=ESTABLISHED seq=1946715251 ack=518258444 snd_una=518258444 snd_nxt=518322600 rcv_nxt=1946715251 rwnd=65535 recv_used=0 right_edge=518323979 flight=64156 sample_rtt=NA srtt=0.043359 rttvar=0.000180 rto=4.000000 retransmitted=0 dupack=7
timestamp_ns=3873670221505 event=RECEIVE state=ESTABLISHED seq=1946715251 ack=518258444 snd_una=518258444 snd_nxt=518322600 rcv_nxt=1946715251 rwnd=65535 recv_used=0 right_edge=518323979 flight=64156 sample_rtt=NA srtt=0.043359 rttvar=0.000180 rto=4.000000 retransmitted=0 dupack=8
timestamp_ns=3873670222437 event=RECEIVE state=ESTABLISHED seq=1946715251 ack=518258444 snd_una=518258444 snd_nxt=518322600 rcv_nxt=1946715251 rwnd=65535 recv_used=0 right_edge=518323979 flight=64156 sample_rtt=NA srtt=0.043359 rttvar=0.000180 rto=4.000000 retransmitted=0 dupack=9
timestamp_ns=3873670223409 event=RECEIVE state=ESTABLISHED seq=1946715251 ack=518258444 snd_una=518258444 snd_nxt=518322600 rcv_nxt=1946715251 rwnd=65535 recv_used=0 right_edge=518323979 flight=64156 sample_rtt=NA srtt=0.043359 rttvar=0.000180 rto=4.000000 retransmitted=0 dupack=10
timestamp_ns=3873670224641 event=RECEIVE state=ESTABLISHED seq=1946715251 ack=518258444 snd_una=518258444 snd_nxt=518322600 rcv_nxt=1946715251 rwnd=65535 recv_used=0 right_edge=518323979 flight=64156 sample_rtt=NA srtt=0.043359 rttvar=0.000180 rto=4.000000 retransmitted=0 dupack=11
timestamp_ns=3873713278473 event=RECEIVE state=ESTABLISHED seq=1946715251 ack=518259824 snd_una=518258444 snd_nxt=518322600 rcv_nxt=1946715251 rwnd=65535 recv_used=0 right_edge=518323979 flight=64156 sample_rtt=NA srtt=0.043359 rttvar=0.000180 rto=4.000000 retransmitted=0 dupack=12
timestamp_ns=3873713309272 event=SEND state=ESTABLISHED seq=518322600 ack=1946715251 snd_una=518259824 snd_nxt=518322600 rcv_nxt=1946715251 rwnd=65535 recv_used=0 right_edge=518325359 flight=62776 sample_rtt=NA srtt=0.043359 rttvar=0.000180 rto=4.000000 retransmitted=0 dupack=0
timestamp_ns=3873713327937 event=ACK_ADVANCE state=ESTABLISHED seq=518323980 ack=518259824 snd_una=518259824 snd_nxt=518323980 rcv_nxt=1946715251 rwnd=65535 recv_used=0 right_edge=518325359 flight=64156 sample_rtt=NA srtt=0.043359 rttvar=0.000180 rto=4.000000 retransmitted=0 dupack=0
timestamp_ns=3873755856800 event=RECEIVE state=ESTABLISHED seq=1946715251 ack=518259824 snd_una=518259824 snd_nxt=518323980 rcv_nxt=1946715251 rwnd=65535 recv_used=0 right_edge=518325359 flight=64156 sample_rtt=NA srtt=0.043359 rttvar=0.000180 rto=4.000000 retransmitted=0 dupack=0
timestamp_ns=3876674675904 event=RETRANSMIT state=ESTABLISHED seq=518259824 ack=1946715251 snd_una=518259824 snd_nxt=518323980 rcv_nxt=1946715251 rwnd=65535 recv_used=0 right_edge=518325359 flight=64156 sample_rtt=NA srtt=0.043359 rttvar=0.000180 rto=4.000000 retransmitted=1 dupack=1
timestamp_ns=3876674745556 event=RTO_FIRE state=ESTABLISHED seq=518259824 ack=1946715251 snd_una=518259824 snd_nxt=518323980 rcv_nxt=1946715251 rwnd=65535 recv_used=0 right_edge=518325359 flight=64156 sample_rtt=NA srtt=0.043359 rttvar=0.000180 rto=8.000000 retransmitted=1 dupack=1
timestamp_ns=3876717625206 event=RECEIVE state=ESTABLISHED seq=1946715251 ack=518279144 snd_una=518259824 snd_nxt=518323980 rcv_nxt=1946715251 rwnd=65535 recv_used=0 right_edge=518325359 flight=64156 sample_rtt=NA srtt=0.043359 rttvar=0.000180 rto=8.000000 retransmitted=0 dupack=1
timestamp_ns=3876717693866 event=SEND state=ESTABLISHED seq=518323980 ack=1946715251 snd_una=518279144 snd_nxt=518323980 rcv_nxt=1946715251 rwnd=65535 recv_used=0 right_edge=518344679 flight=44836 sample_rtt=NA srtt=0.043359 rttvar=0.000180 rto=8.000000 retransmitted=0 dupack=0
timestamp_ns=3876717712091 event=SEND state=ESTABLISHED seq=518325360 ack=1946715251 snd_una=518279144 snd_nxt=518325360 rcv_nxt=1946715251 rwnd=65535 recv_used=0 right_edge=518344679 flight=46216 sample_rtt=NA srtt=0.043359 rttvar=0.000180 rto=8.000000 retransmitted=0 dupack=0
timestamp_ns=3876717714606 event=SEND state=ESTABLISHED seq=518326740 ack=1946715251 snd_una=518279144 snd_nxt=518326740 rcv_nxt=1946715251 rwnd=65535 recv_used=0 right_edge=518344679 flight=47596 sample_rtt=NA srtt=0.043359 rttvar=0.000180 rto=8.000000 retransmitted=0 dupack=0
timestamp_ns=3876717717141 event=SEND state=ESTABLISHED seq=518328120 ack=1946715251 snd_una=518279144 snd_nxt=518328120 rcv_nxt=1946715251 rwnd=65535 recv_used=0 right_edge=518344679 flight=48976 sample_rtt=NA srtt=0.043359 rttvar=0.000180 rto=8.000000 retransmitted=0 dupack=0
timestamp_ns=3876717718894 event=SEND state=ESTABLISHED seq=518329500 ack=1946715251 snd_una=518279144 snd_nxt=518329500 rcv_nxt=1946715251 rwnd=65535 recv_used=0 right_edge=518344679 flight=50356 sample_rtt=NA srtt=0.043359 rttvar=0.000180 rto=8.000000 retransmitted=0 dupack=0
timestamp_ns=3876717720988 event=SEND state=ESTABLISHED seq=518330880 ack=1946715251 snd_una=518279144 snd_nxt=518330880 rcv_nxt=1946715251 rwnd=65535 recv_used=0 right_edge=518344679 flight=51736 sample_rtt=NA srtt=0.043359 rttvar=0.000180 rto=8.000000 retransmitted=0 dupack=0
timestamp_ns=3876717722711 event=SEND state=ESTABLISHED seq=518332260 ack=1946715251 snd_una=518279144 snd_nxt=518332260 rcv_nxt=1946715251 rwnd=65535 recv_used=0 right_edge=518344679 flight=53116 sample_rtt=NA srtt=0.043359 rttvar=0.000180 rto=8.000000 retransmitted=0 dupack=0
timestamp_ns=3876717724535 event=SEND state=ESTABLISHED seq=518333640 ack=1946715251 snd_una=518279144 snd_nxt=518333640 rcv_nxt=1946715251 rwnd=65535 recv_used=0 right_edge=518344679 flight=54496 sample_rtt=NA srtt=0.043359 rttvar=0.000180 rto=8.000000 retransmitted=0 dupack=0
timestamp_ns=3876717726488 event=SEND state=ESTABLISHED seq=518335020 ack=1946715251 snd_una=518279144 snd_nxt=518335020 rcv_nxt=1946715251 rwnd=65535 recv_used=0 right_edge=518344679 flight=55876 sample_rtt=NA srtt=0.043359 rttvar=0.000180 rto=8.000000 retransmitted=0 dupack=0
timestamp_ns=3876717728222 event=SEND state=ESTABLISHED seq=518336400 ack=1946715251 snd_una=518279144 snd_nxt=518336400 rcv_nxt=1946715251 rwnd=65535 recv_used=0 right_edge=518344679 flight=57256 sample_rtt=NA srtt=0.043359 rttvar=0.000180 rto=8.000000 retransmitted=0 dupack=0
timestamp_ns=3876717731137 event=SEND state=ESTABLISHED seq=518337780 ack=1946715251 snd_una=518279144 snd_nxt=518337780 rcv_nxt=1946715251 rwnd=65535 recv_used=0 right_edge=518344679 flight=58636 sample_rtt=NA srtt=0.043359 rttvar=0.000180 rto=8.000000 retransmitted=0 dupack=0
timestamp_ns=3876717733852 event=SEND state=ESTABLISHED seq=518339160 ack=1946715251 snd_una=518279144 snd_nxt=518339160 rcv_nxt=1946715251 rwnd=65535 recv_used=0 right_edge=518344679 flight=60016 sample_rtt=NA srtt=0.043359 rttvar=0.000180 rto=8.000000 retransmitted=0 dupack=0
timestamp_ns=3876717735906 event=SEND state=ESTABLISHED seq=518340540 ack=1946715251 snd_una=518279144 snd_nxt=518340540 rcv_nxt=1946715251 rwnd=65535 recv_used=0 right_edge=518344679 flight=61396 sample_rtt=NA srtt=0.043359 rttvar=0.000180 rto=8.000000 retransmitted=0 dupack=0
timestamp_ns=3876717737710 event=SEND state=ESTABLISHED seq=518341920 ack=1946715251 snd_una=518279144 snd_nxt=518341920 rcv_nxt=1946715251 rwnd=65535 recv_used=0 right_edge=518344679 flight=62776 sample_rtt=NA srtt=0.043359 rttvar=0.000180 rto=8.000000 retransmitted=0 dupack=0
timestamp_ns=3876717741477 event=ACK_ADVANCE state=ESTABLISHED seq=518343300 ack=518279144 snd_una=518279144 snd_nxt=518343300 rcv_nxt=1946715251 rwnd=65535 recv_used=0 right_edge=518344679 flight=64156 sample_rtt=NA srtt=0.043359 rttvar=0.000180 rto=8.000000 retransmitted=0 dupack=0
timestamp_ns=3876760596295 event=RECEIVE state=ESTABLISHED seq=1946715251 ack=518279144 snd_una=518279144 snd_nxt=518343300 rcv_nxt=1946715251 rwnd=65535 recv_used=0 right_edge=518344679 flight=64156 sample_rtt=NA srtt=0.043359 rttvar=0.000180 rto=8.000000 retransmitted=0 dupack=0
timestamp_ns=3876760606474 event=RECEIVE state=ESTABLISHED seq=1946715251 ack=518279144 snd_una=518279144 snd_nxt=518343300 rcv_nxt=1946715251 rwnd=65535 recv_used=0 right_edge=518344679 flight=64156 sample_rtt=NA srtt=0.043359 rttvar=0.000180 rto=8.000000 retransmitted=0 dupack=1
timestamp_ns=3876760608268 event=RECEIVE state=ESTABLISHED seq=1946715251 ack=518279144 snd_una=518279144 snd_nxt=518343300 rcv_nxt=1946715251 rwnd=65535 recv_used=0 right_edge=518344679 flight=64156 sample_rtt=NA srtt=0.043359 rttvar=0.000180 rto=8.000000 retransmitted=0 dupack=2
timestamp_ns=3876760611313 event=RETRANSMIT state=ESTABLISHED seq=518279144 ack=1946715251 snd_una=518279144 snd_nxt=518343300 rcv_nxt=1946715251 rwnd=65535 recv_used=0 right_edge=518344679 flight=64156 sample_rtt=NA srtt=0.043359 rttvar=0.000180 rto=8.000000 retransmitted=1 dupack=3
timestamp_ns=3876760633606 event=FAST_RETRANSMIT state=ESTABLISHED seq=518279144 ack=518279144 snd_una=518279144 snd_nxt=518343300 rcv_nxt=1946715251 rwnd=65535 recv_used=0 right_edge=518344679 flight=64156 sample_rtt=NA srtt=0.043359 rttvar=0.000180 rto=8.000000 retransmitted=1 dupack=3
timestamp_ns=3876760638415 event=RECEIVE state=ESTABLISHED seq=1946715251 ack=518279144 snd_una=518279144 snd_nxt=518343300 rcv_nxt=1946715251 rwnd=65535 recv_used=0 right_edge=518344679 flight=64156 sample_rtt=NA srtt=0.043359 rttvar=0.000180 rto=8.000000 retransmitted=0 dupack=3
timestamp_ns=3876760639587 event=RECEIVE state=ESTABLISHED seq=1946715251 ack=518279144 snd_una=518279144 snd_nxt=518343300 rcv_nxt=1946715251 rwnd=65535 recv_used=0 right_edge=518344679 flight=64156 sample_rtt=NA srtt=0.043359 rttvar=0.000180 rto=8.000000 retransmitted=0 dupack=4
timestamp_ns=3876760640709 event=RECEIVE state=ESTABLISHED seq=1946715251 ack=518279144 snd_una=518279144 snd_nxt=518343300 rcv_nxt=1946715251 rwnd=65535 recv_used=0 right_edge=518344679 flight=64156 sample_rtt=NA srtt=0.043359 rttvar=0.000180 rto=8.000000 retransmitted=0 dupack=5
timestamp_ns=3876760641711 event=RECEIVE state=ESTABLISHED seq=1946715251 ack=518279144 snd_una=518279144 snd_nxt=518343300 rcv_nxt=1946715251 rwnd=65535 recv_used=0 right_edge=518344679 flight=64156 sample_rtt=NA srtt=0.043359 rttvar=0.000180 rto=8.000000 retransmitted=0 dupack=6
timestamp_ns=3876760642723 event=RECEIVE state=ESTABLISHED seq=1946715251 ack=518279144 snd_una=518279144 snd_nxt=518343300 rcv_nxt=1946715251 rwnd=65535 recv_used=0 right_edge=518344679 flight=64156 sample_rtt=NA srtt=0.043359 rttvar=0.000180 rto=8.000000 retransmitted=0 dupack=7
timestamp_ns=3876760643715 event=RECEIVE state=ESTABLISHED seq=1946715251 ack=518279144 snd_una=518279144 snd_nxt=518343300 rcv_nxt=1946715251 rwnd=65535 recv_used=0 right_edge=518344679 flight=64156 sample_rtt=NA srtt=0.043359 rttvar=0.000180 rto=8.000000 retransmitted=0 dupack=8
timestamp_ns=3876760644687 event=RECEIVE state=ESTABLISHED seq=1946715251 ack=518279144 snd_una=518279144 snd_nxt=518343300 rcv_nxt=1946715251 rwnd=65535 recv_used=0 right_edge=518344679 flight=64156 sample_rtt=NA srtt=0.043359 rttvar=0.000180 rto=8.000000 retransmitted=0 dupack=9
timestamp_ns=3876760645639 event=RECEIVE state=ESTABLISHED seq=1946715251 ack=518279144 snd_una=518279144 snd_nxt=518343300 rcv_nxt=1946715251 rwnd=65535 recv_used=0 right_edge=518344679 flight=64156 sample_rtt=NA srtt=0.043359 rttvar=0.000180 rto=8.000000 retransmitted=0 dupack=10
timestamp_ns=3876760646650 event=RECEIVE state=ESTABLISHED seq=1946715251 ack=518279144 snd_una=518279144 snd_nxt=518343300 rcv_nxt=1946715251 rwnd=65535 recv_used=0 right_edge=518344679 flight=64156 sample_rtt=NA srtt=0.043359 rttvar=0.000180 rto=8.000000 retransmitted=0 dupack=11
timestamp_ns=3876760671377 event=RECEIVE state=ESTABLISHED seq=1946715251 ack=518279144 snd_una=518279144 snd_nxt=518343300 rcv_nxt=1946715251 rwnd=65535 recv_used=0 right_edge=518344679 flight=64156 sample_rtt=NA srtt=0.043359 rttvar=0.000180 rto=8.000000 retransmitted=0 dupack=12
timestamp_ns=3876803693122 event=RECEIVE state=ESTABLISHED seq=1946715251 ack=518293620 snd_una=518279144 snd_nxt=518343300 rcv_nxt=1946715251 rwnd=65535 recv_used=0 right_edge=518344679 flight=64156 sample_rtt=NA srtt=0.043359 rttvar=0.000180 rto=8.000000 retransmitted=0 dupack=13
timestamp_ns=3876803718731 event=SEND state=ESTABLISHED seq=518343300 ack=1946715251 snd_una=518293620 snd_nxt=518343300 rcv_nxt=1946715251 rwnd=65535 recv_used=0 right_edge=518359155 flight=49680 sample_rtt=NA srtt=0.043359 rttvar=0.000180 rto=8.000000 retransmitted=0 dupack=0
timestamp_ns=3876803736494 event=SEND state=ESTABLISHED seq=518344680 ack=1946715251 snd_una=518293620 snd_nxt=518344680 rcv_nxt=1946715251 rwnd=65535 recv_used=0 right_edge=518359155 flight=51060 sample_rtt=NA srtt=0.043359 rttvar=0.000180 rto=8.000000 retransmitted=0 dupack=0
timestamp_ns=3876803738979 event=SEND state=ESTABLISHED seq=518346060 ack=1946715251 snd_una=518293620 snd_nxt=518346060 rcv_nxt=1946715251 rwnd=65535 recv_used=0 right_edge=518359155 flight=52440 sample_rtt=NA srtt=0.043359 rttvar=0.000180 rto=8.000000 retransmitted=0 dupack=0
timestamp_ns=3876803741514 event=SEND state=ESTABLISHED seq=518346736 ack=1946715251 snd_una=518293620 snd_nxt=518346736 rcv_nxt=1946715251 rwnd=65535 recv_used=0 right_edge=518359155 flight=53116 sample_rtt=NA srtt=0.043359 rttvar=0.000180 rto=8.000000 retransmitted=0 dupack=0
timestamp_ns=3876803744299 event=SEND state=ESTABLISHED seq=518348116 ack=1946715251 snd_una=518293620 snd_nxt=518348116 rcv_nxt=1946715251 rwnd=65535 recv_used=0 right_edge=518359155 flight=54496 sample_rtt=NA srtt=0.043359 rttvar=0.000180 rto=8.000000 retransmitted=0 dupack=0
timestamp_ns=3876803747385 event=SEND state=ESTABLISHED seq=518349496 ack=1946715251 snd_una=518293620 snd_nxt=518349496 rcv_nxt=1946715251 rwnd=65535 recv_used=0 right_edge=518359155 flight=55876 sample_rtt=NA srtt=0.043359 rttvar=0.000180 rto=8.000000 retransmitted=0 dupack=0
timestamp_ns=3876803749960 event=SEND state=ESTABLISHED seq=518350876 ack=1946715251 snd_una=518293620 snd_nxt=518350876 rcv_nxt=1946715251 rwnd=65535 recv_used=0 right_edge=518359155 flight=57256 sample_rtt=NA srtt=0.043359 rttvar=0.000180 rto=8.000000 retransmitted=0 dupack=0
timestamp_ns=3876803752434 event=SEND state=ESTABLISHED seq=518352256 ack=1946715251 snd_una=518293620 snd_nxt=518352256 rcv_nxt=1946715251 rwnd=65535 recv_used=0 right_edge=518359155 flight=58636 sample_rtt=NA srtt=0.043359 rttvar=0.000180 rto=8.000000 retransmitted=0 dupack=0
timestamp_ns=3876803754969 event=SEND state=ESTABLISHED seq=518353636 ack=1946715251 snd_una=518293620 snd_nxt=518353636 rcv_nxt=1946715251 rwnd=65535 recv_used=0 right_edge=518359155 flight=60016 sample_rtt=NA srtt=0.043359 rttvar=0.000180 rto=8.000000 retransmitted=0 dupack=0
timestamp_ns=3876803757384 event=SEND state=ESTABLISHED seq=518355016 ack=1946715251 snd_una=518293620 snd_nxt=518355016 rcv_nxt=1946715251 rwnd=65535 recv_used=0 right_edge=518359155 flight=61396 sample_rtt=NA srtt=0.043359 rttvar=0.000180 rto=8.000000 retransmitted=0 dupack=0
timestamp_ns=3876803759778 event=SEND state=ESTABLISHED seq=518356396 ack=1946715251 snd_una=518293620 snd_nxt=518356396 rcv_nxt=1946715251 rwnd=65535 recv_used=0 right_edge=518359155 flight=62776 sample_rtt=NA srtt=0.043359 rttvar=0.000180 rto=8.000000 retransmitted=0 dupack=0
timestamp_ns=3876803761882 event=ACK_ADVANCE state=ESTABLISHED seq=518357776 ack=518293620 snd_una=518293620 snd_nxt=518357776 rcv_nxt=1946715251 rwnd=65535 recv_used=0 right_edge=518359155 flight=64156 sample_rtt=NA srtt=0.043359 rttvar=0.000180 rto=8.000000 retransmitted=0 dupack=0
timestamp_ns=3876847092142 event=RECEIVE state=ESTABLISHED seq=1946715251 ack=518293620 snd_una=518293620 snd_nxt=518357776 rcv_nxt=1946715251 rwnd=65535 recv_used=0 right_edge=518359155 flight=64156 sample_rtt=NA srtt=0.043359 rttvar=0.000180 rto=8.000000 retransmitted=0 dupack=0
timestamp_ns=3876847122980 event=RECEIVE state=ESTABLISHED seq=1946715251 ack=518293620 snd_una=518293620 snd_nxt=518357776 rcv_nxt=1946715251 rwnd=65535 recv_used=0 right_edge=518359155 flight=64156 sample_rtt=NA srtt=0.043359 rttvar=0.000180 rto=8.000000 retransmitted=0 dupack=1
timestamp_ns=3876847124623 event=RECEIVE state=ESTABLISHED seq=1946715251 ack=518293620 snd_una=518293620 snd_nxt=518357776 rcv_nxt=1946715251 rwnd=65535 recv_used=0 right_edge=518359155 flight=64156 sample_rtt=NA srtt=0.043359 rttvar=0.000180 rto=8.000000 retransmitted=0 dupack=2
timestamp_ns=3876847127429 event=RETRANSMIT state=ESTABLISHED seq=518293620 ack=1946715251 snd_una=518293620 snd_nxt=518357776 rcv_nxt=1946715251 rwnd=65535 recv_used=0 right_edge=518359155 flight=64156 sample_rtt=NA srtt=0.043359 rttvar=0.000180 rto=8.000000 retransmitted=1 dupack=3
timestamp_ns=3876847146074 event=FAST_RETRANSMIT state=ESTABLISHED seq=518293620 ack=518293620 snd_una=518293620 snd_nxt=518357776 rcv_nxt=1946715251 rwnd=65535 recv_used=0 right_edge=518359155 flight=64156 sample_rtt=NA srtt=0.043359 rttvar=0.000180 rto=8.000000 retransmitted=1 dupack=3
timestamp_ns=3876847150412 event=RECEIVE state=ESTABLISHED seq=1946715251 ack=518293620 snd_una=518293620 snd_nxt=518357776 rcv_nxt=1946715251 rwnd=65535 recv_used=0 right_edge=518359155 flight=64156 sample_rtt=NA srtt=0.043359 rttvar=0.000180 rto=8.000000 retransmitted=0 dupack=3
timestamp_ns=3876847151494 event=RECEIVE state=ESTABLISHED seq=1946715251 ack=518293620 snd_una=518293620 snd_nxt=518357776 rcv_nxt=1946715251 rwnd=65535 recv_used=0 right_edge=518359155 flight=64156 sample_rtt=NA srtt=0.043359 rttvar=0.000180 rto=8.000000 retransmitted=0 dupack=4
timestamp_ns=3876847152556 event=RECEIVE state=ESTABLISHED seq=1946715251 ack=518293620 snd_una=518293620 snd_nxt=518357776 rcv_nxt=1946715251 rwnd=65535 recv_used=0 right_edge=518359155 flight=64156 sample_rtt=NA srtt=0.043359 rttvar=0.000180 rto=8.000000 retransmitted=0 dupack=5
timestamp_ns=3876847153688 event=RECEIVE state=ESTABLISHED seq=1946715251 ack=518293620 snd_una=518293620 snd_nxt=518357776 rcv_nxt=1946715251 rwnd=65535 recv_used=0 right_edge=518359155 flight=64156 sample_rtt=NA srtt=0.043359 rttvar=0.000180 rto=8.000000 retransmitted=0 dupack=6
timestamp_ns=3876847154700 event=RECEIVE state=ESTABLISHED seq=1946715251 ack=518293620 snd_una=518293620 snd_nxt=518357776 rcv_nxt=1946715251 rwnd=65535 recv_used=0 right_edge=518359155 flight=64156 sample_rtt=NA srtt=0.043359 rttvar=0.000180 rto=8.000000 retransmitted=0 dupack=7
timestamp_ns=3876847155742 event=RECEIVE state=ESTABLISHED seq=1946715251 ack=518293620 snd_una=518293620 snd_nxt=518357776 rcv_nxt=1946715251 rwnd=65535 recv_used=0 right_edge=518359155 flight=64156 sample_rtt=NA srtt=0.043359 rttvar=0.000180 rto=8.000000 retransmitted=0 dupack=8
timestamp_ns=3876847156754 event=RECEIVE state=ESTABLISHED seq=1946715251 ack=518293620 snd_una=518293620 snd_nxt=518357776 rcv_nxt=1946715251 rwnd=65535 recv_used=0 right_edge=518359155 flight=64156 sample_rtt=NA srtt=0.043359 rttvar=0.000180 rto=8.000000 retransmitted=0 dupack=9
timestamp_ns=3876847157916 event=RECEIVE state=ESTABLISHED seq=1946715251 ack=518293620 snd_una=518293620 snd_nxt=518357776 rcv_nxt=1946715251 rwnd=65535 recv_used=0 right_edge=518359155 flight=64156 sample_rtt=NA srtt=0.043359 rttvar=0.000180 rto=8.000000 retransmitted=0 dupack=10
timestamp_ns=3876889565808 event=RECEIVE state=ESTABLISHED seq=1946715251 ack=518297760 snd_una=518293620 snd_nxt=518357776 rcv_nxt=1946715251 rwnd=65535 recv_used=0 right_edge=518359155 flight=64156 sample_rtt=NA srtt=0.043359 rttvar=0.000180 rto=8.000000 retransmitted=0 dupack=11
timestamp_ns=3876889582559 event=SEND state=ESTABLISHED seq=518357776 ack=1946715251 snd_una=518297760 snd_nxt=518357776 rcv_nxt=1946715251 rwnd=65535 recv_used=0 right_edge=518363295 flight=60016 sample_rtt=NA srtt=0.043359 rttvar=0.000180 rto=8.000000 retransmitted=0 dupack=0
timestamp_ns=3876889612937 event=SEND state=ESTABLISHED seq=518359156 ack=1946715251 snd_una=518297760 snd_nxt=518359156 rcv_nxt=1946715251 rwnd=65535 recv_used=0 right_edge=518363295 flight=61396 sample_rtt=NA srtt=0.043359 rttvar=0.000180 rto=8.000000 retransmitted=0 dupack=0
timestamp_ns=3876889615161 event=SEND state=ESTABLISHED seq=518360536 ack=1946715251 snd_una=518297760 snd_nxt=518360536 rcv_nxt=1946715251 rwnd=65535 recv_used=0 right_edge=518363295 flight=62776 sample_rtt=NA srtt=0.043359 rttvar=0.000180 rto=8.000000 retransmitted=0 dupack=0
timestamp_ns=3876889616784 event=ACK_ADVANCE state=ESTABLISHED seq=518361916 ack=518297760 snd_una=518297760 snd_nxt=518361916 rcv_nxt=1946715251 rwnd=65535 recv_used=0 right_edge=518363295 flight=64156 sample_rtt=NA srtt=0.043359 rttvar=0.000180 rto=8.000000 retransmitted=0 dupack=0
timestamp_ns=3876932277274 event=RECEIVE state=ESTABLISHED seq=1946715251 ack=518297760 snd_una=518297760 snd_nxt=518361916 rcv_nxt=1946715251 rwnd=65535 recv_used=0 right_edge=518363295 flight=64156 sample_rtt=NA srtt=0.043359 rttvar=0.000180 rto=8.000000 retransmitted=0 dupack=0
timestamp_ns=3876932298474 event=RECEIVE state=ESTABLISHED seq=1946715251 ack=518297760 snd_una=518297760 snd_nxt=518361916 rcv_nxt=1946715251 rwnd=65535 recv_used=0 right_edge=518363295 flight=64156 sample_rtt=NA srtt=0.043359 rttvar=0.000180 rto=8.000000 retransmitted=0 dupack=1
timestamp_ns=3876932300759 event=RECEIVE state=ESTABLISHED seq=1946715251 ack=518297760 snd_una=518297760 snd_nxt=518361916 rcv_nxt=1946715251 rwnd=65535 recv_used=0 right_edge=518363295 flight=64156 sample_rtt=NA srtt=0.043359 rttvar=0.000180 rto=8.000000 retransmitted=0 dupack=2
timestamp_ns=3876932303243 event=RETRANSMIT state=ESTABLISHED seq=518297760 ack=1946715251 snd_una=518297760 snd_nxt=518361916 rcv_nxt=1946715251 rwnd=65535 recv_used=0 right_edge=518363295 flight=64156 sample_rtt=NA srtt=0.043359 rttvar=0.000180 rto=8.000000 retransmitted=1 dupack=3
timestamp_ns=3876932321097 event=FAST_RETRANSMIT state=ESTABLISHED seq=518297760 ack=518297760 snd_una=518297760 snd_nxt=518361916 rcv_nxt=1946715251 rwnd=65535 recv_used=0 right_edge=518363295 flight=64156 sample_rtt=NA srtt=0.043359 rttvar=0.000180 rto=8.000000 retransmitted=1 dupack=3
timestamp_ns=3876975433292 event=RECEIVE state=ESTABLISHED seq=1946715251 ack=518299140 snd_una=518297760 snd_nxt=518361916 rcv_nxt=1946715251 rwnd=65535 recv_used=0 right_edge=518363295 flight=64156 sample_rtt=NA srtt=0.043359 rttvar=0.000180 rto=8.000000 retransmitted=0 dupack=3
timestamp_ns=3876975485040 event=SEND state=ESTABLISHED seq=518361916 ack=1946715251 snd_una=518299140 snd_nxt=518361916 rcv_nxt=1946715251 rwnd=65535 recv_used=0 right_edge=518364675 flight=62776 sample_rtt=NA srtt=0.043359 rttvar=0.000180 rto=8.000000 retransmitted=0 dupack=0
timestamp_ns=3876975518203 event=ACK_ADVANCE state=ESTABLISHED seq=518363296 ack=518299140 snd_una=518299140 snd_nxt=518363296 rcv_nxt=1946715251 rwnd=65535 recv_used=0 right_edge=518364675 flight=64156 sample_rtt=NA srtt=0.043359 rttvar=0.000180 rto=8.000000 retransmitted=0 dupack=0
timestamp_ns=3877017407682 event=RECEIVE state=ESTABLISHED seq=1946715251 ack=518299140 snd_una=518299140 snd_nxt=518363296 rcv_nxt=1946715251 rwnd=65535 recv_used=0 right_edge=518364675 flight=64156 sample_rtt=NA srtt=0.043359 rttvar=0.000180 rto=8.000000 retransmitted=0 dupack=0
timestamp_ns=3881542565828 event=RETRANSMIT state=ESTABLISHED seq=518299140 ack=1946715251 snd_una=518299140 snd_nxt=518363296 rcv_nxt=1946715251 rwnd=65535 recv_used=0 right_edge=518364675 flight=64156 sample_rtt=NA srtt=0.043359 rttvar=0.000180 rto=8.000000 retransmitted=1 dupack=1
timestamp_ns=3881542620482 event=RTO_FIRE state=ESTABLISHED seq=518299140 ack=1946715251 snd_una=518299140 snd_nxt=518363296 rcv_nxt=1946715251 rwnd=65535 recv_used=0 right_edge=518364675 flight=64156 sample_rtt=NA srtt=0.043359 rttvar=0.000180 rto=16.000000 retransmitted=1 dupack=1
timestamp_ns=3881586022441 event=RECEIVE state=ESTABLISHED seq=1946715251 ack=518300520 snd_una=518299140 snd_nxt=518363296 rcv_nxt=1946715251 rwnd=65535 recv_used=0 right_edge=518364675 flight=64156 sample_rtt=NA srtt=0.043359 rttvar=0.000180 rto=16.000000 retransmitted=0 dupack=1
timestamp_ns=3881586058489 event=SEND state=ESTABLISHED seq=518363296 ack=1946715251 snd_una=518300520 snd_nxt=518363296 rcv_nxt=1946715251 rwnd=65535 recv_used=0 right_edge=518366055 flight=62776 sample_rtt=NA srtt=0.043359 rttvar=0.000180 rto=16.000000 retransmitted=0 dupack=0
timestamp_ns=3881586082054 event=ACK_ADVANCE state=ESTABLISHED seq=518364676 ack=518300520 snd_una=518300520 snd_nxt=518364676 rcv_nxt=1946715251 rwnd=65535 recv_used=0 right_edge=518366055 flight=64156 sample_rtt=NA srtt=0.043359 rttvar=0.000180 rto=16.000000 retransmitted=0 dupack=0
timestamp_ns=3881627989232 event=RECEIVE state=ESTABLISHED seq=1946715251 ack=518300520 snd_una=518300520 snd_nxt=518364676 rcv_nxt=1946715251 rwnd=65535 recv_used=0 right_edge=518366055 flight=64156 sample_rtt=NA srtt=0.043359 rttvar=0.000180 rto=16.000000 retransmitted=0 dupack=0
timestamp_ns=3889542469383 event=RETRANSMIT state=ESTABLISHED seq=518300520 ack=1946715251 snd_una=518300520 snd_nxt=518364676 rcv_nxt=1946715251 rwnd=65535 recv_used=0 right_edge=518366055 flight=64156 sample_rtt=NA srtt=0.043359 rttvar=0.000180 rto=16.000000 retransmitted=1 dupack=1
timestamp_ns=3889542521652 event=RTO_FIRE state=ESTABLISHED seq=518300520 ack=1946715251 snd_una=518300520 snd_nxt=518364676 rcv_nxt=1946715251 rwnd=65535 recv_used=0 right_edge=518366055 flight=64156 sample_rtt=NA srtt=0.043359 rttvar=0.000180 rto=32.000000 retransmitted=1 dupack=1
timestamp_ns=3921542860428 event=RETRANSMIT state=ESTABLISHED seq=518300520 ack=1946715251 snd_una=518300520 snd_nxt=518364676 rcv_nxt=1946715251 rwnd=65535 recv_used=0 right_edge=518366055 flight=64156 sample_rtt=NA srtt=0.043359 rttvar=0.000180 rto=32.000000 retransmitted=1 dupack=1
timestamp_ns=3921542924760 event=RTO_FIRE state=ESTABLISHED seq=518300520 ack=1946715251 snd_una=518300520 snd_nxt=518364676 rcv_nxt=1946715251 rwnd=65535 recv_used=0 right_edge=518366055 flight=64156 sample_rtt=NA srtt=0.043359 rttvar=0.000180 rto=60.000000 retransmitted=1 dupack=1
timestamp_ns=3921586047095 event=RECEIVE state=ESTABLISHED seq=1946715251 ack=518326740 snd_una=518300520 snd_nxt=518364676 rcv_nxt=1946715251 rwnd=65535 recv_used=0 right_edge=518366055 flight=64156 sample_rtt=NA srtt=0.043359 rttvar=0.000180 rto=60.000000 retransmitted=0 dupack=1
timestamp_ns=3921586094996 event=SEND state=ESTABLISHED seq=518364676 ack=1946715251 snd_una=518326740 snd_nxt=518364676 rcv_nxt=1946715251 rwnd=65535 recv_used=0 right_edge=518392275 flight=37936 sample_rtt=NA srtt=0.043359 rttvar=0.000180 rto=60.000000 retransmitted=0 dupack=0
timestamp_ns=3921586114553 event=SEND state=ESTABLISHED seq=518366056 ack=1946715251 snd_una=518326740 snd_nxt=518366056 rcv_nxt=1946715251 rwnd=65535 recv_used=0 right_edge=518392275 flight=39316 sample_rtt=NA srtt=0.043359 rttvar=0.000180 rto=60.000000 retransmitted=0 dupack=0
timestamp_ns=3921586118681 event=SEND state=ESTABLISHED seq=518367436 ack=1946715251 snd_una=518326740 snd_nxt=518367436 rcv_nxt=1946715251 rwnd=65535 recv_used=0 right_edge=518392275 flight=40696 sample_rtt=NA srtt=0.043359 rttvar=0.000180 rto=60.000000 retransmitted=0 dupack=0
timestamp_ns=3921586120875 event=SEND state=ESTABLISHED seq=518368816 ack=1946715251 snd_una=518326740 snd_nxt=518368816 rcv_nxt=1946715251 rwnd=65535 recv_used=0 right_edge=518392275 flight=42076 sample_rtt=NA srtt=0.043359 rttvar=0.000180 rto=60.000000 retransmitted=0 dupack=0
timestamp_ns=3921586123199 event=SEND state=ESTABLISHED seq=518370196 ack=1946715251 snd_una=518326740 snd_nxt=518370196 rcv_nxt=1946715251 rwnd=65535 recv_used=0 right_edge=518392275 flight=43456 sample_rtt=NA srtt=0.043359 rttvar=0.000180 rto=60.000000 retransmitted=0 dupack=0
timestamp_ns=3921586125183 event=SEND state=ESTABLISHED seq=518371576 ack=1946715251 snd_una=518326740 snd_nxt=518371576 rcv_nxt=1946715251 rwnd=65535 recv_used=0 right_edge=518392275 flight=44836 sample_rtt=NA srtt=0.043359 rttvar=0.000180 rto=60.000000 retransmitted=0 dupack=0
timestamp_ns=3921586169507 event=SEND state=ESTABLISHED seq=518372956 ack=1946715251 snd_una=518326740 snd_nxt=518372956 rcv_nxt=1946715251 rwnd=65535 recv_used=0 right_edge=518392275 flight=46216 sample_rtt=NA srtt=0.043359 rttvar=0.000180 rto=60.000000 retransmitted=0 dupack=0
timestamp_ns=3921586171581 event=SEND state=ESTABLISHED seq=518374336 ack=1946715251 snd_una=518326740 snd_nxt=518374336 rcv_nxt=1946715251 rwnd=65535 recv_used=0 right_edge=518392275 flight=47596 sample_rtt=NA srtt=0.043359 rttvar=0.000180 rto=60.000000 retransmitted=0 dupack=0
timestamp_ns=3921586173424 event=SEND state=ESTABLISHED seq=518375716 ack=1946715251 snd_una=518326740 snd_nxt=518375716 rcv_nxt=1946715251 rwnd=65535 recv_used=0 right_edge=518392275 flight=48976 sample_rtt=NA srtt=0.043359 rttvar=0.000180 rto=60.000000 retransmitted=0 dupack=0
timestamp_ns=3921586175228 event=SEND state=ESTABLISHED seq=518377096 ack=1946715251 snd_una=518326740 snd_nxt=518377096 rcv_nxt=1946715251 rwnd=65535 recv_used=0 right_edge=518392275 flight=50356 sample_rtt=NA srtt=0.043359 rttvar=0.000180 rto=60.000000 retransmitted=0 dupack=0
timestamp_ns=3921586178003 event=SEND state=ESTABLISHED seq=518378476 ack=1946715251 snd_una=518326740 snd_nxt=518378476 rcv_nxt=1946715251 rwnd=65535 recv_used=0 right_edge=518392275 flight=51736 sample_rtt=NA srtt=0.043359 rttvar=0.000180 rto=60.000000 retransmitted=0 dupack=0
timestamp_ns=3921586180007 event=SEND state=ESTABLISHED seq=518379856 ack=1946715251 snd_una=518326740 snd_nxt=518379856 rcv_nxt=1946715251 rwnd=65535 recv_used=0 right_edge=518392275 flight=53116 sample_rtt=NA srtt=0.043359 rttvar=0.000180 rto=60.000000 retransmitted=0 dupack=0
timestamp_ns=3921586181880 event=SEND state=ESTABLISHED seq=518381236 ack=1946715251 snd_una=518326740 snd_nxt=518381236 rcv_nxt=1946715251 rwnd=65535 recv_used=0 right_edge=518392275 flight=54496 sample_rtt=NA srtt=0.043359 rttvar=0.000180 rto=60.000000 retransmitted=0 dupack=0
timestamp_ns=3921586184125 event=SEND state=ESTABLISHED seq=518382616 ack=1946715251 snd_una=518326740 snd_nxt=518382616 rcv_nxt=1946715251 rwnd=65535 recv_used=0 right_edge=518392275 flight=55876 sample_rtt=NA srtt=0.043359 rttvar=0.000180 rto=60.000000 retransmitted=0 dupack=0
timestamp_ns=3921586186028 event=SEND state=ESTABLISHED seq=518383996 ack=1946715251 snd_una=518326740 snd_nxt=518383996 rcv_nxt=1946715251 rwnd=65535 recv_used=0 right_edge=518392275 flight=57256 sample_rtt=NA srtt=0.043359 rttvar=0.000180 rto=60.000000 retransmitted=0 dupack=0
timestamp_ns=3921586187872 event=SEND state=ESTABLISHED seq=518385376 ack=1946715251 snd_una=518326740 snd_nxt=518385376 rcv_nxt=1946715251 rwnd=65535 recv_used=0 right_edge=518392275 flight=58636 sample_rtt=NA srtt=0.043359 rttvar=0.000180 rto=60.000000 retransmitted=0 dupack=0
timestamp_ns=3921586189705 event=SEND state=ESTABLISHED seq=518386756 ack=1946715251 snd_una=518326740 snd_nxt=518386756 rcv_nxt=1946715251 rwnd=65535 recv_used=0 right_edge=518392275 flight=60016 sample_rtt=NA srtt=0.043359 rttvar=0.000180 rto=60.000000 retransmitted=0 dupack=0
timestamp_ns=3921586192370 event=SEND state=ESTABLISHED seq=518388136 ack=1946715251 snd_una=518326740 snd_nxt=518388136 rcv_nxt=1946715251 rwnd=65535 recv_used=0 right_edge=518392275 flight=61396 sample_rtt=NA srtt=0.043359 rttvar=0.000180 rto=60.000000 retransmitted=0 dupack=0
timestamp_ns=3921586194404 event=SEND state=ESTABLISHED seq=518389516 ack=1946715251 snd_una=518326740 snd_nxt=518389516 rcv_nxt=1946715251 rwnd=65535 recv_used=0 right_edge=518392275 flight=62776 sample_rtt=NA srtt=0.043359 rttvar=0.000180 rto=60.000000 retransmitted=0 dupack=0
timestamp_ns=3921586196758 event=ACK_ADVANCE state=ESTABLISHED seq=518390896 ack=518326740 snd_una=518326740 snd_nxt=518390896 rcv_nxt=1946715251 rwnd=65535 recv_used=0 right_edge=518392275 flight=64156 sample_rtt=NA srtt=0.043359 rttvar=0.000180 rto=60.000000 retransmitted=0 dupack=0
timestamp_ns=3921628634682 event=RECEIVE state=ESTABLISHED seq=1946715251 ack=518326740 snd_una=518326740 snd_nxt=518390896 rcv_nxt=1946715251 rwnd=65535 recv_used=0 right_edge=518392275 flight=64156 sample_rtt=NA srtt=0.043359 rttvar=0.000180 rto=60.000000 retransmitted=0 dupack=0
timestamp_ns=3921628677443 event=RECEIVE state=ESTABLISHED seq=1946715251 ack=518326740 snd_una=518326740 snd_nxt=518390896 rcv_nxt=1946715251 rwnd=65535 recv_used=0 right_edge=518392275 flight=64156 sample_rtt=NA srtt=0.043359 rttvar=0.000180 rto=60.000000 retransmitted=0 dupack=1
timestamp_ns=3921628679306 event=RECEIVE state=ESTABLISHED seq=1946715251 ack=518326740 snd_una=518326740 snd_nxt=518390896 rcv_nxt=1946715251 rwnd=65535 recv_used=0 right_edge=518392275 flight=64156 sample_rtt=NA srtt=0.043359 rttvar=0.000180 rto=60.000000 retransmitted=0 dupack=2
timestamp_ns=3921628682923 event=RETRANSMIT state=ESTABLISHED seq=518326740 ack=1946715251 snd_una=518326740 snd_nxt=518390896 rcv_nxt=1946715251 rwnd=65535 recv_used=0 right_edge=518392275 flight=64156 sample_rtt=NA srtt=0.043359 rttvar=0.000180 rto=60.000000 retransmitted=1 dupack=3
timestamp_ns=3921628708742 event=FAST_RETRANSMIT state=ESTABLISHED seq=518326740 ack=518326740 snd_una=518326740 snd_nxt=518390896 rcv_nxt=1946715251 rwnd=65535 recv_used=0 right_edge=518392275 flight=64156 sample_rtt=NA srtt=0.043359 rttvar=0.000180 rto=60.000000 retransmitted=1 dupack=3
timestamp_ns=3921628713621 event=RECEIVE state=ESTABLISHED seq=1946715251 ack=518326740 snd_una=518326740 snd_nxt=518390896 rcv_nxt=1946715251 rwnd=65535 recv_used=0 right_edge=518392275 flight=64156 sample_rtt=NA srtt=0.043359 rttvar=0.000180 rto=60.000000 retransmitted=0 dupack=3
timestamp_ns=3921628714834 event=RECEIVE state=ESTABLISHED seq=1946715251 ack=518326740 snd_una=518326740 snd_nxt=518390896 rcv_nxt=1946715251 rwnd=65535 recv_used=0 right_edge=518392275 flight=64156 sample_rtt=NA srtt=0.043359 rttvar=0.000180 rto=60.000000 retransmitted=0 dupack=4
timestamp_ns=3921628715886 event=RECEIVE state=ESTABLISHED seq=1946715251 ack=518326740 snd_una=518326740 snd_nxt=518390896 rcv_nxt=1946715251 rwnd=65535 recv_used=0 right_edge=518392275 flight=64156 sample_rtt=NA srtt=0.043359 rttvar=0.000180 rto=60.000000 retransmitted=0 dupack=5
timestamp_ns=3921628716928 event=RECEIVE state=ESTABLISHED seq=1946715251 ack=518326740 snd_una=518326740 snd_nxt=518390896 rcv_nxt=1946715251 rwnd=65535 recv_used=0 right_edge=518392275 flight=64156 sample_rtt=NA srtt=0.043359 rttvar=0.000180 rto=60.000000 retransmitted=0 dupack=6
timestamp_ns=3921628717940 event=RECEIVE state=ESTABLISHED seq=1946715251 ack=518326740 snd_una=518326740 snd_nxt=518390896 rcv_nxt=1946715251 rwnd=65535 recv_used=0 right_edge=518392275 flight=64156 sample_rtt=NA srtt=0.043359 rttvar=0.000180 rto=60.000000 retransmitted=0 dupack=7
timestamp_ns=3921628718982 event=RECEIVE state=ESTABLISHED seq=1946715251 ack=518326740 snd_una=518326740 snd_nxt=518390896 rcv_nxt=1946715251 rwnd=65535 recv_used=0 right_edge=518392275 flight=64156 sample_rtt=NA srtt=0.043359 rttvar=0.000180 rto=60.000000 retransmitted=0 dupack=8
timestamp_ns=3921628719984 event=RECEIVE state=ESTABLISHED seq=1946715251 ack=518326740 snd_una=518326740 snd_nxt=518390896 rcv_nxt=1946715251 rwnd=65535 recv_used=0 right_edge=518392275 flight=64156 sample_rtt=NA srtt=0.043359 rttvar=0.000180 rto=60.000000 retransmitted=0 dupack=9
timestamp_ns=3921628721005 event=RECEIVE state=ESTABLISHED seq=1946715251 ack=518326740 snd_una=518326740 snd_nxt=518390896 rcv_nxt=1946715251 rwnd=65535 recv_used=0 right_edge=518392275 flight=64156 sample_rtt=NA srtt=0.043359 rttvar=0.000180 rto=60.000000 retransmitted=0 dupack=10
timestamp_ns=3921628722148 event=RECEIVE state=ESTABLISHED seq=1946715251 ack=518326740 snd_una=518326740 snd_nxt=518390896 rcv_nxt=1946715251 rwnd=65535 recv_used=0 right_edge=518392275 flight=64156 sample_rtt=NA srtt=0.043359 rttvar=0.000180 rto=60.000000 retransmitted=0 dupack=11
timestamp_ns=3921628723200 event=RECEIVE state=ESTABLISHED seq=1946715251 ack=518326740 snd_una=518326740 snd_nxt=518390896 rcv_nxt=1946715251 rwnd=65535 recv_used=0 right_edge=518392275 flight=64156 sample_rtt=NA srtt=0.043359 rttvar=0.000180 rto=60.000000 retransmitted=0 dupack=12
timestamp_ns=3921628726426 event=RECEIVE state=ESTABLISHED seq=1946715251 ack=518326740 snd_una=518326740 snd_nxt=518390896 rcv_nxt=1946715251 rwnd=65535 recv_used=0 right_edge=518392275 flight=64156 sample_rtt=NA srtt=0.043359 rttvar=0.000180 rto=60.000000 retransmitted=0 dupack=13
timestamp_ns=3921628727678 event=RECEIVE state=ESTABLISHED seq=1946715251 ack=518326740 snd_una=518326740 snd_nxt=518390896 rcv_nxt=1946715251 rwnd=65535 recv_used=0 right_edge=518392275 flight=64156 sample_rtt=NA srtt=0.043359 rttvar=0.000180 rto=60.000000 retransmitted=0 dupack=14
timestamp_ns=3921671079237 event=RECEIVE state=ESTABLISHED seq=1946715251 ack=518364676 snd_una=518326740 snd_nxt=518390896 rcv_nxt=1946715251 rwnd=65535 recv_used=0 right_edge=518392275 flight=64156 sample_rtt=NA srtt=0.043359 rttvar=0.000180 rto=60.000000 retransmitted=0 dupack=15
timestamp_ns=3921671106840 event=SEND state=ESTABLISHED seq=518390896 ack=1946715251 snd_una=518364676 snd_nxt=518390896 rcv_nxt=1946715251 rwnd=65535 recv_used=0 right_edge=518430211 flight=26220 sample_rtt=NA srtt=0.043359 rttvar=0.000180 rto=60.000000 retransmitted=0 dupack=0
timestamp_ns=3921671123401 event=SEND state=ESTABLISHED seq=518392276 ack=1946715251 snd_una=518364676 snd_nxt=518392276 rcv_nxt=1946715251 rwnd=65535 recv_used=0 right_edge=518430211 flight=27600 sample_rtt=NA srtt=0.043359 rttvar=0.000180 rto=60.000000 retransmitted=0 dupack=0
timestamp_ns=3921671125936 event=SEND state=ESTABLISHED seq=518393656 ack=1946715251 snd_una=518364676 snd_nxt=518393656 rcv_nxt=1946715251 rwnd=65535 recv_used=0 right_edge=518430211 flight=28980 sample_rtt=NA srtt=0.043359 rttvar=0.000180 rto=60.000000 retransmitted=0 dupack=0
timestamp_ns=3921671128320 event=SEND state=ESTABLISHED seq=518395036 ack=1946715251 snd_una=518364676 snd_nxt=518395036 rcv_nxt=1946715251 rwnd=65535 recv_used=0 right_edge=518430211 flight=30360 sample_rtt=NA srtt=0.043359 rttvar=0.000180 rto=60.000000 retransmitted=0 dupack=0
timestamp_ns=3921671130154 event=SEND state=ESTABLISHED seq=518396416 ack=1946715251 snd_una=518364676 snd_nxt=518396416 rcv_nxt=1946715251 rwnd=65535 recv_used=0 right_edge=518430211 flight=31740 sample_rtt=NA srtt=0.043359 rttvar=0.000180 rto=60.000000 retransmitted=0 dupack=0
timestamp_ns=3921671132078 event=SEND state=ESTABLISHED seq=518397796 ack=1946715251 snd_una=518364676 snd_nxt=518397796 rcv_nxt=1946715251 rwnd=65535 recv_used=0 right_edge=518430211 flight=33120 sample_rtt=NA srtt=0.043359 rttvar=0.000180 rto=60.000000 retransmitted=0 dupack=0
timestamp_ns=3921671133841 event=SEND state=ESTABLISHED seq=518399176 ack=1946715251 snd_una=518364676 snd_nxt=518399176 rcv_nxt=1946715251 rwnd=65535 recv_used=0 right_edge=518430211 flight=34500 sample_rtt=NA srtt=0.043359 rttvar=0.000180 rto=60.000000 retransmitted=0 dupack=0
timestamp_ns=3921671135865 event=SEND state=ESTABLISHED seq=518400556 ack=1946715251 snd_una=518364676 snd_nxt=518400556 rcv_nxt=1946715251 rwnd=65535 recv_used=0 right_edge=518430211 flight=35880 sample_rtt=NA srtt=0.043359 rttvar=0.000180 rto=60.000000 retransmitted=0 dupack=0
timestamp_ns=3921671138249 event=SEND state=ESTABLISHED seq=518401936 ack=1946715251 snd_una=518364676 snd_nxt=518401936 rcv_nxt=1946715251 rwnd=65535 recv_used=0 right_edge=518430211 flight=37260 sample_rtt=NA srtt=0.043359 rttvar=0.000180 rto=60.000000 retransmitted=0 dupack=0
timestamp_ns=3921671140043 event=SEND state=ESTABLISHED seq=518403316 ack=1946715251 snd_una=518364676 snd_nxt=518403316 rcv_nxt=1946715251 rwnd=65535 recv_used=0 right_edge=518430211 flight=38640 sample_rtt=NA srtt=0.043359 rttvar=0.000180 rto=60.000000 retransmitted=0 dupack=0
timestamp_ns=3921671141916 event=SEND state=ESTABLISHED seq=518404696 ack=1946715251 snd_una=518364676 snd_nxt=518404696 rcv_nxt=1946715251 rwnd=65535 recv_used=0 right_edge=518430211 flight=40020 sample_rtt=NA srtt=0.043359 rttvar=0.000180 rto=60.000000 retransmitted=0 dupack=0
timestamp_ns=3921671143770 event=SEND state=ESTABLISHED seq=518406076 ack=1946715251 snd_una=518364676 snd_nxt=518406076 rcv_nxt=1946715251 rwnd=65535 recv_used=0 right_edge=518430211 flight=41400 sample_rtt=NA srtt=0.043359 rttvar=0.000180 rto=60.000000 retransmitted=0 dupack=0
timestamp_ns=3921671172995 event=SEND state=ESTABLISHED seq=518407456 ack=1946715251 snd_una=518364676 snd_nxt=518407456 rcv_nxt=1946715251 rwnd=65535 recv_used=0 right_edge=518430211 flight=42780 sample_rtt=NA srtt=0.043359 rttvar=0.000180 rto=60.000000 retransmitted=0 dupack=0
timestamp_ns=3921671175169 event=SEND state=ESTABLISHED seq=518408836 ack=1946715251 snd_una=518364676 snd_nxt=518408836 rcv_nxt=1946715251 rwnd=65535 recv_used=0 right_edge=518430211 flight=44160 sample_rtt=NA srtt=0.043359 rttvar=0.000180 rto=60.000000 retransmitted=0 dupack=0
timestamp_ns=3921671177143 event=SEND state=ESTABLISHED seq=518410216 ack=1946715251 snd_una=518364676 snd_nxt=518410216 rcv_nxt=1946715251 rwnd=65535 recv_used=0 right_edge=518430211 flight=45540 sample_rtt=NA srtt=0.043359 rttvar=0.000180 rto=60.000000 retransmitted=0 dupack=0
timestamp_ns=3921671179437 event=SEND state=ESTABLISHED seq=518411596 ack=1946715251 snd_una=518364676 snd_nxt=518411596 rcv_nxt=1946715251 rwnd=65535 recv_used=0 right_edge=518430211 flight=46920 sample_rtt=NA srtt=0.043359 rttvar=0.000180 rto=60.000000 retransmitted=0 dupack=0
timestamp_ns=3921671181441 event=SEND state=ESTABLISHED seq=518412272 ack=1946715251 snd_una=518364676 snd_nxt=518412272 rcv_nxt=1946715251 rwnd=65535 recv_used=0 right_edge=518430211 flight=47596 sample_rtt=NA srtt=0.043359 rttvar=0.000180 rto=60.000000 retransmitted=0 dupack=0
timestamp_ns=3921671183275 event=SEND state=ESTABLISHED seq=518413652 ack=1946715251 snd_una=518364676 snd_nxt=518413652 rcv_nxt=1946715251 rwnd=65535 recv_used=0 right_edge=518430211 flight=48976 sample_rtt=NA srtt=0.043359 rttvar=0.000180 rto=60.000000 retransmitted=0 dupack=0
timestamp_ns=3921671185068 event=SEND state=ESTABLISHED seq=518415032 ack=1946715251 snd_una=518364676 snd_nxt=518415032 rcv_nxt=1946715251 rwnd=65535 recv_used=0 right_edge=518430211 flight=50356 sample_rtt=NA srtt=0.043359 rttvar=0.000180 rto=60.000000 retransmitted=0 dupack=0
timestamp_ns=3921671187142 event=SEND state=ESTABLISHED seq=518416412 ack=1946715251 snd_una=518364676 snd_nxt=518416412 rcv_nxt=1946715251 rwnd=65535 recv_used=0 right_edge=518430211 flight=51736 sample_rtt=NA srtt=0.043359 rttvar=0.000180 rto=60.000000 retransmitted=0 dupack=0
timestamp_ns=3921671188965 event=SEND state=ESTABLISHED seq=518417792 ack=1946715251 snd_una=518364676 snd_nxt=518417792 rcv_nxt=1946715251 rwnd=65535 recv_used=0 right_edge=518430211 flight=53116 sample_rtt=NA srtt=0.043359 rttvar=0.000180 rto=60.000000 retransmitted=0 dupack=0
timestamp_ns=3921671191049 event=SEND state=ESTABLISHED seq=518419172 ack=1946715251 snd_una=518364676 snd_nxt=518419172 rcv_nxt=1946715251 rwnd=65535 recv_used=0 right_edge=518430211 flight=54496 sample_rtt=NA srtt=0.043359 rttvar=0.000180 rto=60.000000 retransmitted=0 dupack=0
timestamp_ns=3921671192853 event=SEND state=ESTABLISHED seq=518420552 ack=1946715251 snd_una=518364676 snd_nxt=518420552 rcv_nxt=1946715251 rwnd=65535 recv_used=0 right_edge=518430211 flight=55876 sample_rtt=NA srtt=0.043359 rttvar=0.000180 rto=60.000000 retransmitted=0 dupack=0
timestamp_ns=3921671195428 event=SEND state=ESTABLISHED seq=518421932 ack=1946715251 snd_una=518364676 snd_nxt=518421932 rcv_nxt=1946715251 rwnd=65535 recv_used=0 right_edge=518430211 flight=57256 sample_rtt=NA srtt=0.043359 rttvar=0.000180 rto=60.000000 retransmitted=0 dupack=0
timestamp_ns=3921671197311 event=SEND state=ESTABLISHED seq=518423312 ack=1946715251 snd_una=518364676 snd_nxt=518423312 rcv_nxt=1946715251 rwnd=65535 recv_used=0 right_edge=518430211 flight=58636 sample_rtt=NA srtt=0.043359 rttvar=0.000180 rto=60.000000 retransmitted=0 dupack=0
timestamp_ns=3921671199175 event=SEND state=ESTABLISHED seq=518424692 ack=1946715251 snd_una=518364676 snd_nxt=518424692 rcv_nxt=1946715251 rwnd=65535 recv_used=0 right_edge=518430211 flight=60016 sample_rtt=NA srtt=0.043359 rttvar=0.000180 rto=60.000000 retransmitted=0 dupack=0
timestamp_ns=3921671202862 event=SEND state=ESTABLISHED seq=518426072 ack=1946715251 snd_una=518364676 snd_nxt=518426072 rcv_nxt=1946715251 rwnd=65535 recv_used=0 right_edge=518430211 flight=61396 sample_rtt=NA srtt=0.043359 rttvar=0.000180 rto=60.000000 retransmitted=0 dupack=0
timestamp_ns=3921671205016 event=SEND state=ESTABLISHED seq=518427452 ack=1946715251 snd_una=518364676 snd_nxt=518427452 rcv_nxt=1946715251 rwnd=65535 recv_used=0 right_edge=518430211 flight=62776 sample_rtt=NA srtt=0.043359 rttvar=0.000180 rto=60.000000 retransmitted=0 dupack=0
timestamp_ns=3921671206709 event=ACK_ADVANCE state=ESTABLISHED seq=518428832 ack=518364676 snd_una=518364676 snd_nxt=518428832 rcv_nxt=1946715251 rwnd=65535 recv_used=0 right_edge=518430211 flight=64156 sample_rtt=NA srtt=0.043359 rttvar=0.000180 rto=60.000000 retransmitted=0 dupack=0
timestamp_ns=3921714361796 event=RECEIVE state=ESTABLISHED seq=1946715251 ack=518364676 snd_una=518364676 snd_nxt=518428832 rcv_nxt=1946715251 rwnd=65535 recv_used=0 right_edge=518430211 flight=64156 sample_rtt=NA srtt=0.043359 rttvar=0.000180 rto=60.000000 retransmitted=0 dupack=0
timestamp_ns=3921714373198 event=RECEIVE state=ESTABLISHED seq=1946715251 ack=518364676 snd_una=518364676 snd_nxt=518428832 rcv_nxt=1946715251 rwnd=65535 recv_used=0 right_edge=518430211 flight=64156 sample_rtt=NA srtt=0.043359 rttvar=0.000180 rto=60.000000 retransmitted=0 dupack=1
timestamp_ns=3921714375052 event=RECEIVE state=ESTABLISHED seq=1946715251 ack=518364676 snd_una=518364676 snd_nxt=518428832 rcv_nxt=1946715251 rwnd=65535 recv_used=0 right_edge=518430211 flight=64156 sample_rtt=NA srtt=0.043359 rttvar=0.000180 rto=60.000000 retransmitted=0 dupack=2
timestamp_ns=3921714378528 event=RETRANSMIT state=ESTABLISHED seq=518364676 ack=1946715251 snd_una=518364676 snd_nxt=518428832 rcv_nxt=1946715251 rwnd=65535 recv_used=0 right_edge=518430211 flight=64156 sample_rtt=NA srtt=0.043359 rttvar=0.000180 rto=60.000000 retransmitted=1 dupack=3
timestamp_ns=3921714401051 event=FAST_RETRANSMIT state=ESTABLISHED seq=518364676 ack=518364676 snd_una=518364676 snd_nxt=518428832 rcv_nxt=1946715251 rwnd=65535 recv_used=0 right_edge=518430211 flight=64156 sample_rtt=NA srtt=0.043359 rttvar=0.000180 rto=60.000000 retransmitted=1 dupack=3
timestamp_ns=3921714405760 event=RECEIVE state=ESTABLISHED seq=1946715251 ack=518364676 snd_una=518364676 snd_nxt=518428832 rcv_nxt=1946715251 rwnd=65535 recv_used=0 right_edge=518430211 flight=64156 sample_rtt=NA srtt=0.043359 rttvar=0.000180 rto=60.000000 retransmitted=0 dupack=3
timestamp_ns=3921714407002 event=RECEIVE state=ESTABLISHED seq=1946715251 ack=518364676 snd_una=518364676 snd_nxt=518428832 rcv_nxt=1946715251 rwnd=65535 recv_used=0 right_edge=518430211 flight=64156 sample_rtt=NA srtt=0.043359 rttvar=0.000180 rto=60.000000 retransmitted=0 dupack=4
timestamp_ns=3921714408124 event=RECEIVE state=ESTABLISHED seq=1946715251 ack=518364676 snd_una=518364676 snd_nxt=518428832 rcv_nxt=1946715251 rwnd=65535 recv_used=0 right_edge=518430211 flight=64156 sample_rtt=NA srtt=0.043359 rttvar=0.000180 rto=60.000000 retransmitted=0 dupack=5
timestamp_ns=3921714409126 event=RECEIVE state=ESTABLISHED seq=1946715251 ack=518364676 snd_una=518364676 snd_nxt=518428832 rcv_nxt=1946715251 rwnd=65535 recv_used=0 right_edge=518430211 flight=64156 sample_rtt=NA srtt=0.043359 rttvar=0.000180 rto=60.000000 retransmitted=0 dupack=6
timestamp_ns=3921714410128 event=RECEIVE state=ESTABLISHED seq=1946715251 ack=518364676 snd_una=518364676 snd_nxt=518428832 rcv_nxt=1946715251 rwnd=65535 recv_used=0 right_edge=518430211 flight=64156 sample_rtt=NA srtt=0.043359 rttvar=0.000180 rto=60.000000 retransmitted=0 dupack=7
timestamp_ns=3921714411140 event=RECEIVE state=ESTABLISHED seq=1946715251 ack=518364676 snd_una=518364676 snd_nxt=518428832 rcv_nxt=1946715251 rwnd=65535 recv_used=0 right_edge=518430211 flight=64156 sample_rtt=NA srtt=0.043359 rttvar=0.000180 rto=60.000000 retransmitted=0 dupack=8
timestamp_ns=3921714412132 event=RECEIVE state=ESTABLISHED seq=1946715251 ack=518364676 snd_una=518364676 snd_nxt=518428832 rcv_nxt=1946715251 rwnd=65535 recv_used=0 right_edge=518430211 flight=64156 sample_rtt=NA srtt=0.043359 rttvar=0.000180 rto=60.000000 retransmitted=0 dupack=9
timestamp_ns=3921714437330 event=RECEIVE state=ESTABLISHED seq=1946715251 ack=518364676 snd_una=518364676 snd_nxt=518428832 rcv_nxt=1946715251 rwnd=65535 recv_used=0 right_edge=518430211 flight=64156 sample_rtt=NA srtt=0.043359 rttvar=0.000180 rto=60.000000 retransmitted=0 dupack=10
timestamp_ns=3921714438442 event=RECEIVE state=ESTABLISHED seq=1946715251 ack=518364676 snd_una=518364676 snd_nxt=518428832 rcv_nxt=1946715251 rwnd=65535 recv_used=0 right_edge=518430211 flight=64156 sample_rtt=NA srtt=0.043359 rttvar=0.000180 rto=60.000000 retransmitted=0 dupack=11
timestamp_ns=3921714439504 event=RECEIVE state=ESTABLISHED seq=1946715251 ack=518364676 snd_una=518364676 snd_nxt=518428832 rcv_nxt=1946715251 rwnd=65535 recv_used=0 right_edge=518430211 flight=64156 sample_rtt=NA srtt=0.043359 rttvar=0.000180 rto=60.000000 retransmitted=0 dupack=12
timestamp_ns=3921714440526 event=RECEIVE state=ESTABLISHED seq=1946715251 ack=518364676 snd_una=518364676 snd_nxt=518428832 rcv_nxt=1946715251 rwnd=65535 recv_used=0 right_edge=518430211 flight=64156 sample_rtt=NA srtt=0.043359 rttvar=0.000180 rto=60.000000 retransmitted=0 dupack=13
timestamp_ns=3921714441538 event=RECEIVE state=ESTABLISHED seq=1946715251 ack=518364676 snd_una=518364676 snd_nxt=518428832 rcv_nxt=1946715251 rwnd=65535 recv_used=0 right_edge=518430211 flight=64156 sample_rtt=NA srtt=0.043359 rttvar=0.000180 rto=60.000000 retransmitted=0 dupack=14
timestamp_ns=3921714442630 event=RECEIVE state=ESTABLISHED seq=1946715251 ack=518364676 snd_una=518364676 snd_nxt=518428832 rcv_nxt=1946715251 rwnd=65535 recv_used=0 right_edge=518430211 flight=64156 sample_rtt=NA srtt=0.043359 rttvar=0.000180 rto=60.000000 retransmitted=0 dupack=15
timestamp_ns=3921714443682 event=RECEIVE state=ESTABLISHED seq=1946715251 ack=518364676 snd_una=518364676 snd_nxt=518428832 rcv_nxt=1946715251 rwnd=65535 recv_used=0 right_edge=518430211 flight=64156 sample_rtt=NA srtt=0.043359 rttvar=0.000180 rto=60.000000 retransmitted=0 dupack=16
timestamp_ns=3921714444714 event=RECEIVE state=ESTABLISHED seq=1946715251 ack=518364676 snd_una=518364676 snd_nxt=518428832 rcv_nxt=1946715251 rwnd=65535 recv_used=0 right_edge=518430211 flight=64156 sample_rtt=NA srtt=0.043359 rttvar=0.000180 rto=60.000000 retransmitted=0 dupack=17
timestamp_ns=3921714445705 event=RECEIVE state=ESTABLISHED seq=1946715251 ack=518364676 snd_una=518364676 snd_nxt=518428832 rcv_nxt=1946715251 rwnd=65535 recv_used=0 right_edge=518430211 flight=64156 sample_rtt=NA srtt=0.043359 rttvar=0.000180 rto=60.000000 retransmitted=0 dupack=18
timestamp_ns=3921714446717 event=RECEIVE state=ESTABLISHED seq=1946715251 ack=518364676 snd_una=518364676 snd_nxt=518428832 rcv_nxt=1946715251 rwnd=65535 recv_used=0 right_edge=518430211 flight=64156 sample_rtt=NA srtt=0.043359 rttvar=0.000180 rto=60.000000 retransmitted=0 dupack=19
timestamp_ns=3921714447709 event=RECEIVE state=ESTABLISHED seq=1946715251 ack=518364676 snd_una=518364676 snd_nxt=518428832 rcv_nxt=1946715251 rwnd=65535 recv_used=0 right_edge=518430211 flight=64156 sample_rtt=NA srtt=0.043359 rttvar=0.000180 rto=60.000000 retransmitted=0 dupack=20
timestamp_ns=3921714448701 event=RECEIVE state=ESTABLISHED seq=1946715251 ack=518364676 snd_una=518364676 snd_nxt=518428832 rcv_nxt=1946715251 rwnd=65535 recv_used=0 right_edge=518430211 flight=64156 sample_rtt=NA srtt=0.043359 rttvar=0.000180 rto=60.000000 retransmitted=0 dupack=21
timestamp_ns=3921714449883 event=RECEIVE state=ESTABLISHED seq=1946715251 ack=518364676 snd_una=518364676 snd_nxt=518428832 rcv_nxt=1946715251 rwnd=65535 recv_used=0 right_edge=518430211 flight=64156 sample_rtt=NA srtt=0.043359 rttvar=0.000180 rto=60.000000 retransmitted=0 dupack=22
timestamp_ns=3921758082706 event=RECEIVE state=ESTABLISHED seq=1946715251 ack=518378476 snd_una=518364676 snd_nxt=518428832 rcv_nxt=1946715251 rwnd=65535 recv_used=0 right_edge=518430211 flight=64156 sample_rtt=NA srtt=0.043359 rttvar=0.000180 rto=60.000000 retransmitted=0 dupack=23
timestamp_ns=3921758125066 event=SEND state=ESTABLISHED seq=518428832 ack=1946715251 snd_una=518378476 snd_nxt=518428832 rcv_nxt=1946715251 rwnd=65535 recv_used=0 right_edge=518444011 flight=50356 sample_rtt=NA srtt=0.043359 rttvar=0.000180 rto=60.000000 retransmitted=0 dupack=0
timestamp_ns=3921758140145 event=SEND state=ESTABLISHED seq=518430212 ack=1946715251 snd_una=518378476 snd_nxt=518430212 rcv_nxt=1946715251 rwnd=65535 recv_used=0 right_edge=518444011 flight=51736 sample_rtt=NA srtt=0.043359 rttvar=0.000180 rto=60.000000 retransmitted=0 dupack=0
timestamp_ns=3921758142780 event=SEND state=ESTABLISHED seq=518431592 ack=1946715251 snd_una=518378476 snd_nxt=518431592 rcv_nxt=1946715251 rwnd=65535 recv_used=0 right_edge=518444011 flight=53116 sample_rtt=NA srtt=0.043359 rttvar=0.000180 rto=60.000000 retransmitted=0 dupack=0
timestamp_ns=3921758144964 event=SEND state=ESTABLISHED seq=518432972 ack=1946715251 snd_una=518378476 snd_nxt=518432972 rcv_nxt=1946715251 rwnd=65535 recv_used=0 right_edge=518444011 flight=54496 sample_rtt=NA srtt=0.043359 rttvar=0.000180 rto=60.000000 retransmitted=0 dupack=0
timestamp_ns=3921758147329 event=SEND state=ESTABLISHED seq=518434352 ack=1946715251 snd_una=518378476 snd_nxt=518434352 rcv_nxt=1946715251 rwnd=65535 recv_used=0 right_edge=518444011 flight=55876 sample_rtt=NA srtt=0.043359 rttvar=0.000180 rto=60.000000 retransmitted=0 dupack=0
timestamp_ns=3921758149232 event=SEND state=ESTABLISHED seq=518435732 ack=1946715251 snd_una=518378476 snd_nxt=518435732 rcv_nxt=1946715251 rwnd=65535 recv_used=0 right_edge=518444011 flight=57256 sample_rtt=NA srtt=0.043359 rttvar=0.000180 rto=60.000000 retransmitted=0 dupack=0
timestamp_ns=3921758151176 event=SEND state=ESTABLISHED seq=518437112 ack=1946715251 snd_una=518378476 snd_nxt=518437112 rcv_nxt=1946715251 rwnd=65535 recv_used=0 right_edge=518444011 flight=58636 sample_rtt=NA srtt=0.043359 rttvar=0.000180 rto=60.000000 retransmitted=0 dupack=0
timestamp_ns=3921758153029 event=SEND state=ESTABLISHED seq=518438492 ack=1946715251 snd_una=518378476 snd_nxt=518438492 rcv_nxt=1946715251 rwnd=65535 recv_used=0 right_edge=518444011 flight=60016 sample_rtt=NA srtt=0.043359 rttvar=0.000180 rto=60.000000 retransmitted=0 dupack=0
timestamp_ns=3921758155093 event=SEND state=ESTABLISHED seq=518439872 ack=1946715251 snd_una=518378476 snd_nxt=518439872 rcv_nxt=1946715251 rwnd=65535 recv_used=0 right_edge=518444011 flight=61396 sample_rtt=NA srtt=0.043359 rttvar=0.000180 rto=60.000000 retransmitted=0 dupack=0
timestamp_ns=3921758156977 event=SEND state=ESTABLISHED seq=518441252 ack=1946715251 snd_una=518378476 snd_nxt=518441252 rcv_nxt=1946715251 rwnd=65535 recv_used=0 right_edge=518444011 flight=62776 sample_rtt=NA srtt=0.043359 rttvar=0.000180 rto=60.000000 retransmitted=0 dupack=0
timestamp_ns=3921758158810 event=ACK_ADVANCE state=ESTABLISHED seq=518442632 ack=518378476 snd_una=518378476 snd_nxt=518442632 rcv_nxt=1946715251 rwnd=65535 recv_used=0 right_edge=518444011 flight=64156 sample_rtt=NA srtt=0.043359 rttvar=0.000180 rto=60.000000 retransmitted=0 dupack=0
timestamp_ns=3921800682792 event=RECEIVE state=ESTABLISHED seq=1946715251 ack=518378476 snd_una=518378476 snd_nxt=518442632 rcv_nxt=1946715251 rwnd=65535 recv_used=0 right_edge=518444011 flight=64156 sample_rtt=NA srtt=0.043359 rttvar=0.000180 rto=60.000000 retransmitted=0 dupack=0
timestamp_ns=3921800692590 event=RECEIVE state=ESTABLISHED seq=1946715251 ack=518378476 snd_una=518378476 snd_nxt=518442632 rcv_nxt=1946715251 rwnd=65535 recv_used=0 right_edge=518444011 flight=64156 sample_rtt=NA srtt=0.043359 rttvar=0.000180 rto=60.000000 retransmitted=0 dupack=1
timestamp_ns=3921800694273 event=RECEIVE state=ESTABLISHED seq=1946715251 ack=518378476 snd_una=518378476 snd_nxt=518442632 rcv_nxt=1946715251 rwnd=65535 recv_used=0 right_edge=518444011 flight=64156 sample_rtt=NA srtt=0.043359 rttvar=0.000180 rto=60.000000 retransmitted=0 dupack=2
timestamp_ns=3921800697069 event=RETRANSMIT state=ESTABLISHED seq=518378476 ack=1946715251 snd_una=518378476 snd_nxt=518442632 rcv_nxt=1946715251 rwnd=65535 recv_used=0 right_edge=518444011 flight=64156 sample_rtt=NA srtt=0.043359 rttvar=0.000180 rto=60.000000 retransmitted=1 dupack=3
timestamp_ns=3921800739930 event=FAST_RETRANSMIT state=ESTABLISHED seq=518378476 ack=518378476 snd_una=518378476 snd_nxt=518442632 rcv_nxt=1946715251 rwnd=65535 recv_used=0 right_edge=518444011 flight=64156 sample_rtt=NA srtt=0.043359 rttvar=0.000180 rto=60.000000 retransmitted=1 dupack=3
timestamp_ns=3921800745430 event=RECEIVE state=ESTABLISHED seq=1946715251 ack=518378476 snd_una=518378476 snd_nxt=518442632 rcv_nxt=1946715251 rwnd=65535 recv_used=0 right_edge=518444011 flight=64156 sample_rtt=NA srtt=0.043359 rttvar=0.000180 rto=60.000000 retransmitted=0 dupack=3
timestamp_ns=3921800747254 event=RECEIVE state=ESTABLISHED seq=1946715251 ack=518378476 snd_una=518378476 snd_nxt=518442632 rcv_nxt=1946715251 rwnd=65535 recv_used=0 right_edge=518444011 flight=64156 sample_rtt=NA srtt=0.043359 rttvar=0.000180 rto=60.000000 retransmitted=0 dupack=4
timestamp_ns=3921800748857 event=RECEIVE state=ESTABLISHED seq=1946715251 ack=518378476 snd_una=518378476 snd_nxt=518442632 rcv_nxt=1946715251 rwnd=65535 recv_used=0 right_edge=518444011 flight=64156 sample_rtt=NA srtt=0.043359 rttvar=0.000180 rto=60.000000 retransmitted=0 dupack=5
timestamp_ns=3921800750330 event=RECEIVE state=ESTABLISHED seq=1946715251 ack=518378476 snd_una=518378476 snd_nxt=518442632 rcv_nxt=1946715251 rwnd=65535 recv_used=0 right_edge=518444011 flight=64156 sample_rtt=NA srtt=0.043359 rttvar=0.000180 rto=60.000000 retransmitted=0 dupack=6
timestamp_ns=3921800751772 event=RECEIVE state=ESTABLISHED seq=1946715251 ack=518378476 snd_una=518378476 snd_nxt=518442632 rcv_nxt=1946715251 rwnd=65535 recv_used=0 right_edge=518444011 flight=64156 sample_rtt=NA srtt=0.043359 rttvar=0.000180 rto=60.000000 retransmitted=0 dupack=7
timestamp_ns=3921800753225 event=RECEIVE state=ESTABLISHED seq=1946715251 ack=518378476 snd_una=518378476 snd_nxt=518442632 rcv_nxt=1946715251 rwnd=65535 recv_used=0 right_edge=518444011 flight=64156 sample_rtt=NA srtt=0.043359 rttvar=0.000180 rto=60.000000 retransmitted=0 dupack=8
timestamp_ns=3921800755259 event=RECEIVE state=ESTABLISHED seq=1946715251 ack=518378476 snd_una=518378476 snd_nxt=518442632 rcv_nxt=1946715251 rwnd=65535 recv_used=0 right_edge=518444011 flight=64156 sample_rtt=NA srtt=0.043359 rttvar=0.000180 rto=60.000000 retransmitted=0 dupack=9
timestamp_ns=3921844152020 event=RECEIVE state=ESTABLISHED seq=1946715251 ack=518393656 snd_una=518378476 snd_nxt=518442632 rcv_nxt=1946715251 rwnd=65535 recv_used=0 right_edge=518444011 flight=64156 sample_rtt=NA srtt=0.043359 rttvar=0.000180 rto=60.000000 retransmitted=0 dupack=10
timestamp_ns=3921844170324 event=SEND state=ESTABLISHED seq=518442632 ack=1946715251 snd_una=518393656 snd_nxt=518442632 rcv_nxt=1946715251 rwnd=65535 recv_used=0 right_edge=518459191 flight=48976 sample_rtt=NA srtt=0.043359 rttvar=0.000180 rto=60.000000 retransmitted=0 dupack=0
timestamp_ns=3921844183760 event=SEND state=ESTABLISHED seq=518444012 ack=1946715251 snd_una=518393656 snd_nxt=518444012 rcv_nxt=1946715251 rwnd=65535 recv_used=0 right_edge=518459191 flight=50356 sample_rtt=NA srtt=0.043359 rttvar=0.000180 rto=60.000000 retransmitted=0 dupack=0
timestamp_ns=3921844186144 event=SEND state=ESTABLISHED seq=518445392 ack=1946715251 snd_una=518393656 snd_nxt=518445392 rcv_nxt=1946715251 rwnd=65535 recv_used=0 right_edge=518459191 flight=51736 sample_rtt=NA srtt=0.043359 rttvar=0.000180 rto=60.000000 retransmitted=0 dupack=0
timestamp_ns=3921844188058 event=SEND state=ESTABLISHED seq=518446772 ack=1946715251 snd_una=518393656 snd_nxt=518446772 rcv_nxt=1946715251 rwnd=65535 recv_used=0 right_edge=518459191 flight=53116 sample_rtt=NA srtt=0.043359 rttvar=0.000180 rto=60.000000 retransmitted=0 dupack=0
timestamp_ns=3921844190012 event=SEND state=ESTABLISHED seq=518448152 ack=1946715251 snd_una=518393656 snd_nxt=518448152 rcv_nxt=1946715251 rwnd=65535 recv_used=0 right_edge=518459191 flight=54496 sample_rtt=NA srtt=0.043359 rttvar=0.000180 rto=60.000000 retransmitted=0 dupack=0
timestamp_ns=3921844210641 event=SEND state=ESTABLISHED seq=518449532 ack=1946715251 snd_una=518393656 snd_nxt=518449532 rcv_nxt=1946715251 rwnd=65535 recv_used=0 right_edge=518459191 flight=55876 sample_rtt=NA srtt=0.043359 rttvar=0.000180 rto=60.000000 retransmitted=0 dupack=0
timestamp_ns=3921844212715 event=SEND state=ESTABLISHED seq=518450912 ack=1946715251 snd_una=518393656 snd_nxt=518450912 rcv_nxt=1946715251 rwnd=65535 recv_used=0 right_edge=518459191 flight=57256 sample_rtt=NA srtt=0.043359 rttvar=0.000180 rto=60.000000 retransmitted=0 dupack=0
timestamp_ns=3921844214608 event=SEND state=ESTABLISHED seq=518452292 ack=1946715251 snd_una=518393656 snd_nxt=518452292 rcv_nxt=1946715251 rwnd=65535 recv_used=0 right_edge=518459191 flight=58636 sample_rtt=NA srtt=0.043359 rttvar=0.000180 rto=60.000000 retransmitted=0 dupack=0
timestamp_ns=3921844216432 event=SEND state=ESTABLISHED seq=518453672 ack=1946715251 snd_una=518393656 snd_nxt=518453672 rcv_nxt=1946715251 rwnd=65535 recv_used=0 right_edge=518459191 flight=60016 sample_rtt=NA srtt=0.043359 rttvar=0.000180 rto=60.000000 retransmitted=0 dupack=0
timestamp_ns=3921844218536 event=SEND state=ESTABLISHED seq=518455052 ack=1946715251 snd_una=518393656 snd_nxt=518455052 rcv_nxt=1946715251 rwnd=65535 recv_used=0 right_edge=518459191 flight=61396 sample_rtt=NA srtt=0.043359 rttvar=0.000180 rto=60.000000 retransmitted=0 dupack=0
timestamp_ns=3921844220369 event=SEND state=ESTABLISHED seq=518456432 ack=1946715251 snd_una=518393656 snd_nxt=518456432 rcv_nxt=1946715251 rwnd=65535 recv_used=0 right_edge=518459191 flight=62776 sample_rtt=NA srtt=0.043359 rttvar=0.000180 rto=60.000000 retransmitted=0 dupack=0
timestamp_ns=3921844222022 event=ACK_ADVANCE state=ESTABLISHED seq=518457812 ack=518393656 snd_una=518393656 snd_nxt=518457812 rcv_nxt=1946715251 rwnd=65535 recv_used=0 right_edge=518459191 flight=64156 sample_rtt=NA srtt=0.043359 rttvar=0.000180 rto=60.000000 retransmitted=0 dupack=0
timestamp_ns=3921887082015 event=RECEIVE state=ESTABLISHED seq=1946715251 ack=518393656 snd_una=518393656 snd_nxt=518457812 rcv_nxt=1946715251 rwnd=65535 recv_used=0 right_edge=518459191 flight=64156 sample_rtt=NA srtt=0.043359 rttvar=0.000180 rto=60.000000 retransmitted=0 dupack=0
timestamp_ns=3921887092124 event=RECEIVE state=ESTABLISHED seq=1946715251 ack=518393656 snd_una=518393656 snd_nxt=518457812 rcv_nxt=1946715251 rwnd=65535 recv_used=0 right_edge=518459191 flight=64156 sample_rtt=NA srtt=0.043359 rttvar=0.000180 rto=60.000000 retransmitted=0 dupack=1
timestamp_ns=3921887094659 event=RECEIVE state=ESTABLISHED seq=1946715251 ack=518393656 snd_una=518393656 snd_nxt=518457812 rcv_nxt=1946715251 rwnd=65535 recv_used=0 right_edge=518459191 flight=64156 sample_rtt=NA srtt=0.043359 rttvar=0.000180 rto=60.000000 retransmitted=0 dupack=2
timestamp_ns=3921887097885 event=RETRANSMIT state=ESTABLISHED seq=518393656 ack=1946715251 snd_una=518393656 snd_nxt=518457812 rcv_nxt=1946715251 rwnd=65535 recv_used=0 right_edge=518459191 flight=64156 sample_rtt=NA srtt=0.043359 rttvar=0.000180 rto=60.000000 retransmitted=1 dupack=3
timestamp_ns=3921887119546 event=FAST_RETRANSMIT state=ESTABLISHED seq=518393656 ack=518393656 snd_una=518393656 snd_nxt=518457812 rcv_nxt=1946715251 rwnd=65535 recv_used=0 right_edge=518459191 flight=64156 sample_rtt=NA srtt=0.043359 rttvar=0.000180 rto=60.000000 retransmitted=1 dupack=3
timestamp_ns=3921887124245 event=RECEIVE state=ESTABLISHED seq=1946715251 ack=518393656 snd_una=518393656 snd_nxt=518457812 rcv_nxt=1946715251 rwnd=65535 recv_used=0 right_edge=518459191 flight=64156 sample_rtt=NA srtt=0.043359 rttvar=0.000180 rto=60.000000 retransmitted=0 dupack=3
timestamp_ns=3921887125418 event=RECEIVE state=ESTABLISHED seq=1946715251 ack=518393656 snd_una=518393656 snd_nxt=518457812 rcv_nxt=1946715251 rwnd=65535 recv_used=0 right_edge=518459191 flight=64156 sample_rtt=NA srtt=0.043359 rttvar=0.000180 rto=60.000000 retransmitted=0 dupack=4
timestamp_ns=3921887126660 event=RECEIVE state=ESTABLISHED seq=1946715251 ack=518393656 snd_una=518393656 snd_nxt=518457812 rcv_nxt=1946715251 rwnd=65535 recv_used=0 right_edge=518459191 flight=64156 sample_rtt=NA srtt=0.043359 rttvar=0.000180 rto=60.000000 retransmitted=0 dupack=5
timestamp_ns=3921887148762 event=RECEIVE state=ESTABLISHED seq=1946715251 ack=518393656 snd_una=518393656 snd_nxt=518457812 rcv_nxt=1946715251 rwnd=65535 recv_used=0 right_edge=518459191 flight=64156 sample_rtt=NA srtt=0.043359 rttvar=0.000180 rto=60.000000 retransmitted=0 dupack=6
timestamp_ns=3921887150265 event=RECEIVE state=ESTABLISHED seq=1946715251 ack=518393656 snd_una=518393656 snd_nxt=518457812 rcv_nxt=1946715251 rwnd=65535 recv_used=0 right_edge=518459191 flight=64156 sample_rtt=NA srtt=0.043359 rttvar=0.000180 rto=60.000000 retransmitted=0 dupack=7
timestamp_ns=3921887151828 event=RECEIVE state=ESTABLISHED seq=1946715251 ack=518393656 snd_una=518393656 snd_nxt=518457812 rcv_nxt=1946715251 rwnd=65535 recv_used=0 right_edge=518459191 flight=64156 sample_rtt=NA srtt=0.043359 rttvar=0.000180 rto=60.000000 retransmitted=0 dupack=8
timestamp_ns=3921887153521 event=RECEIVE state=ESTABLISHED seq=1946715251 ack=518393656 snd_una=518393656 snd_nxt=518457812 rcv_nxt=1946715251 rwnd=65535 recv_used=0 right_edge=518459191 flight=64156 sample_rtt=NA srtt=0.043359 rttvar=0.000180 rto=60.000000 retransmitted=0 dupack=9
timestamp_ns=3921887155214 event=RECEIVE state=ESTABLISHED seq=1946715251 ack=518393656 snd_una=518393656 snd_nxt=518457812 rcv_nxt=1946715251 rwnd=65535 recv_used=0 right_edge=518459191 flight=64156 sample_rtt=NA srtt=0.043359 rttvar=0.000180 rto=60.000000 retransmitted=0 dupack=10
timestamp_ns=3921929521277 event=RECEIVE state=ESTABLISHED seq=1946715251 ack=518396416 snd_una=518393656 snd_nxt=518457812 rcv_nxt=1946715251 rwnd=65535 recv_used=0 right_edge=518459191 flight=64156 sample_rtt=NA srtt=0.043359 rttvar=0.000180 rto=60.000000 retransmitted=0 dupack=11
timestamp_ns=3921929555472 event=SEND state=ESTABLISHED seq=518457812 ack=1946715251 snd_una=518396416 snd_nxt=518457812 rcv_nxt=1946715251 rwnd=65535 recv_used=0 right_edge=518461951 flight=61396 sample_rtt=NA srtt=0.043359 rttvar=0.000180 rto=60.000000 retransmitted=0 dupack=0
timestamp_ns=3921929577934 event=SEND state=ESTABLISHED seq=518459192 ack=1946715251 snd_una=518396416 snd_nxt=518459192 rcv_nxt=1946715251 rwnd=65535 recv_used=0 right_edge=518461951 flight=62776 sample_rtt=NA srtt=0.043359 rttvar=0.000180 rto=60.000000 retransmitted=0 dupack=0
timestamp_ns=3921929580219 event=ACK_ADVANCE state=ESTABLISHED seq=518460572 ack=518396416 snd_una=518396416 snd_nxt=518460572 rcv_nxt=1946715251 rwnd=65535 recv_used=0 right_edge=518461951 flight=64156 sample_rtt=NA srtt=0.043359 rttvar=0.000180 rto=60.000000 retransmitted=0 dupack=0
timestamp_ns=3921973263236 event=RECEIVE state=ESTABLISHED seq=1946715251 ack=518396416 snd_una=518396416 snd_nxt=518460572 rcv_nxt=1946715251 rwnd=65535 recv_used=0 right_edge=518461951 flight=64156 sample_rtt=NA srtt=0.043359 rttvar=0.000180 rto=60.000000 retransmitted=0 dupack=0
timestamp_ns=3921973277813 event=RECEIVE state=ESTABLISHED seq=1946715251 ack=518396416 snd_una=518396416 snd_nxt=518460572 rcv_nxt=1946715251 rwnd=65535 recv_used=0 right_edge=518461951 flight=64156 sample_rtt=NA srtt=0.043359 rttvar=0.000180 rto=60.000000 retransmitted=0 dupack=1
timestamp_ns=3981672050578 event=RETRANSMIT state=ESTABLISHED seq=518396416 ack=1946715251 snd_una=518396416 snd_nxt=518460572 rcv_nxt=1946715251 rwnd=65535 recv_used=0 right_edge=518461951 flight=64156 sample_rtt=NA srtt=0.043359 rttvar=0.000180 rto=60.000000 retransmitted=1 dupack=2
timestamp_ns=3981672121904 event=RTO_FIRE state=ESTABLISHED seq=518396416 ack=1946715251 snd_una=518396416 snd_nxt=518460572 rcv_nxt=1946715251 rwnd=65535 recv_used=0 right_edge=518461951 flight=64156 sample_rtt=NA srtt=0.043359 rttvar=0.000180 rto=60.000000 retransmitted=1 dupack=2
timestamp_ns=3981715138604 event=RECEIVE state=ESTABLISHED seq=1946715251 ack=518397796 snd_una=518396416 snd_nxt=518460572 rcv_nxt=1946715251 rwnd=65535 recv_used=0 right_edge=518461951 flight=64156 sample_rtt=NA srtt=0.043359 rttvar=0.000180 rto=60.000000 retransmitted=0 dupack=2
timestamp_ns=3981715261927 event=SEND state=ESTABLISHED seq=518460572 ack=1946715251 snd_una=518397796 snd_nxt=518460572 rcv_nxt=1946715251 rwnd=65535 recv_used=0 right_edge=518463331 flight=62776 sample_rtt=NA srtt=0.043359 rttvar=0.000180 rto=60.000000 retransmitted=0 dupack=0
timestamp_ns=3981715287275 event=ACK_ADVANCE state=ESTABLISHED seq=518461952 ack=518397796 snd_una=518397796 snd_nxt=518461952 rcv_nxt=1946715251 rwnd=65535 recv_used=0 right_edge=518463331 flight=64156 sample_rtt=NA srtt=0.043359 rttvar=0.000180 rto=60.000000 retransmitted=0 dupack=0
timestamp_ns=3981715299288 event=RETRANSMIT state=ESTABLISHED seq=518397796 ack=1946715251 snd_una=518397796 snd_nxt=518461952 rcv_nxt=1946715251 rwnd=65535 recv_used=0 right_edge=518463331 flight=64156 sample_rtt=NA srtt=0.043359 rttvar=0.000180 rto=60.000000 retransmitted=1 dupack=0
timestamp_ns=3981715302394 event=RTO_FIRE state=ESTABLISHED seq=518397796 ack=1946715251 snd_una=518397796 snd_nxt=518461952 rcv_nxt=1946715251 rwnd=65535 recv_used=0 right_edge=518463331 flight=64156 sample_rtt=NA srtt=0.043359 rttvar=0.000180 rto=60.000000 retransmitted=1 dupack=0
timestamp_ns=3981758727304 event=RECEIVE state=ESTABLISHED seq=1946715251 ack=518397796 snd_una=518397796 snd_nxt=518461952 rcv_nxt=1946715251 rwnd=65535 recv_used=0 right_edge=518463331 flight=64156 sample_rtt=NA srtt=0.043359 rttvar=0.000180 rto=60.000000 retransmitted=0 dupack=0
timestamp_ns=3981758747092 event=RECEIVE state=ESTABLISHED seq=1946715251 ack=518400556 snd_una=518397796 snd_nxt=518461952 rcv_nxt=1946715251 rwnd=65535 recv_used=0 right_edge=518463331 flight=64156 sample_rtt=NA srtt=0.043359 rttvar=0.000180 rto=60.000000 retransmitted=0 dupack=1
timestamp_ns=3981758761138 event=SEND state=ESTABLISHED seq=518461952 ack=1946715251 snd_una=518400556 snd_nxt=518461952 rcv_nxt=1946715251 rwnd=65535 recv_used=0 right_edge=518466091 flight=61396 sample_rtt=NA srtt=0.043359 rttvar=0.000180 rto=60.000000 retransmitted=0 dupack=0
timestamp_ns=3981758782309 event=SEND state=ESTABLISHED seq=518463332 ack=1946715251 snd_una=518400556 snd_nxt=518463332 rcv_nxt=1946715251 rwnd=65535 recv_used=0 right_edge=518466091 flight=62776 sample_rtt=NA srtt=0.043359 rttvar=0.000180 rto=60.000000 retransmitted=0 dupack=0
timestamp_ns=3981758784543 event=ACK_ADVANCE state=ESTABLISHED seq=518464712 ack=518400556 snd_una=518400556 snd_nxt=518464712 rcv_nxt=1946715251 rwnd=65535 recv_used=0 right_edge=518466091 flight=64156 sample_rtt=NA srtt=0.043359 rttvar=0.000180 rto=60.000000 retransmitted=0 dupack=0
timestamp_ns=3981758795984 event=RETRANSMIT state=ESTABLISHED seq=518400556 ack=1946715251 snd_una=518400556 snd_nxt=518464712 rcv_nxt=1946715251 rwnd=65535 recv_used=0 right_edge=518466091 flight=64156 sample_rtt=NA srtt=0.043359 rttvar=0.000180 rto=60.000000 retransmitted=1 dupack=0
timestamp_ns=3981758798980 event=RTO_FIRE state=ESTABLISHED seq=518400556 ack=1946715251 snd_una=518400556 snd_nxt=518464712 rcv_nxt=1946715251 rwnd=65535 recv_used=0 right_edge=518466091 flight=64156 sample_rtt=NA srtt=0.043359 rttvar=0.000180 rto=60.000000 retransmitted=1 dupack=0
timestamp_ns=3981800805937 event=RECEIVE state=ESTABLISHED seq=1946715251 ack=518400556 snd_una=518400556 snd_nxt=518464712 rcv_nxt=1946715251 rwnd=65535 recv_used=0 right_edge=518466091 flight=64156 sample_rtt=NA srtt=0.043359 rttvar=0.000180 rto=60.000000 retransmitted=0 dupack=0
timestamp_ns=3981800879035 event=RECEIVE state=ESTABLISHED seq=1946715251 ack=518400556 snd_una=518400556 snd_nxt=518464712 rcv_nxt=1946715251 rwnd=65535 recv_used=0 right_edge=518466091 flight=64156 sample_rtt=NA srtt=0.043359 rttvar=0.000180 rto=60.000000 retransmitted=0 dupack=1
timestamp_ns=3981800883584 event=RECEIVE state=ESTABLISHED seq=1946715251 ack=518464712 snd_una=518400556 snd_nxt=518464712 rcv_nxt=1946715251 rwnd=65535 recv_used=0 right_edge=518466091 flight=64156 sample_rtt=NA srtt=0.043359 rttvar=0.000180 rto=60.000000 retransmitted=0 dupack=2
timestamp_ns=3981801089379 event=SEND state=ESTABLISHED seq=518464712 ack=1946715251 snd_una=518464712 snd_nxt=518464712 rcv_nxt=1946715251 rwnd=65535 recv_used=0 right_edge=518530247 flight=0 sample_rtt=NA srtt=0.043359 rttvar=0.000180 rto=60.000000 retransmitted=0 dupack=0
timestamp_ns=3981801185020 event=SEND state=ESTABLISHED seq=518466092 ack=1946715251 snd_una=518464712 snd_nxt=518466092 rcv_nxt=1946715251 rwnd=65535 recv_used=0 right_edge=518530247 flight=1380 sample_rtt=NA srtt=0.043359 rttvar=0.000180 rto=60.000000 retransmitted=0 dupack=0
timestamp_ns=3981801194969 event=SEND state=ESTABLISHED seq=518467472 ack=1946715251 snd_una=518464712 snd_nxt=518467472 rcv_nxt=1946715251 rwnd=65535 recv_used=0 right_edge=518530247 flight=2760 sample_rtt=NA srtt=0.043359 rttvar=0.000180 rto=60.000000 retransmitted=0 dupack=0
timestamp_ns=3981801200840 event=SEND state=ESTABLISHED seq=518468852 ack=1946715251 snd_una=518464712 snd_nxt=518468852 rcv_nxt=1946715251 rwnd=65535 recv_used=0 right_edge=518530247 flight=4140 sample_rtt=NA srtt=0.043359 rttvar=0.000180 rto=60.000000 retransmitted=0 dupack=0
timestamp_ns=3981801206330 event=SEND state=ESTABLISHED seq=518470232 ack=1946715251 snd_una=518464712 snd_nxt=518470232 rcv_nxt=1946715251 rwnd=65535 recv_used=0 right_edge=518530247 flight=5520 sample_rtt=NA srtt=0.043359 rttvar=0.000180 rto=60.000000 retransmitted=0 dupack=0
timestamp_ns=3981801210889 event=SEND state=ESTABLISHED seq=518471612 ack=1946715251 snd_una=518464712 snd_nxt=518471612 rcv_nxt=1946715251 rwnd=65535 recv_used=0 right_edge=518530247 flight=6900 sample_rtt=NA srtt=0.043359 rttvar=0.000180 rto=60.000000 retransmitted=0 dupack=0
timestamp_ns=3981801214606 event=SEND state=ESTABLISHED seq=518472992 ack=1946715251 snd_una=518464712 snd_nxt=518472992 rcv_nxt=1946715251 rwnd=65535 recv_used=0 right_edge=518530247 flight=8280 sample_rtt=NA srtt=0.043359 rttvar=0.000180 rto=60.000000 retransmitted=0 dupack=0
timestamp_ns=3981801217181 event=SEND state=ESTABLISHED seq=518474372 ack=1946715251 snd_una=518464712 snd_nxt=518474372 rcv_nxt=1946715251 rwnd=65535 recv_used=0 right_edge=518530247 flight=9660 sample_rtt=NA srtt=0.043359 rttvar=0.000180 rto=60.000000 retransmitted=0 dupack=0
timestamp_ns=3981801222251 event=SEND state=ESTABLISHED seq=518475752 ack=1946715251 snd_una=518464712 snd_nxt=518475752 rcv_nxt=1946715251 rwnd=65535 recv_used=0 right_edge=518530247 flight=11040 sample_rtt=NA srtt=0.043359 rttvar=0.000180 rto=60.000000 retransmitted=0 dupack=0
timestamp_ns=3981801225637 event=SEND state=ESTABLISHED seq=518477132 ack=1946715251 snd_una=518464712 snd_nxt=518477132 rcv_nxt=1946715251 rwnd=65535 recv_used=0 right_edge=518530247 flight=12420 sample_rtt=NA srtt=0.043359 rttvar=0.000180 rto=60.000000 retransmitted=0 dupack=0
timestamp_ns=3981801228773 event=SEND state=ESTABLISHED seq=518477808 ack=1946715251 snd_una=518464712 snd_nxt=518477808 rcv_nxt=1946715251 rwnd=65535 recv_used=0 right_edge=518530247 flight=13096 sample_rtt=NA srtt=0.043359 rttvar=0.000180 rto=60.000000 retransmitted=0 dupack=0
timestamp_ns=3981801231799 event=SEND state=ESTABLISHED seq=518479188 ack=1946715251 snd_una=518464712 snd_nxt=518479188 rcv_nxt=1946715251 rwnd=65535 recv_used=0 right_edge=518530247 flight=14476 sample_rtt=NA srtt=0.043359 rttvar=0.000180 rto=60.000000 retransmitted=0 dupack=0
timestamp_ns=3981801235957 event=SEND state=ESTABLISHED seq=518480568 ack=1946715251 snd_una=518464712 snd_nxt=518480568 rcv_nxt=1946715251 rwnd=65535 recv_used=0 right_edge=518530247 flight=15856 sample_rtt=NA srtt=0.043359 rttvar=0.000180 rto=60.000000 retransmitted=0 dupack=0
timestamp_ns=3981801238982 event=SEND state=ESTABLISHED seq=518481948 ack=1946715251 snd_una=518464712 snd_nxt=518481948 rcv_nxt=1946715251 rwnd=65535 recv_used=0 right_edge=518530247 flight=17236 sample_rtt=NA srtt=0.043359 rttvar=0.000180 rto=60.000000 retransmitted=0 dupack=0
timestamp_ns=3981801242048 event=SEND state=ESTABLISHED seq=518483328 ack=1946715251 snd_una=518464712 snd_nxt=518483328 rcv_nxt=1946715251 rwnd=65535 recv_used=0 right_edge=518530247 flight=18616 sample_rtt=NA srtt=0.043359 rttvar=0.000180 rto=60.000000 retransmitted=0 dupack=0
timestamp_ns=3981801260774 event=SEND state=ESTABLISHED seq=518484708 ack=1946715251 snd_una=518464712 snd_nxt=518484708 rcv_nxt=1946715251 rwnd=65535 recv_used=0 right_edge=518530247 flight=19996 sample_rtt=NA srtt=0.043359 rttvar=0.000180 rto=60.000000 retransmitted=0 dupack=0
timestamp_ns=3981801264641 event=SEND state=ESTABLISHED seq=518486088 ack=1946715251 snd_una=518464712 snd_nxt=518486088 rcv_nxt=1946715251 rwnd=65535 recv_used=0 right_edge=518530247 flight=21376 sample_rtt=NA srtt=0.043359 rttvar=0.000180 rto=60.000000 retransmitted=0 dupack=0
timestamp_ns=3981801267717 event=SEND state=ESTABLISHED seq=518487468 ack=1946715251 snd_una=518464712 snd_nxt=518487468 rcv_nxt=1946715251 rwnd=65535 recv_used=0 right_edge=518530247 flight=22756 sample_rtt=NA srtt=0.043359 rttvar=0.000180 rto=60.000000 retransmitted=0 dupack=0
timestamp_ns=3981801270302 event=SEND state=ESTABLISHED seq=518488848 ack=1946715251 snd_una=518464712 snd_nxt=518488848 rcv_nxt=1946715251 rwnd=65535 recv_used=0 right_edge=518530247 flight=24136 sample_rtt=NA srtt=0.043359 rttvar=0.000180 rto=60.000000 retransmitted=0 dupack=0
timestamp_ns=3981801273748 event=SEND state=ESTABLISHED seq=518490228 ack=1946715251 snd_una=518464712 snd_nxt=518490228 rcv_nxt=1946715251 rwnd=65535 recv_used=0 right_edge=518530247 flight=25516 sample_rtt=NA srtt=0.043359 rttvar=0.000180 rto=60.000000 retransmitted=0 dupack=0
timestamp_ns=3981801277876 event=SEND state=ESTABLISHED seq=518491608 ack=1946715251 snd_una=518464712 snd_nxt=518491608 rcv_nxt=1946715251 rwnd=65535 recv_used=0 right_edge=518530247 flight=26896 sample_rtt=NA srtt=0.043359 rttvar=0.000180 rto=60.000000 retransmitted=0 dupack=0
timestamp_ns=3981801280731 event=SEND state=ESTABLISHED seq=518492988 ack=1946715251 snd_una=518464712 snd_nxt=518492988 rcv_nxt=1946715251 rwnd=65535 recv_used=0 right_edge=518530247 flight=28276 sample_rtt=NA srtt=0.043359 rttvar=0.000180 rto=60.000000 retransmitted=0 dupack=0
timestamp_ns=3981801283787 event=SEND state=ESTABLISHED seq=518494368 ack=1946715251 snd_una=518464712 snd_nxt=518494368 rcv_nxt=1946715251 rwnd=65535 recv_used=0 right_edge=518530247 flight=29656 sample_rtt=NA srtt=0.043359 rttvar=0.000180 rto=60.000000 retransmitted=0 dupack=0
timestamp_ns=3981801294187 event=SEND state=ESTABLISHED seq=518495748 ack=1946715251 snd_una=518464712 snd_nxt=518495748 rcv_nxt=1946715251 rwnd=65535 recv_used=0 right_edge=518530247 flight=31036 sample_rtt=NA srtt=0.043359 rttvar=0.000180 rto=60.000000 retransmitted=0 dupack=0
timestamp_ns=3981801298645 event=SEND state=ESTABLISHED seq=518497128 ack=1946715251 snd_una=518464712 snd_nxt=518497128 rcv_nxt=1946715251 rwnd=65535 recv_used=0 right_edge=518530247 flight=32416 sample_rtt=NA srtt=0.043359 rttvar=0.000180 rto=60.000000 retransmitted=0 dupack=0
timestamp_ns=3981801301912 event=SEND state=ESTABLISHED seq=518498508 ack=1946715251 snd_una=518464712 snd_nxt=518498508 rcv_nxt=1946715251 rwnd=65535 recv_used=0 right_edge=518530247 flight=33796 sample_rtt=NA srtt=0.043359 rttvar=0.000180 rto=60.000000 retransmitted=0 dupack=0
timestamp_ns=3981801304817 event=SEND state=ESTABLISHED seq=518499888 ack=1946715251 snd_una=518464712 snd_nxt=518499888 rcv_nxt=1946715251 rwnd=65535 recv_used=0 right_edge=518530247 flight=35176 sample_rtt=NA srtt=0.043359 rttvar=0.000180 rto=60.000000 retransmitted=0 dupack=0
timestamp_ns=3981801308604 event=SEND state=ESTABLISHED seq=518501268 ack=1946715251 snd_una=518464712 snd_nxt=518501268 rcv_nxt=1946715251 rwnd=65535 recv_used=0 right_edge=518530247 flight=36556 sample_rtt=NA srtt=0.043359 rttvar=0.000180 rto=60.000000 retransmitted=0 dupack=0
timestamp_ns=3981801311680 event=SEND state=ESTABLISHED seq=518502648 ack=1946715251 snd_una=518464712 snd_nxt=518502648 rcv_nxt=1946715251 rwnd=65535 recv_used=0 right_edge=518530247 flight=37936 sample_rtt=NA srtt=0.043359 rttvar=0.000180 rto=60.000000 retransmitted=0 dupack=0
timestamp_ns=3981801314576 event=SEND state=ESTABLISHED seq=518504028 ack=1946715251 snd_una=518464712 snd_nxt=518504028 rcv_nxt=1946715251 rwnd=65535 recv_used=0 right_edge=518530247 flight=39316 sample_rtt=NA srtt=0.043359 rttvar=0.000180 rto=60.000000 retransmitted=0 dupack=0
timestamp_ns=3981801334273 event=SEND state=ESTABLISHED seq=518505408 ack=1946715251 snd_una=518464712 snd_nxt=518505408 rcv_nxt=1946715251 rwnd=65535 recv_used=0 right_edge=518530247 flight=40696 sample_rtt=NA srtt=0.043359 rttvar=0.000180 rto=60.000000 retransmitted=0 dupack=0
timestamp_ns=3981801336878 event=SEND state=ESTABLISHED seq=518506788 ack=1946715251 snd_una=518464712 snd_nxt=518506788 rcv_nxt=1946715251 rwnd=65535 recv_used=0 right_edge=518530247 flight=42076 sample_rtt=NA srtt=0.043359 rttvar=0.000180 rto=60.000000 retransmitted=0 dupack=0
timestamp_ns=3981801339683 event=SEND state=ESTABLISHED seq=518508168 ack=1946715251 snd_una=518464712 snd_nxt=518508168 rcv_nxt=1946715251 rwnd=65535 recv_used=0 right_edge=518530247 flight=43456 sample_rtt=NA srtt=0.043359 rttvar=0.000180 rto=60.000000 retransmitted=0 dupack=0
timestamp_ns=3981801343440 event=SEND state=ESTABLISHED seq=518509548 ack=1946715251 snd_una=518464712 snd_nxt=518509548 rcv_nxt=1946715251 rwnd=65535 recv_used=0 right_edge=518530247 flight=44836 sample_rtt=NA srtt=0.043359 rttvar=0.000180 rto=60.000000 retransmitted=0 dupack=0
timestamp_ns=3981801346646 event=SEND state=ESTABLISHED seq=518510928 ack=1946715251 snd_una=518464712 snd_nxt=518510928 rcv_nxt=1946715251 rwnd=65535 recv_used=0 right_edge=518530247 flight=46216 sample_rtt=NA srtt=0.043359 rttvar=0.000180 rto=60.000000 retransmitted=0 dupack=0
timestamp_ns=3981801351195 event=SEND state=ESTABLISHED seq=518512308 ack=1946715251 snd_una=518464712 snd_nxt=518512308 rcv_nxt=1946715251 rwnd=65535 recv_used=0 right_edge=518530247 flight=47596 sample_rtt=NA srtt=0.043359 rttvar=0.000180 rto=60.000000 retransmitted=0 dupack=0
timestamp_ns=3981801354331 event=SEND state=ESTABLISHED seq=518513688 ack=1946715251 snd_una=518464712 snd_nxt=518513688 rcv_nxt=1946715251 rwnd=65535 recv_used=0 right_edge=518530247 flight=48976 sample_rtt=NA srtt=0.043359 rttvar=0.000180 rto=60.000000 retransmitted=0 dupack=0
timestamp_ns=3981801357727 event=SEND state=ESTABLISHED seq=518515068 ack=1946715251 snd_una=518464712 snd_nxt=518515068 rcv_nxt=1946715251 rwnd=65535 recv_used=0 right_edge=518530247 flight=50356 sample_rtt=NA srtt=0.043359 rttvar=0.000180 rto=60.000000 retransmitted=0 dupack=0
timestamp_ns=3981801361815 event=SEND state=ESTABLISHED seq=518516448 ack=1946715251 snd_una=518464712 snd_nxt=518516448 rcv_nxt=1946715251 rwnd=65535 recv_used=0 right_edge=518530247 flight=51736 sample_rtt=NA srtt=0.043359 rttvar=0.000180 rto=60.000000 retransmitted=0 dupack=0
timestamp_ns=3981801364590 event=SEND state=ESTABLISHED seq=518517828 ack=1946715251 snd_una=518464712 snd_nxt=518517828 rcv_nxt=1946715251 rwnd=65535 recv_used=0 right_edge=518530247 flight=53116 sample_rtt=NA srtt=0.043359 rttvar=0.000180 rto=60.000000 retransmitted=0 dupack=0
timestamp_ns=3981801368147 event=SEND state=ESTABLISHED seq=518519208 ack=1946715251 snd_una=518464712 snd_nxt=518519208 rcv_nxt=1946715251 rwnd=65535 recv_used=0 right_edge=518530247 flight=54496 sample_rtt=NA srtt=0.043359 rttvar=0.000180 rto=60.000000 retransmitted=0 dupack=0
timestamp_ns=3981801448990 event=SEND state=ESTABLISHED seq=518520588 ack=1946715251 snd_una=518464712 snd_nxt=518520588 rcv_nxt=1946715251 rwnd=65535 recv_used=0 right_edge=518530247 flight=55876 sample_rtt=NA srtt=0.043359 rttvar=0.000180 rto=60.000000 retransmitted=0 dupack=0
timestamp_ns=3981801451996 event=SEND state=ESTABLISHED seq=518521968 ack=1946715251 snd_una=518464712 snd_nxt=518521968 rcv_nxt=1946715251 rwnd=65535 recv_used=0 right_edge=518530247 flight=57256 sample_rtt=NA srtt=0.043359 rttvar=0.000180 rto=60.000000 retransmitted=0 dupack=0
timestamp_ns=3981801454821 event=SEND state=ESTABLISHED seq=518523348 ack=1946715251 snd_una=518464712 snd_nxt=518523348 rcv_nxt=1946715251 rwnd=65535 recv_used=0 right_edge=518530247 flight=58636 sample_rtt=NA srtt=0.043359 rttvar=0.000180 rto=60.000000 retransmitted=0 dupack=0
timestamp_ns=3981801461815 event=SEND state=ESTABLISHED seq=518524728 ack=1946715251 snd_una=518464712 snd_nxt=518524728 rcv_nxt=1946715251 rwnd=65535 recv_used=0 right_edge=518530247 flight=60016 sample_rtt=NA srtt=0.043359 rttvar=0.000180 rto=60.000000 retransmitted=0 dupack=0
timestamp_ns=3981801464560 event=SEND state=ESTABLISHED seq=518526108 ack=1946715251 snd_una=518464712 snd_nxt=518526108 rcv_nxt=1946715251 rwnd=65535 recv_used=0 right_edge=518530247 flight=61396 sample_rtt=NA srtt=0.043359 rttvar=0.000180 rto=60.000000 retransmitted=0 dupack=0
timestamp_ns=3981801467295 event=SEND state=ESTABLISHED seq=518527488 ack=1946715251 snd_una=518464712 snd_nxt=518527488 rcv_nxt=1946715251 rwnd=65535 recv_used=0 right_edge=518530247 flight=62776 sample_rtt=NA srtt=0.043359 rttvar=0.000180 rto=60.000000 retransmitted=0 dupack=0
timestamp_ns=3981801469639 event=ACK_ADVANCE state=ESTABLISHED seq=518528868 ack=518464712 snd_una=518464712 snd_nxt=518528868 rcv_nxt=1946715251 rwnd=65535 recv_used=0 right_edge=518530247 flight=64156 sample_rtt=NA srtt=0.043359 rttvar=0.000180 rto=60.000000 retransmitted=0 dupack=0
timestamp_ns=3981845391560 event=RECEIVE state=ESTABLISHED seq=1946715251 ack=518467472 snd_una=518464712 snd_nxt=518528868 rcv_nxt=1946715251 rwnd=65535 recv_used=0 right_edge=518530247 flight=64156 sample_rtt=NA srtt=0.043359 rttvar=0.000180 rto=60.000000 retransmitted=0 dupack=0
timestamp_ns=3981845412249 event=SEND state=ESTABLISHED seq=518528868 ack=1946715251 snd_una=518467472 snd_nxt=518528868 rcv_nxt=1946715251 rwnd=65535 recv_used=0 right_edge=518533007 flight=61396 sample_rtt=0.044212 srtt=0.043466 rttvar=0.000349 rto=1.000000 retransmitted=0 dupack=0
timestamp_ns=3981845429973 event=SEND state=ESTABLISHED seq=518530248 ack=1946715251 snd_una=518467472 snd_nxt=518530248 rcv_nxt=1946715251 rwnd=65535 recv_used=0 right_edge=518533007 flight=62776 sample_rtt=0.044212 srtt=0.043466 rttvar=0.000349 rto=1.000000 retransmitted=0 dupack=0
timestamp_ns=3981845432678 event=ACK_ADVANCE state=ESTABLISHED seq=518531628 ack=518467472 snd_una=518467472 snd_nxt=518531628 rcv_nxt=1946715251 rwnd=65535 recv_used=0 right_edge=518533007 flight=64156 sample_rtt=0.044212 srtt=0.043466 rttvar=0.000349 rto=1.000000 retransmitted=0 dupack=0
timestamp_ns=3981845440343 event=RECEIVE state=ESTABLISHED seq=1946715251 ack=518468852 snd_una=518467472 snd_nxt=518531628 rcv_nxt=1946715251 rwnd=65535 recv_used=0 right_edge=518533007 flight=64156 sample_rtt=NA srtt=0.043466 rttvar=0.000349 rto=1.000000 retransmitted=0 dupack=0
timestamp_ns=3981845444761 event=SEND state=ESTABLISHED seq=518531628 ack=1946715251 snd_una=518468852 snd_nxt=518531628 rcv_nxt=1946715251 rwnd=65535 recv_used=0 right_edge=518534387 flight=62776 sample_rtt=0.044241 srtt=0.043563 rttvar=0.000455 rto=1.000000 retransmitted=0 dupack=0
timestamp_ns=3981845446745 event=ACK_ADVANCE state=ESTABLISHED seq=518533008 ack=518468852 snd_una=518468852 snd_nxt=518533008 rcv_nxt=1946715251 rwnd=65535 recv_used=0 right_edge=518534387 flight=64156 sample_rtt=0.044241 srtt=0.043563 rttvar=0.000455 rto=1.000000 retransmitted=0 dupack=0
timestamp_ns=3981845450863 event=RECEIVE state=ESTABLISHED seq=1946715251 ack=518470232 snd_una=518468852 snd_nxt=518533008 rcv_nxt=1946715251 rwnd=65535 recv_used=0 right_edge=518534387 flight=64156 sample_rtt=NA srtt=0.043563 rttvar=0.000455 rto=1.000000 retransmitted=0 dupack=0
timestamp_ns=3981845454630 event=SEND state=ESTABLISHED seq=518533008 ack=1946715251 snd_una=518470232 snd_nxt=518533008 rcv_nxt=1946715251 rwnd=65535 recv_used=0 right_edge=518535767 flight=62776 sample_rtt=0.044246 srtt=0.043648 rttvar=0.000512 rto=1.000000 retransmitted=0 dupack=0
timestamp_ns=3981845456503 event=ACK_ADVANCE state=ESTABLISHED seq=518534388 ack=518470232 snd_una=518470232 snd_nxt=518534388 rcv_nxt=1946715251 rwnd=65535 recv_used=0 right_edge=518535767 flight=64156 sample_rtt=0.044246 srtt=0.043648 rttvar=0.000512 rto=1.000000 retransmitted=0 dupack=0
timestamp_ns=3981845460481 event=RECEIVE state=ESTABLISHED seq=1946715251 ack=518471612 snd_una=518470232 snd_nxt=518534388 rcv_nxt=1946715251 rwnd=65535 recv_used=0 right_edge=518535767 flight=64156 sample_rtt=NA srtt=0.043648 rttvar=0.000512 rto=1.000000 retransmitted=0 dupack=0
timestamp_ns=3981845477693 event=SEND state=ESTABLISHED seq=518534388 ack=1946715251 snd_una=518471612 snd_nxt=518534388 rcv_nxt=1946715251 rwnd=65535 recv_used=0 right_edge=518537147 flight=62776 sample_rtt=0.044264 srtt=0.043725 rttvar=0.000538 rto=1.000000 retransmitted=0 dupack=0
timestamp_ns=3981845479497 event=ACK_ADVANCE state=ESTABLISHED seq=518535768 ack=518471612 snd_una=518471612 snd_nxt=518535768 rcv_nxt=1946715251 rwnd=65535 recv_used=0 right_edge=518537147 flight=64156 sample_rtt=0.044264 srtt=0.043725 rttvar=0.000538 rto=1.000000 retransmitted=0 dupack=0
timestamp_ns=3981845483314 event=RECEIVE state=ESTABLISHED seq=1946715251 ack=518471612 snd_una=518471612 snd_nxt=518535768 rcv_nxt=1946715251 rwnd=65535 recv_used=0 right_edge=518537147 flight=64156 sample_rtt=NA srtt=0.043725 rttvar=0.000538 rto=1.000000 retransmitted=0 dupack=0
timestamp_ns=3981845484637 event=RECEIVE state=ESTABLISHED seq=1946715251 ack=518471612 snd_una=518471612 snd_nxt=518535768 rcv_nxt=1946715251 rwnd=65535 recv_used=0 right_edge=518537147 flight=64156 sample_rtt=NA srtt=0.043725 rttvar=0.000538 rto=1.000000 retransmitted=0 dupack=1
timestamp_ns=3981845486029 event=RECEIVE state=ESTABLISHED seq=1946715251 ack=518471612 snd_una=518471612 snd_nxt=518535768 rcv_nxt=1946715251 rwnd=65535 recv_used=0 right_edge=518537147 flight=64156 sample_rtt=NA srtt=0.043725 rttvar=0.000538 rto=1.000000 retransmitted=0 dupack=2
timestamp_ns=3981845486710 event=RETRANSMIT state=ESTABLISHED seq=518471612 ack=1946715251 snd_una=518471612 snd_nxt=518535768 rcv_nxt=1946715251 rwnd=65535 recv_used=0 right_edge=518537147 flight=64156 sample_rtt=NA srtt=0.043725 rttvar=0.000538 rto=1.000000 retransmitted=1 dupack=3
timestamp_ns=3981845489796 event=FAST_RETRANSMIT state=ESTABLISHED seq=518471612 ack=518471612 snd_una=518471612 snd_nxt=518535768 rcv_nxt=1946715251 rwnd=65535 recv_used=0 right_edge=518537147 flight=64156 sample_rtt=NA srtt=0.043725 rttvar=0.000538 rto=1.000000 retransmitted=1 dupack=3
timestamp_ns=3981845492692 event=RECEIVE state=ESTABLISHED seq=1946715251 ack=518471612 snd_una=518471612 snd_nxt=518535768 rcv_nxt=1946715251 rwnd=65535 recv_used=0 right_edge=518537147 flight=64156 sample_rtt=NA srtt=0.043725 rttvar=0.000538 rto=1.000000 retransmitted=0 dupack=3
timestamp_ns=3981845493914 event=RECEIVE state=ESTABLISHED seq=1946715251 ack=518471612 snd_una=518471612 snd_nxt=518535768 rcv_nxt=1946715251 rwnd=65535 recv_used=0 right_edge=518537147 flight=64156 sample_rtt=NA srtt=0.043725 rttvar=0.000538 rto=1.000000 retransmitted=0 dupack=4
timestamp_ns=3981845495367 event=RECEIVE state=ESTABLISHED seq=1946715251 ack=518471612 snd_una=518471612 snd_nxt=518535768 rcv_nxt=1946715251 rwnd=65535 recv_used=0 right_edge=518537147 flight=64156 sample_rtt=NA srtt=0.043725 rttvar=0.000538 rto=1.000000 retransmitted=0 dupack=5
timestamp_ns=3981845496559 event=RECEIVE state=ESTABLISHED seq=1946715251 ack=518471612 snd_una=518471612 snd_nxt=518535768 rcv_nxt=1946715251 rwnd=65535 recv_used=0 right_edge=518537147 flight=64156 sample_rtt=NA srtt=0.043725 rttvar=0.000538 rto=1.000000 retransmitted=0 dupack=6
timestamp_ns=3981845497631 event=RECEIVE state=ESTABLISHED seq=1946715251 ack=518471612 snd_una=518471612 snd_nxt=518535768 rcv_nxt=1946715251 rwnd=65535 recv_used=0 right_edge=518537147 flight=64156 sample_rtt=NA srtt=0.043725 rttvar=0.000538 rto=1.000000 retransmitted=0 dupack=7
timestamp_ns=3981845498894 event=RECEIVE state=ESTABLISHED seq=1946715251 ack=518471612 snd_una=518471612 snd_nxt=518535768 rcv_nxt=1946715251 rwnd=65535 recv_used=0 right_edge=518537147 flight=64156 sample_rtt=NA srtt=0.043725 rttvar=0.000538 rto=1.000000 retransmitted=0 dupack=8
timestamp_ns=3981845500206 event=RECEIVE state=ESTABLISHED seq=1946715251 ack=518471612 snd_una=518471612 snd_nxt=518535768 rcv_nxt=1946715251 rwnd=65535 recv_used=0 right_edge=518537147 flight=64156 sample_rtt=NA srtt=0.043725 rttvar=0.000538 rto=1.000000 retransmitted=0 dupack=9
timestamp_ns=3981845503693 event=RECEIVE state=ESTABLISHED seq=1946715251 ack=518471612 snd_una=518471612 snd_nxt=518535768 rcv_nxt=1946715251 rwnd=65535 recv_used=0 right_edge=518537147 flight=64156 sample_rtt=NA srtt=0.043725 rttvar=0.000538 rto=1.000000 retransmitted=0 dupack=10
timestamp_ns=3981845505045 event=RECEIVE state=ESTABLISHED seq=1946715251 ack=518471612 snd_una=518471612 snd_nxt=518535768 rcv_nxt=1946715251 rwnd=65535 recv_used=0 right_edge=518537147 flight=64156 sample_rtt=NA srtt=0.043725 rttvar=0.000538 rto=1.000000 retransmitted=0 dupack=11
timestamp_ns=3981845506268 event=RECEIVE state=ESTABLISHED seq=1946715251 ack=518471612 snd_una=518471612 snd_nxt=518535768 rcv_nxt=1946715251 rwnd=65535 recv_used=0 right_edge=518537147 flight=64156 sample_rtt=NA srtt=0.043725 rttvar=0.000538 rto=1.000000 retransmitted=0 dupack=12
timestamp_ns=3981845507350 event=RECEIVE state=ESTABLISHED seq=1946715251 ack=518471612 snd_una=518471612 snd_nxt=518535768 rcv_nxt=1946715251 rwnd=65535 recv_used=0 right_edge=518537147 flight=64156 sample_rtt=NA srtt=0.043725 rttvar=0.000538 rto=1.000000 retransmitted=0 dupack=13
timestamp_ns=3981845508522 event=RECEIVE state=ESTABLISHED seq=1946715251 ack=518471612 snd_una=518471612 snd_nxt=518535768 rcv_nxt=1946715251 rwnd=65535 recv_used=0 right_edge=518537147 flight=64156 sample_rtt=NA srtt=0.043725 rttvar=0.000538 rto=1.000000 retransmitted=0 dupack=14
timestamp_ns=3981845509554 event=RECEIVE state=ESTABLISHED seq=1946715251 ack=518471612 snd_una=518471612 snd_nxt=518535768 rcv_nxt=1946715251 rwnd=65535 recv_used=0 right_edge=518537147 flight=64156 sample_rtt=NA srtt=0.043725 rttvar=0.000538 rto=1.000000 retransmitted=0 dupack=15
timestamp_ns=3981845510696 event=RECEIVE state=ESTABLISHED seq=1946715251 ack=518471612 snd_una=518471612 snd_nxt=518535768 rcv_nxt=1946715251 rwnd=65535 recv_used=0 right_edge=518537147 flight=64156 sample_rtt=NA srtt=0.043725 rttvar=0.000538 rto=1.000000 retransmitted=0 dupack=16
timestamp_ns=3981845511708 event=RECEIVE state=ESTABLISHED seq=1946715251 ack=518471612 snd_una=518471612 snd_nxt=518535768 rcv_nxt=1946715251 rwnd=65535 recv_used=0 right_edge=518537147 flight=64156 sample_rtt=NA srtt=0.043725 rttvar=0.000538 rto=1.000000 retransmitted=0 dupack=17
timestamp_ns=3981845512970 event=RECEIVE state=ESTABLISHED seq=1946715251 ack=518471612 snd_una=518471612 snd_nxt=518535768 rcv_nxt=1946715251 rwnd=65535 recv_used=0 right_edge=518537147 flight=64156 sample_rtt=NA srtt=0.043725 rttvar=0.000538 rto=1.000000 retransmitted=0 dupack=18
timestamp_ns=3981845514112 event=RECEIVE state=ESTABLISHED seq=1946715251 ack=518471612 snd_una=518471612 snd_nxt=518535768 rcv_nxt=1946715251 rwnd=65535 recv_used=0 right_edge=518537147 flight=64156 sample_rtt=NA srtt=0.043725 rttvar=0.000538 rto=1.000000 retransmitted=0 dupack=19
timestamp_ns=3981845515235 event=RECEIVE state=ESTABLISHED seq=1946715251 ack=518471612 snd_una=518471612 snd_nxt=518535768 rcv_nxt=1946715251 rwnd=65535 recv_used=0 right_edge=518537147 flight=64156 sample_rtt=NA srtt=0.043725 rttvar=0.000538 rto=1.000000 retransmitted=0 dupack=20
timestamp_ns=3981845516367 event=RECEIVE state=ESTABLISHED seq=1946715251 ack=518471612 snd_una=518471612 snd_nxt=518535768 rcv_nxt=1946715251 rwnd=65535 recv_used=0 right_edge=518537147 flight=64156 sample_rtt=NA srtt=0.043725 rttvar=0.000538 rto=1.000000 retransmitted=0 dupack=21
timestamp_ns=3981845518150 event=RECEIVE state=ESTABLISHED seq=1946715251 ack=518471612 snd_una=518471612 snd_nxt=518535768 rcv_nxt=1946715251 rwnd=65535 recv_used=0 right_edge=518537147 flight=64156 sample_rtt=NA srtt=0.043725 rttvar=0.000538 rto=1.000000 retransmitted=0 dupack=22
timestamp_ns=3981845519543 event=RECEIVE state=ESTABLISHED seq=1946715251 ack=518471612 snd_una=518471612 snd_nxt=518535768 rcv_nxt=1946715251 rwnd=65535 recv_used=0 right_edge=518537147 flight=64156 sample_rtt=NA srtt=0.043725 rttvar=0.000538 rto=1.000000 retransmitted=0 dupack=23
timestamp_ns=3981845520565 event=RECEIVE state=ESTABLISHED seq=1946715251 ack=518471612 snd_una=518471612 snd_nxt=518535768 rcv_nxt=1946715251 rwnd=65535 recv_used=0 right_edge=518537147 flight=64156 sample_rtt=NA srtt=0.043725 rttvar=0.000538 rto=1.000000 retransmitted=0 dupack=24
timestamp_ns=3981845523640 event=RECEIVE state=ESTABLISHED seq=1946715251 ack=518471612 snd_una=518471612 snd_nxt=518535768 rcv_nxt=1946715251 rwnd=65535 recv_used=0 right_edge=518537147 flight=64156 sample_rtt=NA srtt=0.043725 rttvar=0.000538 rto=1.000000 retransmitted=0 dupack=25
timestamp_ns=3981845524652 event=RECEIVE state=ESTABLISHED seq=1946715251 ack=518471612 snd_una=518471612 snd_nxt=518535768 rcv_nxt=1946715251 rwnd=65535 recv_used=0 right_edge=518537147 flight=64156 sample_rtt=NA srtt=0.043725 rttvar=0.000538 rto=1.000000 retransmitted=0 dupack=26
timestamp_ns=3981845525674 event=RECEIVE state=ESTABLISHED seq=1946715251 ack=518471612 snd_una=518471612 snd_nxt=518535768 rcv_nxt=1946715251 rwnd=65535 recv_used=0 right_edge=518537147 flight=64156 sample_rtt=NA srtt=0.043725 rttvar=0.000538 rto=1.000000 retransmitted=0 dupack=27
timestamp_ns=3981845526806 event=RECEIVE state=ESTABLISHED seq=1946715251 ack=518471612 snd_una=518471612 snd_nxt=518535768 rcv_nxt=1946715251 rwnd=65535 recv_used=0 right_edge=518537147 flight=64156 sample_rtt=NA srtt=0.043725 rttvar=0.000538 rto=1.000000 retransmitted=0 dupack=28
timestamp_ns=3981845528099 event=RECEIVE state=ESTABLISHED seq=1946715251 ack=518471612 snd_una=518471612 snd_nxt=518535768 rcv_nxt=1946715251 rwnd=65535 recv_used=0 right_edge=518537147 flight=64156 sample_rtt=NA srtt=0.043725 rttvar=0.000538 rto=1.000000 retransmitted=0 dupack=29
timestamp_ns=3981845529131 event=RECEIVE state=ESTABLISHED seq=1946715251 ack=518471612 snd_una=518471612 snd_nxt=518535768 rcv_nxt=1946715251 rwnd=65535 recv_used=0 right_edge=518537147 flight=64156 sample_rtt=NA srtt=0.043725 rttvar=0.000538 rto=1.000000 retransmitted=0 dupack=30
timestamp_ns=3981845530393 event=RECEIVE state=ESTABLISHED seq=1946715251 ack=518471612 snd_una=518471612 snd_nxt=518535768 rcv_nxt=1946715251 rwnd=65535 recv_used=0 right_edge=518537147 flight=64156 sample_rtt=NA srtt=0.043725 rttvar=0.000538 rto=1.000000 retransmitted=0 dupack=31
timestamp_ns=3981845531495 event=RECEIVE state=ESTABLISHED seq=1946715251 ack=518471612 snd_una=518471612 snd_nxt=518535768 rcv_nxt=1946715251 rwnd=65535 recv_used=0 right_edge=518537147 flight=64156 sample_rtt=NA srtt=0.043725 rttvar=0.000538 rto=1.000000 retransmitted=0 dupack=32
timestamp_ns=3981845532738 event=RECEIVE state=ESTABLISHED seq=1946715251 ack=518471612 snd_una=518471612 snd_nxt=518535768 rcv_nxt=1946715251 rwnd=65535 recv_used=0 right_edge=518537147 flight=64156 sample_rtt=NA srtt=0.043725 rttvar=0.000538 rto=1.000000 retransmitted=0 dupack=33
timestamp_ns=3981845533740 event=RECEIVE state=ESTABLISHED seq=1946715251 ack=518471612 snd_una=518471612 snd_nxt=518535768 rcv_nxt=1946715251 rwnd=65535 recv_used=0 right_edge=518537147 flight=64156 sample_rtt=NA srtt=0.043725 rttvar=0.000538 rto=1.000000 retransmitted=0 dupack=34
timestamp_ns=3981845534742 event=RECEIVE state=ESTABLISHED seq=1946715251 ack=518471612 snd_una=518471612 snd_nxt=518535768 rcv_nxt=1946715251 rwnd=65535 recv_used=0 right_edge=518537147 flight=64156 sample_rtt=NA srtt=0.043725 rttvar=0.000538 rto=1.000000 retransmitted=0 dupack=35
timestamp_ns=3981845536234 event=RECEIVE state=ESTABLISHED seq=1946715251 ack=518471612 snd_una=518471612 snd_nxt=518535768 rcv_nxt=1946715251 rwnd=65535 recv_used=0 right_edge=518537147 flight=64156 sample_rtt=NA srtt=0.043725 rttvar=0.000538 rto=1.000000 retransmitted=0 dupack=36
timestamp_ns=3981888124367 event=RECEIVE state=ESTABLISHED seq=1946715251 ack=518471612 snd_una=518471612 snd_nxt=518535768 rcv_nxt=1946715251 rwnd=65535 recv_used=0 right_edge=518537147 flight=64156 sample_rtt=NA srtt=0.043725 rttvar=0.000538 rto=1.000000 retransmitted=0 dupack=37
timestamp_ns=3981888141430 event=RECEIVE state=ESTABLISHED seq=1946715251 ack=518471612 snd_una=518471612 snd_nxt=518535768 rcv_nxt=1946715251 rwnd=65535 recv_used=0 right_edge=518537147 flight=64156 sample_rtt=NA srtt=0.043725 rttvar=0.000538 rto=1.000000 retransmitted=0 dupack=38
timestamp_ns=3981888172859 event=RECEIVE state=ESTABLISHED seq=1946715251 ack=518471612 snd_una=518471612 snd_nxt=518535768 rcv_nxt=1946715251 rwnd=65535 recv_used=0 right_edge=518537147 flight=64156 sample_rtt=NA srtt=0.043725 rttvar=0.000538 rto=1.000000 retransmitted=0 dupack=39
timestamp_ns=3981888175564 event=RECEIVE state=ESTABLISHED seq=1946715251 ack=518471612 snd_una=518471612 snd_nxt=518535768 rcv_nxt=1946715251 rwnd=65535 recv_used=0 right_edge=518537147 flight=64156 sample_rtt=NA srtt=0.043725 rttvar=0.000538 rto=1.000000 retransmitted=0 dupack=40
timestamp_ns=3981888178249 event=RECEIVE state=ESTABLISHED seq=1946715251 ack=518475752 snd_una=518471612 snd_nxt=518535768 rcv_nxt=1946715251 rwnd=65535 recv_used=0 right_edge=518537147 flight=64156 sample_rtt=NA srtt=0.043725 rttvar=0.000538 rto=1.000000 retransmitted=0 dupack=41
timestamp_ns=3981888205210 event=SEND state=ESTABLISHED seq=518535768 ack=1946715251 snd_una=518475752 snd_nxt=518535768 rcv_nxt=1946715251 rwnd=65535 recv_used=0 right_edge=518541287 flight=60016 sample_rtt=NA srtt=0.043725 rttvar=0.000538 rto=1.000000 retransmitted=0 dupack=0
timestamp_ns=3981888229917 event=SEND state=ESTABLISHED seq=518537148 ack=1946715251 snd_una=518475752 snd_nxt=518537148 rcv_nxt=1946715251 rwnd=65535 recv_used=0 right_edge=518541287 flight=61396 sample_rtt=NA srtt=0.043725 rttvar=0.000538 rto=1.000000 retransmitted=0 dupack=0
timestamp_ns=3981888235097 event=SEND state=ESTABLISHED seq=518538528 ack=1946715251 snd_una=518475752 snd_nxt=518538528 rcv_nxt=1946715251 rwnd=65535 recv_used=0 right_edge=518541287 flight=62776 sample_rtt=NA srtt=0.043725 rttvar=0.000538 rto=1.000000 retransmitted=0 dupack=0
timestamp_ns=3981888239195 event=ACK_ADVANCE state=ESTABLISHED seq=518539908 ack=518475752 snd_una=518475752 snd_nxt=518539908 rcv_nxt=1946715251 rwnd=65535 recv_used=0 right_edge=518541287 flight=64156 sample_rtt=NA srtt=0.043725 rttvar=0.000538 rto=1.000000 retransmitted=0 dupack=0
timestamp_ns=3981930460472 event=RECEIVE state=ESTABLISHED seq=1946715251 ack=518475752 snd_una=518475752 snd_nxt=518539908 rcv_nxt=1946715251 rwnd=65535 recv_used=0 right_edge=518541287 flight=64156 sample_rtt=NA srtt=0.043725 rttvar=0.000538 rto=1.000000 retransmitted=0 dupack=0
timestamp_ns=3981930468127 event=RECEIVE state=ESTABLISHED seq=1946715251 ack=518475752 snd_una=518475752 snd_nxt=518539908 rcv_nxt=1946715251 rwnd=65535 recv_used=0 right_edge=518541287 flight=64156 sample_rtt=NA srtt=0.043725 rttvar=0.000538 rto=1.000000 retransmitted=0 dupack=1
timestamp_ns=3981930470261 event=RECEIVE state=ESTABLISHED seq=1946715251 ack=518475752 snd_una=518475752 snd_nxt=518539908 rcv_nxt=1946715251 rwnd=65535 recv_used=0 right_edge=518541287 flight=64156 sample_rtt=NA srtt=0.043725 rttvar=0.000538 rto=1.000000 retransmitted=0 dupack=2
timestamp_ns=3981930473126 event=RETRANSMIT state=ESTABLISHED seq=518475752 ack=1946715251 snd_una=518475752 snd_nxt=518539908 rcv_nxt=1946715251 rwnd=65535 recv_used=0 right_edge=518541287 flight=64156 sample_rtt=NA srtt=0.043725 rttvar=0.000538 rto=1.000000 retransmitted=1 dupack=3
timestamp_ns=3981930497142 event=FAST_RETRANSMIT state=ESTABLISHED seq=518475752 ack=518475752 snd_una=518475752 snd_nxt=518539908 rcv_nxt=1946715251 rwnd=65535 recv_used=0 right_edge=518541287 flight=64156 sample_rtt=NA srtt=0.043725 rttvar=0.000538 rto=1.000000 retransmitted=1 dupack=3
timestamp_ns=3981972641354 event=RECEIVE state=ESTABLISHED seq=1946715251 ack=518539908 snd_una=518475752 snd_nxt=518539908 rcv_nxt=1946715251 rwnd=65535 recv_used=0 right_edge=518541287 flight=64156 sample_rtt=NA srtt=0.043725 rttvar=0.000538 rto=1.000000 retransmitted=0 dupack=3
timestamp_ns=3981972663556 event=SEND state=ESTABLISHED seq=518539908 ack=1946715251 snd_una=518539908 snd_nxt=518539908 rcv_nxt=1946715251 rwnd=65535 recv_used=0 right_edge=518605443 flight=0 sample_rtt=NA srtt=0.043725 rttvar=0.000538 rto=1.000000 retransmitted=0 dupack=0
timestamp_ns=3981972678935 event=SEND state=ESTABLISHED seq=518541288 ack=1946715251 snd_una=518539908 snd_nxt=518541288 rcv_nxt=1946715251 rwnd=65535 recv_used=0 right_edge=518605443 flight=1380 sample_rtt=NA srtt=0.043725 rttvar=0.000538 rto=1.000000 retransmitted=0 dupack=0
timestamp_ns=3981972711096 event=SEND state=ESTABLISHED seq=518542668 ack=1946715251 snd_una=518539908 snd_nxt=518542668 rcv_nxt=1946715251 rwnd=65535 recv_used=0 right_edge=518605443 flight=2760 sample_rtt=NA srtt=0.043725 rttvar=0.000538 rto=1.000000 retransmitted=0 dupack=0
timestamp_ns=3981972713290 event=SEND state=ESTABLISHED seq=518543344 ack=1946715251 snd_una=518539908 snd_nxt=518543344 rcv_nxt=1946715251 rwnd=65535 recv_used=0 right_edge=518605443 flight=3436 sample_rtt=NA srtt=0.043725 rttvar=0.000538 rto=1.000000 retransmitted=0 dupack=0
timestamp_ns=3981972715173 event=SEND state=ESTABLISHED seq=518544724 ack=1946715251 snd_una=518539908 snd_nxt=518544724 rcv_nxt=1946715251 rwnd=65535 recv_used=0 right_edge=518605443 flight=4816 sample_rtt=NA srtt=0.043725 rttvar=0.000538 rto=1.000000 retransmitted=0 dupack=0
timestamp_ns=3981972717067 event=SEND state=ESTABLISHED seq=518546104 ack=1946715251 snd_una=518539908 snd_nxt=518546104 rcv_nxt=1946715251 rwnd=65535 recv_used=0 right_edge=518605443 flight=6196 sample_rtt=NA srtt=0.043725 rttvar=0.000538 rto=1.000000 retransmitted=0 dupack=0
timestamp_ns=3981972718840 event=SEND state=ESTABLISHED seq=518547484 ack=1946715251 snd_una=518539908 snd_nxt=518547484 rcv_nxt=1946715251 rwnd=65535 recv_used=0 right_edge=518605443 flight=7576 sample_rtt=NA srtt=0.043725 rttvar=0.000538 rto=1.000000 retransmitted=0 dupack=0
timestamp_ns=3981972720624 event=SEND state=ESTABLISHED seq=518548864 ack=1946715251 snd_una=518539908 snd_nxt=518548864 rcv_nxt=1946715251 rwnd=65535 recv_used=0 right_edge=518605443 flight=8956 sample_rtt=NA srtt=0.043725 rttvar=0.000538 rto=1.000000 retransmitted=0 dupack=0
timestamp_ns=3981972722778 event=SEND state=ESTABLISHED seq=518550244 ack=1946715251 snd_una=518539908 snd_nxt=518550244 rcv_nxt=1946715251 rwnd=65535 recv_used=0 right_edge=518605443 flight=10336 sample_rtt=NA srtt=0.043725 rttvar=0.000538 rto=1.000000 retransmitted=0 dupack=0
timestamp_ns=3981972724661 event=SEND state=ESTABLISHED seq=518551624 ack=1946715251 snd_una=518539908 snd_nxt=518551624 rcv_nxt=1946715251 rwnd=65535 recv_used=0 right_edge=518605443 flight=11716 sample_rtt=NA srtt=0.043725 rttvar=0.000538 rto=1.000000 retransmitted=0 dupack=0
timestamp_ns=3981972727086 event=SEND state=ESTABLISHED seq=518553004 ack=1946715251 snd_una=518539908 snd_nxt=518553004 rcv_nxt=1946715251 rwnd=65535 recv_used=0 right_edge=518605443 flight=13096 sample_rtt=NA srtt=0.043725 rttvar=0.000538 rto=1.000000 retransmitted=0 dupack=0
timestamp_ns=3981972729180 event=SEND state=ESTABLISHED seq=518554384 ack=1946715251 snd_una=518539908 snd_nxt=518554384 rcv_nxt=1946715251 rwnd=65535 recv_used=0 right_edge=518605443 flight=14476 sample_rtt=NA srtt=0.043725 rttvar=0.000538 rto=1.000000 retransmitted=0 dupack=0
timestamp_ns=3981972731284 event=SEND state=ESTABLISHED seq=518555764 ack=1946715251 snd_una=518539908 snd_nxt=518555764 rcv_nxt=1946715251 rwnd=65535 recv_used=0 right_edge=518605443 flight=15856 sample_rtt=NA srtt=0.043725 rttvar=0.000538 rto=1.000000 retransmitted=0 dupack=0
timestamp_ns=3981972733077 event=SEND state=ESTABLISHED seq=518557144 ack=1946715251 snd_una=518539908 snd_nxt=518557144 rcv_nxt=1946715251 rwnd=65535 recv_used=0 right_edge=518605443 flight=17236 sample_rtt=NA srtt=0.043725 rttvar=0.000538 rto=1.000000 retransmitted=0 dupack=0
timestamp_ns=3981972735161 event=SEND state=ESTABLISHED seq=518558524 ack=1946715251 snd_una=518539908 snd_nxt=518558524 rcv_nxt=1946715251 rwnd=65535 recv_used=0 right_edge=518605443 flight=18616 sample_rtt=NA srtt=0.043725 rttvar=0.000538 rto=1.000000 retransmitted=0 dupack=0
timestamp_ns=3981972736955 event=SEND state=ESTABLISHED seq=518559904 ack=1946715251 snd_una=518539908 snd_nxt=518559904 rcv_nxt=1946715251 rwnd=65535 recv_used=0 right_edge=518605443 flight=19996 sample_rtt=NA srtt=0.043725 rttvar=0.000538 rto=1.000000 retransmitted=0 dupack=0
timestamp_ns=3981972739109 event=SEND state=ESTABLISHED seq=518561284 ack=1946715251 snd_una=518539908 snd_nxt=518561284 rcv_nxt=1946715251 rwnd=65535 recv_used=0 right_edge=518605443 flight=21376 sample_rtt=NA srtt=0.043725 rttvar=0.000538 rto=1.000000 retransmitted=0 dupack=0
timestamp_ns=3981972743106 event=SEND state=ESTABLISHED seq=518562664 ack=1946715251 snd_una=518539908 snd_nxt=518562664 rcv_nxt=1946715251 rwnd=65535 recv_used=0 right_edge=518605443 flight=22756 sample_rtt=NA srtt=0.043725 rttvar=0.000538 rto=1.000000 retransmitted=0 dupack=0
timestamp_ns=3981972745501 event=SEND state=ESTABLISHED seq=518564044 ack=1946715251 snd_una=518539908 snd_nxt=518564044 rcv_nxt=1946715251 rwnd=65535 recv_used=0 right_edge=518605443 flight=24136 sample_rtt=NA srtt=0.043725 rttvar=0.000538 rto=1.000000 retransmitted=0 dupack=0
timestamp_ns=3981972747835 event=SEND state=ESTABLISHED seq=518565424 ack=1946715251 snd_una=518539908 snd_nxt=518565424 rcv_nxt=1946715251 rwnd=65535 recv_used=0 right_edge=518605443 flight=25516 sample_rtt=NA srtt=0.043725 rttvar=0.000538 rto=1.000000 retransmitted=0 dupack=0
timestamp_ns=3981972749899 event=SEND state=ESTABLISHED seq=518566804 ack=1946715251 snd_una=518539908 snd_nxt=518566804 rcv_nxt=1946715251 rwnd=65535 recv_used=0 right_edge=518605443 flight=26896 sample_rtt=NA srtt=0.043725 rttvar=0.000538 rto=1.000000 retransmitted=0 dupack=0
timestamp_ns=3981972751773 event=SEND state=ESTABLISHED seq=518568184 ack=1946715251 snd_una=518539908 snd_nxt=518568184 rcv_nxt=1946715251 rwnd=65535 recv_used=0 right_edge=518605443 flight=28276 sample_rtt=NA srtt=0.043725 rttvar=0.000538 rto=1.000000 retransmitted=0 dupack=0
timestamp_ns=3981972753586 event=SEND state=ESTABLISHED seq=518569564 ack=1946715251 snd_una=518539908 snd_nxt=518569564 rcv_nxt=1946715251 rwnd=65535 recv_used=0 right_edge=518605443 flight=29656 sample_rtt=NA srtt=0.043725 rttvar=0.000538 rto=1.000000 retransmitted=0 dupack=0
timestamp_ns=3981972755760 event=SEND state=ESTABLISHED seq=518570944 ack=1946715251 snd_una=518539908 snd_nxt=518570944 rcv_nxt=1946715251 rwnd=65535 recv_used=0 right_edge=518605443 flight=31036 sample_rtt=NA srtt=0.043725 rttvar=0.000538 rto=1.000000 retransmitted=0 dupack=0
timestamp_ns=3981972758626 event=SEND state=ESTABLISHED seq=518572324 ack=1946715251 snd_una=518539908 snd_nxt=518572324 rcv_nxt=1946715251 rwnd=65535 recv_used=0 right_edge=518605443 flight=32416 sample_rtt=NA srtt=0.043725 rttvar=0.000538 rto=1.000000 retransmitted=0 dupack=0
timestamp_ns=3981972760519 event=SEND state=ESTABLISHED seq=518573704 ack=1946715251 snd_una=518539908 snd_nxt=518573704 rcv_nxt=1946715251 rwnd=65535 recv_used=0 right_edge=518605443 flight=33796 sample_rtt=NA srtt=0.043725 rttvar=0.000538 rto=1.000000 retransmitted=0 dupack=0
timestamp_ns=3981972762683 event=SEND state=ESTABLISHED seq=518575084 ack=1946715251 snd_una=518539908 snd_nxt=518575084 rcv_nxt=1946715251 rwnd=65535 recv_used=0 right_edge=518605443 flight=35176 sample_rtt=NA srtt=0.043725 rttvar=0.000538 rto=1.000000 retransmitted=0 dupack=0
timestamp_ns=3981972764487 event=SEND state=ESTABLISHED seq=518576464 ack=1946715251 snd_una=518539908 snd_nxt=518576464 rcv_nxt=1946715251 rwnd=65535 recv_used=0 right_edge=518605443 flight=36556 sample_rtt=NA srtt=0.043725 rttvar=0.000538 rto=1.000000 retransmitted=0 dupack=0
timestamp_ns=3981972766801 event=SEND state=ESTABLISHED seq=518577844 ack=1946715251 snd_una=518539908 snd_nxt=518577844 rcv_nxt=1946715251 rwnd=65535 recv_used=0 right_edge=518605443 flight=37936 sample_rtt=NA srtt=0.043725 rttvar=0.000538 rto=1.000000 retransmitted=0 dupack=0
timestamp_ns=3981972768705 event=SEND state=ESTABLISHED seq=518579224 ack=1946715251 snd_una=518539908 snd_nxt=518579224 rcv_nxt=1946715251 rwnd=65535 recv_used=0 right_edge=518605443 flight=39316 sample_rtt=NA srtt=0.043725 rttvar=0.000538 rto=1.000000 retransmitted=0 dupack=0
timestamp_ns=3981972770528 event=SEND state=ESTABLISHED seq=518580604 ack=1946715251 snd_una=518539908 snd_nxt=518580604 rcv_nxt=1946715251 rwnd=65535 recv_used=0 right_edge=518605443 flight=40696 sample_rtt=NA srtt=0.043725 rttvar=0.000538 rto=1.000000 retransmitted=0 dupack=0
timestamp_ns=3981972774165 event=SEND state=ESTABLISHED seq=518581984 ack=1946715251 snd_una=518539908 snd_nxt=518581984 rcv_nxt=1946715251 rwnd=65535 recv_used=0 right_edge=518605443 flight=42076 sample_rtt=NA srtt=0.043725 rttvar=0.000538 rto=1.000000 retransmitted=0 dupack=0
timestamp_ns=3981972776189 event=SEND state=ESTABLISHED seq=518583364 ack=1946715251 snd_una=518539908 snd_nxt=518583364 rcv_nxt=1946715251 rwnd=65535 recv_used=0 right_edge=518605443 flight=43456 sample_rtt=NA srtt=0.043725 rttvar=0.000538 rto=1.000000 retransmitted=0 dupack=0
timestamp_ns=3981972778093 event=SEND state=ESTABLISHED seq=518584744 ack=1946715251 snd_una=518539908 snd_nxt=518584744 rcv_nxt=1946715251 rwnd=65535 recv_used=0 right_edge=518605443 flight=44836 sample_rtt=NA srtt=0.043725 rttvar=0.000538 rto=1.000000 retransmitted=0 dupack=0
timestamp_ns=3981972780347 event=SEND state=ESTABLISHED seq=518586124 ack=1946715251 snd_una=518539908 snd_nxt=518586124 rcv_nxt=1946715251 rwnd=65535 recv_used=0 right_edge=518605443 flight=46216 sample_rtt=NA srtt=0.043725 rttvar=0.000538 rto=1.000000 retransmitted=0 dupack=0
timestamp_ns=3981972782922 event=SEND state=ESTABLISHED seq=518587504 ack=1946715251 snd_una=518539908 snd_nxt=518587504 rcv_nxt=1946715251 rwnd=65535 recv_used=0 right_edge=518605443 flight=47596 sample_rtt=NA srtt=0.043725 rttvar=0.000538 rto=1.000000 retransmitted=0 dupack=0
timestamp_ns=3981972784615 event=SEND state=ESTABLISHED seq=518588884 ack=1946715251 snd_una=518539908 snd_nxt=518588884 rcv_nxt=1946715251 rwnd=65535 recv_used=0 right_edge=518605443 flight=48976 sample_rtt=NA srtt=0.043725 rttvar=0.000538 rto=1.000000 retransmitted=0 dupack=0
timestamp_ns=3981972787150 event=SEND state=ESTABLISHED seq=518590264 ack=1946715251 snd_una=518539908 snd_nxt=518590264 rcv_nxt=1946715251 rwnd=65535 recv_used=0 right_edge=518605443 flight=50356 sample_rtt=NA srtt=0.043725 rttvar=0.000538 rto=1.000000 retransmitted=0 dupack=0
timestamp_ns=3981972789003 event=SEND state=ESTABLISHED seq=518591644 ack=1946715251 snd_una=518539908 snd_nxt=518591644 rcv_nxt=1946715251 rwnd=65535 recv_used=0 right_edge=518605443 flight=51736 sample_rtt=NA srtt=0.043725 rttvar=0.000538 rto=1.000000 retransmitted=0 dupack=0
timestamp_ns=3981972790797 event=SEND state=ESTABLISHED seq=518593024 ack=1946715251 snd_una=518539908 snd_nxt=518593024 rcv_nxt=1946715251 rwnd=65535 recv_used=0 right_edge=518605443 flight=53116 sample_rtt=NA srtt=0.043725 rttvar=0.000538 rto=1.000000 retransmitted=0 dupack=0
timestamp_ns=3981972792821 event=SEND state=ESTABLISHED seq=518594404 ack=1946715251 snd_una=518539908 snd_nxt=518594404 rcv_nxt=1946715251 rwnd=65535 recv_used=0 right_edge=518605443 flight=54496 sample_rtt=NA srtt=0.043725 rttvar=0.000538 rto=1.000000 retransmitted=0 dupack=0
timestamp_ns=3981972797650 event=SEND state=ESTABLISHED seq=518595784 ack=1946715251 snd_una=518539908 snd_nxt=518595784 rcv_nxt=1946715251 rwnd=65535 recv_used=0 right_edge=518605443 flight=55876 sample_rtt=NA srtt=0.043725 rttvar=0.000538 rto=1.000000 retransmitted=0 dupack=0
timestamp_ns=3981972799393 event=SEND state=ESTABLISHED seq=518597164 ack=1946715251 snd_una=518539908 snd_nxt=518597164 rcv_nxt=1946715251 rwnd=65535 recv_used=0 right_edge=518605443 flight=57256 sample_rtt=NA srtt=0.043725 rttvar=0.000538 rto=1.000000 retransmitted=0 dupack=0
timestamp_ns=3981972801086 event=SEND state=ESTABLISHED seq=518598544 ack=1946715251 snd_una=518539908 snd_nxt=518598544 rcv_nxt=1946715251 rwnd=65535 recv_used=0 right_edge=518605443 flight=58636 sample_rtt=NA srtt=0.043725 rttvar=0.000538 rto=1.000000 retransmitted=0 dupack=0
timestamp_ns=3981972802759 event=SEND state=ESTABLISHED seq=518599924 ack=1946715251 snd_una=518539908 snd_nxt=518599924 rcv_nxt=1946715251 rwnd=65535 recv_used=0 right_edge=518605443 flight=60016 sample_rtt=NA srtt=0.043725 rttvar=0.000538 rto=1.000000 retransmitted=0 dupack=0
timestamp_ns=3981972804453 event=SEND state=ESTABLISHED seq=518601304 ack=1946715251 snd_una=518539908 snd_nxt=518601304 rcv_nxt=1946715251 rwnd=65535 recv_used=0 right_edge=518605443 flight=61396 sample_rtt=NA srtt=0.043725 rttvar=0.000538 rto=1.000000 retransmitted=0 dupack=0
timestamp_ns=3981972808200 event=SEND state=ESTABLISHED seq=518602684 ack=1946715251 snd_una=518539908 snd_nxt=518602684 rcv_nxt=1946715251 rwnd=65535 recv_used=0 right_edge=518605443 flight=62776 sample_rtt=NA srtt=0.043725 rttvar=0.000538 rto=1.000000 retransmitted=0 dupack=0
timestamp_ns=3981972809743 event=ACK_ADVANCE state=ESTABLISHED seq=518604064 ack=518539908 snd_una=518539908 snd_nxt=518604064 rcv_nxt=1946715251 rwnd=65535 recv_used=0 right_edge=518605443 flight=64156 sample_rtt=NA srtt=0.043725 rttvar=0.000538 rto=1.000000 retransmitted=0 dupack=0
timestamp_ns=3982015710443 event=RECEIVE state=ESTABLISHED seq=1946715251 ack=518541288 snd_una=518539908 snd_nxt=518604064 rcv_nxt=1946715251 rwnd=65535 recv_used=0 right_edge=518605443 flight=64156 sample_rtt=NA srtt=0.043725 rttvar=0.000538 rto=1.000000 retransmitted=0 dupack=0
timestamp_ns=3982015751240 event=SEND state=ESTABLISHED seq=518604064 ack=1946715251 snd_una=518541288 snd_nxt=518604064 rcv_nxt=1946715251 rwnd=65535 recv_used=0 right_edge=518606823 flight=62776 sample_rtt=0.043038 srtt=0.043639 rttvar=0.000575 rto=1.000000 retransmitted=0 dupack=0
timestamp_ns=3982015784794 event=ACK_ADVANCE state=ESTABLISHED seq=518605444 ack=518541288 snd_una=518541288 snd_nxt=518605444 rcv_nxt=1946715251 rwnd=65535 recv_used=0 right_edge=518606823 flight=64156 sample_rtt=0.043038 srtt=0.043639 rttvar=0.000575 rto=1.000000 retransmitted=0 dupack=0
timestamp_ns=3982015816705 event=RECEIVE state=ESTABLISHED seq=1946715251 ack=518542668 snd_una=518541288 snd_nxt=518605444 rcv_nxt=1946715251 rwnd=65535 recv_used=0 right_edge=518606823 flight=64156 sample_rtt=NA srtt=0.043639 rttvar=0.000575 rto=1.000000 retransmitted=0 dupack=0
timestamp_ns=3982015844477 event=SEND state=ESTABLISHED seq=518605444 ack=1946715251 snd_una=518542668 snd_nxt=518605444 rcv_nxt=1946715251 rwnd=65535 recv_used=0 right_edge=518608203 flight=62776 sample_rtt=0.043124 srtt=0.043575 rttvar=0.000560 rto=1.000000 retransmitted=0 dupack=0
timestamp_ns=3982015867651 event=ACK_ADVANCE state=ESTABLISHED seq=518606824 ack=518542668 snd_una=518542668 snd_nxt=518606824 rcv_nxt=1946715251 rwnd=65535 recv_used=0 right_edge=518608203 flight=64156 sample_rtt=0.043124 srtt=0.043575 rttvar=0.000560 rto=1.000000 retransmitted=0 dupack=0
timestamp_ns=3982015897057 event=RECEIVE state=ESTABLISHED seq=1946715251 ack=518543344 snd_una=518542668 snd_nxt=518606824 rcv_nxt=1946715251 rwnd=65535 recv_used=0 right_edge=518608203 flight=64156 sample_rtt=NA srtt=0.043575 rttvar=0.000560 rto=1.000000 retransmitted=0 dupack=0
timestamp_ns=3982015924469 event=SEND state=ESTABLISHED seq=518606824 ack=1946715251 snd_una=518543344 snd_nxt=518606824 rcv_nxt=1946715251 rwnd=65535 recv_used=0 right_edge=518608879 flight=63480 sample_rtt=0.043187 srtt=0.043526 rttvar=0.000517 rto=1.000000 retransmitted=0 dupack=0
timestamp_ns=3982015933426 event=ACK_ADVANCE state=ESTABLISHED seq=518608204 ack=518543344 snd_una=518543344 snd_nxt=518608204 rcv_nxt=1946715251 rwnd=65535 recv_used=0 right_edge=518608879 flight=64860 sample_rtt=0.043187 srtt=0.043526 rttvar=0.000517 rto=1.000000 retransmitted=0 dupack=0
timestamp_ns=3982015956269 event=RECEIVE state=ESTABLISHED seq=1946715251 ack=518544724 snd_una=518543344 snd_nxt=518608204 rcv_nxt=1946715251 rwnd=65535 recv_used=0 right_edge=518608879 flight=64860 sample_rtt=NA srtt=0.043526 rttvar=0.000517 rto=1.000000 retransmitted=0 dupack=0
timestamp_ns=3982015986156 event=SEND state=ESTABLISHED seq=518608204 ack=1946715251 snd_una=518544724 snd_nxt=518608204 rcv_nxt=1946715251 rwnd=65535 recv_used=0 right_edge=518610259 flight=63480 sample_rtt=0.043244 srtt=0.043491 rttvar=0.000458 rto=1.000000 retransmitted=0 dupack=0
timestamp_ns=3982016009931 event=ACK_ADVANCE state=ESTABLISHED seq=518608880 ack=518544724 snd_una=518544724 snd_nxt=518608880 rcv_nxt=1946715251 rwnd=65535 recv_used=0 right_edge=518610259 flight=64156 sample_rtt=0.043244 srtt=0.043491 rttvar=0.000458 rto=1.000000 retransmitted=0 dupack=0
timestamp_ns=3982016094511 event=RECEIVE state=ESTABLISHED seq=1946715251 ack=518546104 snd_una=518544724 snd_nxt=518608880 rcv_nxt=1946715251 rwnd=65535 recv_used=0 right_edge=518610259 flight=64156 sample_rtt=NA srtt=0.043491 rttvar=0.000458 rto=1.000000 retransmitted=0 dupack=0
timestamp_ns=3982016123837 event=SEND state=ESTABLISHED seq=518608880 ack=1946715251 snd_una=518546104 snd_nxt=518608880 rcv_nxt=1946715251 rwnd=65535 recv_used=0 right_edge=518611639 flight=62776 sample_rtt=0.043381 srtt=0.043477 rttvar=0.000371 rto=1.000000 retransmitted=0 dupack=0
timestamp_ns=3982016133024 event=ACK_ADVANCE state=ESTABLISHED seq=518610260 ack=518546104 snd_una=518546104 snd_nxt=518610260 rcv_nxt=1946715251 rwnd=65535 recv_used=0 right_edge=518611639 flight=64156 sample_rtt=0.043381 srtt=0.043477 rttvar=0.000371 rto=1.000000 retransmitted=0 dupack=0
timestamp_ns=3982016140789 event=RECEIVE state=ESTABLISHED seq=1946715251 ack=518547484 snd_una=518546104 snd_nxt=518610260 rcv_nxt=1946715251 rwnd=65535 recv_used=0 right_edge=518611639 flight=64156 sample_rtt=NA srtt=0.043477 rttvar=0.000371 rto=1.000000 retransmitted=0 dupack=0
timestamp_ns=3982016146279 event=SEND state=ESTABLISHED seq=518610260 ack=1946715251 snd_una=518547484 snd_nxt=518610260 rcv_nxt=1946715251 rwnd=65535 recv_used=0 right_edge=518613019 flight=62776 sample_rtt=0.043423 srtt=0.043471 rttvar=0.000292 rto=1.000000 retransmitted=0 dupack=0
timestamp_ns=3982016149465 event=ACK_ADVANCE state=ESTABLISHED seq=518611640 ack=518547484 snd_una=518547484 snd_nxt=518611640 rcv_nxt=1946715251 rwnd=65535 recv_used=0 right_edge=518613019 flight=64156 sample_rtt=0.043423 srtt=0.043471 rttvar=0.000292 rto=1.000000 retransmitted=0 dupack=0
timestamp_ns=3982016154735 event=RECEIVE state=ESTABLISHED seq=1946715251 ack=518548864 snd_una=518547484 snd_nxt=518611640 rcv_nxt=1946715251 rwnd=65535 recv_used=0 right_edge=518613019 flight=64156 sample_rtt=NA srtt=0.043471 rttvar=0.000292 rto=1.000000 retransmitted=0 dupack=0
timestamp_ns=3982016159634 event=SEND state=ESTABLISHED seq=518611640 ack=1946715251 snd_una=518548864 snd_nxt=518611640 rcv_nxt=1946715251 rwnd=65535 recv_used=0 right_edge=518614399 flight=62776 sample_rtt=0.043435 srtt=0.043466 rttvar=0.000228 rto=1.000000 retransmitted=0 dupack=0
timestamp_ns=3982016162861 event=ACK_ADVANCE state=ESTABLISHED seq=518613020 ack=518548864 snd_una=518548864 snd_nxt=518613020 rcv_nxt=1946715251 rwnd=65535 recv_used=0 right_edge=518614399 flight=64156 sample_rtt=0.043435 srtt=0.043466 rttvar=0.000228 rto=1.000000 retransmitted=0 dupack=0
timestamp_ns=3982016167750 event=RECEIVE state=ESTABLISHED seq=1946715251 ack=518548864 snd_una=518548864 snd_nxt=518613020 rcv_nxt=1946715251 rwnd=65535 recv_used=0 right_edge=518614399 flight=64156 sample_rtt=NA srtt=0.043466 rttvar=0.000228 rto=1.000000 retransmitted=0 dupack=0
timestamp_ns=3982016169513 event=RECEIVE state=ESTABLISHED seq=1946715251 ack=518548864 snd_una=518548864 snd_nxt=518613020 rcv_nxt=1946715251 rwnd=65535 recv_used=0 right_edge=518614399 flight=64156 sample_rtt=NA srtt=0.043466 rttvar=0.000228 rto=1.000000 retransmitted=0 dupack=1
timestamp_ns=3982016171146 event=RECEIVE state=ESTABLISHED seq=1946715251 ack=518548864 snd_una=518548864 snd_nxt=518613020 rcv_nxt=1946715251 rwnd=65535 recv_used=0 right_edge=518614399 flight=64156 sample_rtt=NA srtt=0.043466 rttvar=0.000228 rto=1.000000 retransmitted=0 dupack=2
timestamp_ns=3982016172499 event=RETRANSMIT state=ESTABLISHED seq=518548864 ack=1946715251 snd_una=518548864 snd_nxt=518613020 rcv_nxt=1946715251 rwnd=65535 recv_used=0 right_edge=518614399 flight=64156 sample_rtt=NA srtt=0.043466 rttvar=0.000228 rto=1.000000 retransmitted=1 dupack=3
timestamp_ns=3982016176717 event=FAST_RETRANSMIT state=ESTABLISHED seq=518548864 ack=518548864 snd_una=518548864 snd_nxt=518613020 rcv_nxt=1946715251 rwnd=65535 recv_used=0 right_edge=518614399 flight=64156 sample_rtt=NA srtt=0.043466 rttvar=0.000228 rto=1.000000 retransmitted=1 dupack=3
timestamp_ns=3982016180163 event=RECEIVE state=ESTABLISHED seq=1946715251 ack=518548864 snd_una=518548864 snd_nxt=518613020 rcv_nxt=1946715251 rwnd=65535 recv_used=0 right_edge=518614399 flight=64156 sample_rtt=NA srtt=0.043466 rttvar=0.000228 rto=1.000000 retransmitted=0 dupack=3
timestamp_ns=3982016198348 event=RECEIVE state=ESTABLISHED seq=1946715251 ack=518548864 snd_una=518548864 snd_nxt=518613020 rcv_nxt=1946715251 rwnd=65535 recv_used=0 right_edge=518614399 flight=64156 sample_rtt=NA srtt=0.043466 rttvar=0.000228 rto=1.000000 retransmitted=0 dupack=4
timestamp_ns=3982016199791 event=RECEIVE state=ESTABLISHED seq=1946715251 ack=518548864 snd_una=518548864 snd_nxt=518613020 rcv_nxt=1946715251 rwnd=65535 recv_used=0 right_edge=518614399 flight=64156 sample_rtt=NA srtt=0.043466 rttvar=0.000228 rto=1.000000 retransmitted=0 dupack=5
timestamp_ns=3982016201103 event=RECEIVE state=ESTABLISHED seq=1946715251 ack=518548864 snd_una=518548864 snd_nxt=518613020 rcv_nxt=1946715251 rwnd=65535 recv_used=0 right_edge=518614399 flight=64156 sample_rtt=NA srtt=0.043466 rttvar=0.000228 rto=1.000000 retransmitted=0 dupack=6
timestamp_ns=3982016202446 event=RECEIVE state=ESTABLISHED seq=1946715251 ack=518548864 snd_una=518548864 snd_nxt=518613020 rcv_nxt=1946715251 rwnd=65535 recv_used=0 right_edge=518614399 flight=64156 sample_rtt=NA srtt=0.043466 rttvar=0.000228 rto=1.000000 retransmitted=0 dupack=7
timestamp_ns=3982016203798 event=RECEIVE state=ESTABLISHED seq=1946715251 ack=518548864 snd_una=518548864 snd_nxt=518613020 rcv_nxt=1946715251 rwnd=65535 recv_used=0 right_edge=518614399 flight=64156 sample_rtt=NA srtt=0.043466 rttvar=0.000228 rto=1.000000 retransmitted=0 dupack=8
timestamp_ns=3982016205211 event=RECEIVE state=ESTABLISHED seq=1946715251 ack=518548864 snd_una=518548864 snd_nxt=518613020 rcv_nxt=1946715251 rwnd=65535 recv_used=0 right_edge=518614399 flight=64156 sample_rtt=NA srtt=0.043466 rttvar=0.000228 rto=1.000000 retransmitted=0 dupack=9
timestamp_ns=3982016206543 event=RECEIVE state=ESTABLISHED seq=1946715251 ack=518548864 snd_una=518548864 snd_nxt=518613020 rcv_nxt=1946715251 rwnd=65535 recv_used=0 right_edge=518614399 flight=64156 sample_rtt=NA srtt=0.043466 rttvar=0.000228 rto=1.000000 retransmitted=0 dupack=10
timestamp_ns=3982016207986 event=RECEIVE state=ESTABLISHED seq=1946715251 ack=518548864 snd_una=518548864 snd_nxt=518613020 rcv_nxt=1946715251 rwnd=65535 recv_used=0 right_edge=518614399 flight=64156 sample_rtt=NA srtt=0.043466 rttvar=0.000228 rto=1.000000 retransmitted=0 dupack=11
timestamp_ns=3982016209329 event=RECEIVE state=ESTABLISHED seq=1946715251 ack=518548864 snd_una=518548864 snd_nxt=518613020 rcv_nxt=1946715251 rwnd=65535 recv_used=0 right_edge=518614399 flight=64156 sample_rtt=NA srtt=0.043466 rttvar=0.000228 rto=1.000000 retransmitted=0 dupack=12
timestamp_ns=3982016210701 event=RECEIVE state=ESTABLISHED seq=1946715251 ack=518548864 snd_una=518548864 snd_nxt=518613020 rcv_nxt=1946715251 rwnd=65535 recv_used=0 right_edge=518614399 flight=64156 sample_rtt=NA srtt=0.043466 rttvar=0.000228 rto=1.000000 retransmitted=0 dupack=13
timestamp_ns=3982016212034 event=RECEIVE state=ESTABLISHED seq=1946715251 ack=518548864 snd_una=518548864 snd_nxt=518613020 rcv_nxt=1946715251 rwnd=65535 recv_used=0 right_edge=518614399 flight=64156 sample_rtt=NA srtt=0.043466 rttvar=0.000228 rto=1.000000 retransmitted=0 dupack=14
timestamp_ns=3982016213376 event=RECEIVE state=ESTABLISHED seq=1946715251 ack=518548864 snd_una=518548864 snd_nxt=518613020 rcv_nxt=1946715251 rwnd=65535 recv_used=0 right_edge=518614399 flight=64156 sample_rtt=NA srtt=0.043466 rttvar=0.000228 rto=1.000000 retransmitted=0 dupack=15
timestamp_ns=3982016214709 event=RECEIVE state=ESTABLISHED seq=1946715251 ack=518548864 snd_una=518548864 snd_nxt=518613020 rcv_nxt=1946715251 rwnd=65535 recv_used=0 right_edge=518614399 flight=64156 sample_rtt=NA srtt=0.043466 rttvar=0.000228 rto=1.000000 retransmitted=0 dupack=16
timestamp_ns=3982016216041 event=RECEIVE state=ESTABLISHED seq=1946715251 ack=518548864 snd_una=518548864 snd_nxt=518613020 rcv_nxt=1946715251 rwnd=65535 recv_used=0 right_edge=518614399 flight=64156 sample_rtt=NA srtt=0.043466 rttvar=0.000228 rto=1.000000 retransmitted=0 dupack=17
timestamp_ns=3982016219698 event=RECEIVE state=ESTABLISHED seq=1946715251 ack=518548864 snd_una=518548864 snd_nxt=518613020 rcv_nxt=1946715251 rwnd=65535 recv_used=0 right_edge=518614399 flight=64156 sample_rtt=NA srtt=0.043466 rttvar=0.000228 rto=1.000000 retransmitted=0 dupack=18
timestamp_ns=3982016221201 event=RECEIVE state=ESTABLISHED seq=1946715251 ack=518548864 snd_una=518548864 snd_nxt=518613020 rcv_nxt=1946715251 rwnd=65535 recv_used=0 right_edge=518614399 flight=64156 sample_rtt=NA srtt=0.043466 rttvar=0.000228 rto=1.000000 retransmitted=0 dupack=19
timestamp_ns=3982016222564 event=RECEIVE state=ESTABLISHED seq=1946715251 ack=518548864 snd_una=518548864 snd_nxt=518613020 rcv_nxt=1946715251 rwnd=65535 recv_used=0 right_edge=518614399 flight=64156 sample_rtt=NA srtt=0.043466 rttvar=0.000228 rto=1.000000 retransmitted=0 dupack=20
timestamp_ns=3982016223856 event=RECEIVE state=ESTABLISHED seq=1946715251 ack=518548864 snd_una=518548864 snd_nxt=518613020 rcv_nxt=1946715251 rwnd=65535 recv_used=0 right_edge=518614399 flight=64156 sample_rtt=NA srtt=0.043466 rttvar=0.000228 rto=1.000000 retransmitted=0 dupack=21
timestamp_ns=3982016225169 event=RECEIVE state=ESTABLISHED seq=1946715251 ack=518548864 snd_una=518548864 snd_nxt=518613020 rcv_nxt=1946715251 rwnd=65535 recv_used=0 right_edge=518614399 flight=64156 sample_rtt=NA srtt=0.043466 rttvar=0.000228 rto=1.000000 retransmitted=0 dupack=22
timestamp_ns=3982016246469 event=RECEIVE state=ESTABLISHED seq=1946715251 ack=518548864 snd_una=518548864 snd_nxt=518613020 rcv_nxt=1946715251 rwnd=65535 recv_used=0 right_edge=518614399 flight=64156 sample_rtt=NA srtt=0.043466 rttvar=0.000228 rto=1.000000 retransmitted=0 dupack=23
timestamp_ns=3982016249455 event=RECEIVE state=ESTABLISHED seq=1946715251 ack=518548864 snd_una=518548864 snd_nxt=518613020 rcv_nxt=1946715251 rwnd=65535 recv_used=0 right_edge=518614399 flight=64156 sample_rtt=NA srtt=0.043466 rttvar=0.000228 rto=1.000000 retransmitted=0 dupack=24
timestamp_ns=3982016250817 event=RECEIVE state=ESTABLISHED seq=1946715251 ack=518548864 snd_una=518548864 snd_nxt=518613020 rcv_nxt=1946715251 rwnd=65535 recv_used=0 right_edge=518614399 flight=64156 sample_rtt=NA srtt=0.043466 rttvar=0.000228 rto=1.000000 retransmitted=0 dupack=25
timestamp_ns=3982016251839 event=RECEIVE state=ESTABLISHED seq=1946715251 ack=518548864 snd_una=518548864 snd_nxt=518613020 rcv_nxt=1946715251 rwnd=65535 recv_used=0 right_edge=518614399 flight=64156 sample_rtt=NA srtt=0.043466 rttvar=0.000228 rto=1.000000 retransmitted=0 dupack=26
timestamp_ns=3982016252841 event=RECEIVE state=ESTABLISHED seq=1946715251 ack=518548864 snd_una=518548864 snd_nxt=518613020 rcv_nxt=1946715251 rwnd=65535 recv_used=0 right_edge=518614399 flight=64156 sample_rtt=NA srtt=0.043466 rttvar=0.000228 rto=1.000000 retransmitted=0 dupack=27
timestamp_ns=3982016253833 event=RECEIVE state=ESTABLISHED seq=1946715251 ack=518548864 snd_una=518548864 snd_nxt=518613020 rcv_nxt=1946715251 rwnd=65535 recv_used=0 right_edge=518614399 flight=64156 sample_rtt=NA srtt=0.043466 rttvar=0.000228 rto=1.000000 retransmitted=0 dupack=28
timestamp_ns=3982016254865 event=RECEIVE state=ESTABLISHED seq=1946715251 ack=518548864 snd_una=518548864 snd_nxt=518613020 rcv_nxt=1946715251 rwnd=65535 recv_used=0 right_edge=518614399 flight=64156 sample_rtt=NA srtt=0.043466 rttvar=0.000228 rto=1.000000 retransmitted=0 dupack=29
timestamp_ns=3982016255867 event=RECEIVE state=ESTABLISHED seq=1946715251 ack=518548864 snd_una=518548864 snd_nxt=518613020 rcv_nxt=1946715251 rwnd=65535 recv_used=0 right_edge=518614399 flight=64156 sample_rtt=NA srtt=0.043466 rttvar=0.000228 rto=1.000000 retransmitted=0 dupack=30
timestamp_ns=3982016256819 event=RECEIVE state=ESTABLISHED seq=1946715251 ack=518548864 snd_una=518548864 snd_nxt=518613020 rcv_nxt=1946715251 rwnd=65535 recv_used=0 right_edge=518614399 flight=64156 sample_rtt=NA srtt=0.043466 rttvar=0.000228 rto=1.000000 retransmitted=0 dupack=31
timestamp_ns=3982016257760 event=RECEIVE state=ESTABLISHED seq=1946715251 ack=518548864 snd_una=518548864 snd_nxt=518613020 rcv_nxt=1946715251 rwnd=65535 recv_used=0 right_edge=518614399 flight=64156 sample_rtt=NA srtt=0.043466 rttvar=0.000228 rto=1.000000 retransmitted=0 dupack=32
timestamp_ns=3982016268481 event=RECEIVE state=ESTABLISHED seq=1946715251 ack=518548864 snd_una=518548864 snd_nxt=518613020 rcv_nxt=1946715251 rwnd=65535 recv_used=0 right_edge=518614399 flight=64156 sample_rtt=NA srtt=0.043466 rttvar=0.000228 rto=1.000000 retransmitted=0 dupack=33
timestamp_ns=3982016269583 event=RECEIVE state=ESTABLISHED seq=1946715251 ack=518548864 snd_una=518548864 snd_nxt=518613020 rcv_nxt=1946715251 rwnd=65535 recv_used=0 right_edge=518614399 flight=64156 sample_rtt=NA srtt=0.043466 rttvar=0.000228 rto=1.000000 retransmitted=0 dupack=34
timestamp_ns=3982016271016 event=RECEIVE state=ESTABLISHED seq=1946715251 ack=518548864 snd_una=518548864 snd_nxt=518613020 rcv_nxt=1946715251 rwnd=65535 recv_used=0 right_edge=518614399 flight=64156 sample_rtt=NA srtt=0.043466 rttvar=0.000228 rto=1.000000 retransmitted=0 dupack=35
timestamp_ns=3982059280976 event=RECEIVE state=ESTABLISHED seq=1946715251 ack=518548864 snd_una=518548864 snd_nxt=518613020 rcv_nxt=1946715251 rwnd=65535 recv_used=0 right_edge=518614399 flight=64156 sample_rtt=NA srtt=0.043466 rttvar=0.000228 rto=1.000000 retransmitted=0 dupack=36
timestamp_ns=3982059299992 event=RECEIVE state=ESTABLISHED seq=1946715251 ack=518548864 snd_una=518548864 snd_nxt=518613020 rcv_nxt=1946715251 rwnd=65535 recv_used=0 right_edge=518614399 flight=64156 sample_rtt=NA srtt=0.043466 rttvar=0.000228 rto=1.000000 retransmitted=0 dupack=37
timestamp_ns=3982059301706 event=RECEIVE state=ESTABLISHED seq=1946715251 ack=518548864 snd_una=518548864 snd_nxt=518613020 rcv_nxt=1946715251 rwnd=65535 recv_used=0 right_edge=518614399 flight=64156 sample_rtt=NA srtt=0.043466 rttvar=0.000228 rto=1.000000 retransmitted=0 dupack=38
timestamp_ns=3982059302788 event=RECEIVE state=ESTABLISHED seq=1946715251 ack=518548864 snd_una=518548864 snd_nxt=518613020 rcv_nxt=1946715251 rwnd=65535 recv_used=0 right_edge=518614399 flight=64156 sample_rtt=NA srtt=0.043466 rttvar=0.000228 rto=1.000000 retransmitted=0 dupack=39
timestamp_ns=3982059303790 event=RECEIVE state=ESTABLISHED seq=1946715251 ack=518548864 snd_una=518548864 snd_nxt=518613020 rcv_nxt=1946715251 rwnd=65535 recv_used=0 right_edge=518614399 flight=64156 sample_rtt=NA srtt=0.043466 rttvar=0.000228 rto=1.000000 retransmitted=0 dupack=40
timestamp_ns=3982059304741 event=RECEIVE state=ESTABLISHED seq=1946715251 ack=518548864 snd_una=518548864 snd_nxt=518613020 rcv_nxt=1946715251 rwnd=65535 recv_used=0 right_edge=518614399 flight=64156 sample_rtt=NA srtt=0.043466 rttvar=0.000228 rto=1.000000 retransmitted=0 dupack=41
timestamp_ns=3982059305683 event=RECEIVE state=ESTABLISHED seq=1946715251 ack=518548864 snd_una=518548864 snd_nxt=518613020 rcv_nxt=1946715251 rwnd=65535 recv_used=0 right_edge=518614399 flight=64156 sample_rtt=NA srtt=0.043466 rttvar=0.000228 rto=1.000000 retransmitted=0 dupack=42
timestamp_ns=3982059306895 event=RECEIVE state=ESTABLISHED seq=1946715251 ack=518586124 snd_una=518548864 snd_nxt=518613020 rcv_nxt=1946715251 rwnd=65535 recv_used=0 right_edge=518614399 flight=64156 sample_rtt=NA srtt=0.043466 rttvar=0.000228 rto=1.000000 retransmitted=0 dupack=43
timestamp_ns=3982059330951 event=SEND state=ESTABLISHED seq=518613020 ack=1946715251 snd_una=518586124 snd_nxt=518613020 rcv_nxt=1946715251 rwnd=65535 recv_used=0 right_edge=518651659 flight=26896 sample_rtt=NA srtt=0.043466 rttvar=0.000228 rto=1.000000 retransmitted=0 dupack=0
timestamp_ns=3982059353063 event=SEND state=ESTABLISHED seq=518614400 ack=1946715251 snd_una=518586124 snd_nxt=518614400 rcv_nxt=1946715251 rwnd=65535 recv_used=0 right_edge=518651659 flight=28276 sample_rtt=NA srtt=0.043466 rttvar=0.000228 rto=1.000000 retransmitted=0 dupack=0
timestamp_ns=3982059385054 event=SEND state=ESTABLISHED seq=518615780 ack=1946715251 snd_una=518586124 snd_nxt=518615780 rcv_nxt=1946715251 rwnd=65535 recv_used=0 right_edge=518651659 flight=29656 sample_rtt=NA srtt=0.043466 rttvar=0.000228 rto=1.000000 retransmitted=0 dupack=0
timestamp_ns=3982059422024 event=SEND state=ESTABLISHED seq=518617160 ack=1946715251 snd_una=518586124 snd_nxt=518617160 rcv_nxt=1946715251 rwnd=65535 recv_used=0 right_edge=518651659 flight=31036 sample_rtt=NA srtt=0.043466 rttvar=0.000228 rto=1.000000 retransmitted=0 dupack=0
timestamp_ns=3982059423987 event=SEND state=ESTABLISHED seq=518618540 ack=1946715251 snd_una=518586124 snd_nxt=518618540 rcv_nxt=1946715251 rwnd=65535 recv_used=0 right_edge=518651659 flight=32416 sample_rtt=NA srtt=0.043466 rttvar=0.000228 rto=1.000000 retransmitted=0 dupack=0
timestamp_ns=3982059426272 event=SEND state=ESTABLISHED seq=518619920 ack=1946715251 snd_una=518586124 snd_nxt=518619920 rcv_nxt=1946715251 rwnd=65535 recv_used=0 right_edge=518651659 flight=33796 sample_rtt=NA srtt=0.043466 rttvar=0.000228 rto=1.000000 retransmitted=0 dupack=0
timestamp_ns=3982059428265 event=SEND state=ESTABLISHED seq=518621300 ack=1946715251 snd_una=518586124 snd_nxt=518621300 rcv_nxt=1946715251 rwnd=65535 recv_used=0 right_edge=518651659 flight=35176 sample_rtt=NA srtt=0.043466 rttvar=0.000228 rto=1.000000 retransmitted=0 dupack=0
timestamp_ns=3982059430309 event=SEND state=ESTABLISHED seq=518622680 ack=1946715251 snd_una=518586124 snd_nxt=518622680 rcv_nxt=1946715251 rwnd=65535 recv_used=0 right_edge=518651659 flight=36556 sample_rtt=NA srtt=0.043466 rttvar=0.000228 rto=1.000000 retransmitted=0 dupack=0
timestamp_ns=3982059432123 event=SEND state=ESTABLISHED seq=518624060 ack=1946715251 snd_una=518586124 snd_nxt=518624060 rcv_nxt=1946715251 rwnd=65535 recv_used=0 right_edge=518651659 flight=37936 sample_rtt=NA srtt=0.043466 rttvar=0.000228 rto=1.000000 retransmitted=0 dupack=0
timestamp_ns=3982059434327 event=SEND state=ESTABLISHED seq=518625440 ack=1946715251 snd_una=518586124 snd_nxt=518625440 rcv_nxt=1946715251 rwnd=65535 recv_used=0 right_edge=518651659 flight=39316 sample_rtt=NA srtt=0.043466 rttvar=0.000228 rto=1.000000 retransmitted=0 dupack=0
timestamp_ns=3982059436691 event=SEND state=ESTABLISHED seq=518626820 ack=1946715251 snd_una=518586124 snd_nxt=518626820 rcv_nxt=1946715251 rwnd=65535 recv_used=0 right_edge=518651659 flight=40696 sample_rtt=NA srtt=0.043466 rttvar=0.000228 rto=1.000000 retransmitted=0 dupack=0
timestamp_ns=3982059439076 event=SEND state=ESTABLISHED seq=518628200 ack=1946715251 snd_una=518586124 snd_nxt=518628200 rcv_nxt=1946715251 rwnd=65535 recv_used=0 right_edge=518651659 flight=42076 sample_rtt=NA srtt=0.043466 rttvar=0.000228 rto=1.000000 retransmitted=0 dupack=0
timestamp_ns=3982059440759 event=SEND state=ESTABLISHED seq=518629580 ack=1946715251 snd_una=518586124 snd_nxt=518629580 rcv_nxt=1946715251 rwnd=65535 recv_used=0 right_edge=518651659 flight=43456 sample_rtt=NA srtt=0.043466 rttvar=0.000228 rto=1.000000 retransmitted=0 dupack=0
timestamp_ns=3982059442623 event=SEND state=ESTABLISHED seq=518630960 ack=1946715251 snd_una=518586124 snd_nxt=518630960 rcv_nxt=1946715251 rwnd=65535 recv_used=0 right_edge=518651659 flight=44836 sample_rtt=NA srtt=0.043466 rttvar=0.000228 rto=1.000000 retransmitted=0 dupack=0
timestamp_ns=3982059444396 event=SEND state=ESTABLISHED seq=518632340 ack=1946715251 snd_una=518586124 snd_nxt=518632340 rcv_nxt=1946715251 rwnd=65535 recv_used=0 right_edge=518651659 flight=46216 sample_rtt=NA srtt=0.043466 rttvar=0.000228 rto=1.000000 retransmitted=0 dupack=0
timestamp_ns=3982059446971 event=SEND state=ESTABLISHED seq=518633720 ack=1946715251 snd_una=518586124 snd_nxt=518633720 rcv_nxt=1946715251 rwnd=65535 recv_used=0 right_edge=518651659 flight=47596 sample_rtt=NA srtt=0.043466 rttvar=0.000228 rto=1.000000 retransmitted=0 dupack=0
timestamp_ns=3982059449215 event=SEND state=ESTABLISHED seq=518635100 ack=1946715251 snd_una=518586124 snd_nxt=518635100 rcv_nxt=1946715251 rwnd=65535 recv_used=0 right_edge=518651659 flight=48976 sample_rtt=NA srtt=0.043466 rttvar=0.000228 rto=1.000000 retransmitted=0 dupack=0
timestamp_ns=3982059450858 event=SEND state=ESTABLISHED seq=518636480 ack=1946715251 snd_una=518586124 snd_nxt=518636480 rcv_nxt=1946715251 rwnd=65535 recv_used=0 right_edge=518651659 flight=50356 sample_rtt=NA srtt=0.043466 rttvar=0.000228 rto=1.000000 retransmitted=0 dupack=0
timestamp_ns=3982059454686 event=SEND state=ESTABLISHED seq=518637860 ack=1946715251 snd_una=518586124 snd_nxt=518637860 rcv_nxt=1946715251 rwnd=65535 recv_used=0 right_edge=518651659 flight=51736 sample_rtt=NA srtt=0.043466 rttvar=0.000228 rto=1.000000 retransmitted=0 dupack=0
timestamp_ns=3982059456439 event=SEND state=ESTABLISHED seq=518639240 ack=1946715251 snd_una=518586124 snd_nxt=518639240 rcv_nxt=1946715251 rwnd=65535 recv_used=0 right_edge=518651659 flight=53116 sample_rtt=NA srtt=0.043466 rttvar=0.000228 rto=1.000000 retransmitted=0 dupack=0
timestamp_ns=3982059459204 event=SEND state=ESTABLISHED seq=518640620 ack=1946715251 snd_una=518586124 snd_nxt=518640620 rcv_nxt=1946715251 rwnd=65535 recv_used=0 right_edge=518651659 flight=54496 sample_rtt=NA srtt=0.043466 rttvar=0.000228 rto=1.000000 retransmitted=0 dupack=0
timestamp_ns=3982059461759 event=SEND state=ESTABLISHED seq=518642000 ack=1946715251 snd_una=518586124 snd_nxt=518642000 rcv_nxt=1946715251 rwnd=65535 recv_used=0 right_edge=518651659 flight=55876 sample_rtt=NA srtt=0.043466 rttvar=0.000228 rto=1.000000 retransmitted=0 dupack=0
timestamp_ns=3982059463562 event=SEND state=ESTABLISHED seq=518643380 ack=1946715251 snd_una=518586124 snd_nxt=518643380 rcv_nxt=1946715251 rwnd=65535 recv_used=0 right_edge=518651659 flight=57256 sample_rtt=NA srtt=0.043466 rttvar=0.000228 rto=1.000000 retransmitted=0 dupack=0
timestamp_ns=3982059465406 event=SEND state=ESTABLISHED seq=518644760 ack=1946715251 snd_una=518586124 snd_nxt=518644760 rcv_nxt=1946715251 rwnd=65535 recv_used=0 right_edge=518651659 flight=58636 sample_rtt=NA srtt=0.043466 rttvar=0.000228 rto=1.000000 retransmitted=0 dupack=0
timestamp_ns=3982059467490 event=SEND state=ESTABLISHED seq=518646140 ack=1946715251 snd_una=518586124 snd_nxt=518646140 rcv_nxt=1946715251 rwnd=65535 recv_used=0 right_edge=518651659 flight=60016 sample_rtt=NA srtt=0.043466 rttvar=0.000228 rto=1.000000 retransmitted=0 dupack=0
timestamp_ns=3982059469303 event=SEND state=ESTABLISHED seq=518647520 ack=1946715251 snd_una=518586124 snd_nxt=518647520 rcv_nxt=1946715251 rwnd=65535 recv_used=0 right_edge=518651659 flight=61396 sample_rtt=NA srtt=0.043466 rttvar=0.000228 rto=1.000000 retransmitted=0 dupack=0
timestamp_ns=3982059471067 event=SEND state=ESTABLISHED seq=518648900 ack=1946715251 snd_una=518586124 snd_nxt=518648900 rcv_nxt=1946715251 rwnd=65535 recv_used=0 right_edge=518651659 flight=62776 sample_rtt=NA srtt=0.043466 rttvar=0.000228 rto=1.000000 retransmitted=0 dupack=0
timestamp_ns=3982059472670 event=ACK_ADVANCE state=ESTABLISHED seq=518650280 ack=518586124 snd_una=518586124 snd_nxt=518650280 rcv_nxt=1946715251 rwnd=65535 recv_used=0 right_edge=518651659 flight=64156 sample_rtt=NA srtt=0.043466 rttvar=0.000228 rto=1.000000 retransmitted=0 dupack=0
timestamp_ns=3982103931214 event=RECEIVE state=ESTABLISHED seq=1946715251 ack=518586124 snd_una=518586124 snd_nxt=518650280 rcv_nxt=1946715251 rwnd=65535 recv_used=0 right_edge=518651659 flight=64156 sample_rtt=NA srtt=0.043466 rttvar=0.000228 rto=1.000000 retransmitted=0 dupack=0
timestamp_ns=3982103962212 event=RECEIVE state=ESTABLISHED seq=1946715251 ack=518586124 snd_una=518586124 snd_nxt=518650280 rcv_nxt=1946715251 rwnd=65535 recv_used=0 right_edge=518651659 flight=64156 sample_rtt=NA srtt=0.043466 rttvar=0.000228 rto=1.000000 retransmitted=0 dupack=1
timestamp_ns=3982103964687 event=RECEIVE state=ESTABLISHED seq=1946715251 ack=518586124 snd_una=518586124 snd_nxt=518650280 rcv_nxt=1946715251 rwnd=65535 recv_used=0 right_edge=518651659 flight=64156 sample_rtt=NA srtt=0.043466 rttvar=0.000228 rto=1.000000 retransmitted=0 dupack=2
timestamp_ns=3982103969887 event=RETRANSMIT state=ESTABLISHED seq=518586124 ack=1946715251 snd_una=518586124 snd_nxt=518650280 rcv_nxt=1946715251 rwnd=65535 recv_used=0 right_edge=518651659 flight=64156 sample_rtt=NA srtt=0.043466 rttvar=0.000228 rto=1.000000 retransmitted=1 dupack=3
timestamp_ns=3982104032656 event=FAST_RETRANSMIT state=ESTABLISHED seq=518586124 ack=518586124 snd_una=518586124 snd_nxt=518650280 rcv_nxt=1946715251 rwnd=65535 recv_used=0 right_edge=518651659 flight=64156 sample_rtt=NA srtt=0.043466 rttvar=0.000228 rto=1.000000 retransmitted=1 dupack=3
timestamp_ns=3982104038988 event=RECEIVE state=ESTABLISHED seq=1946715251 ack=518586124 snd_una=518586124 snd_nxt=518650280 rcv_nxt=1946715251 rwnd=65535 recv_used=0 right_edge=518651659 flight=64156 sample_rtt=NA srtt=0.043466 rttvar=0.000228 rto=1.000000 retransmitted=0 dupack=3
timestamp_ns=3982104040441 event=RECEIVE state=ESTABLISHED seq=1946715251 ack=518586124 snd_una=518586124 snd_nxt=518650280 rcv_nxt=1946715251 rwnd=65535 recv_used=0 right_edge=518651659 flight=64156 sample_rtt=NA srtt=0.043466 rttvar=0.000228 rto=1.000000 retransmitted=0 dupack=4
timestamp_ns=3982104041853 event=RECEIVE state=ESTABLISHED seq=1946715251 ack=518586124 snd_una=518586124 snd_nxt=518650280 rcv_nxt=1946715251 rwnd=65535 recv_used=0 right_edge=518651659 flight=64156 sample_rtt=NA srtt=0.043466 rttvar=0.000228 rto=1.000000 retransmitted=0 dupack=5
timestamp_ns=3982104043246 event=RECEIVE state=ESTABLISHED seq=1946715251 ack=518586124 snd_una=518586124 snd_nxt=518650280 rcv_nxt=1946715251 rwnd=65535 recv_used=0 right_edge=518651659 flight=64156 sample_rtt=NA srtt=0.043466 rttvar=0.000228 rto=1.000000 retransmitted=0 dupack=6
timestamp_ns=3982104044629 event=RECEIVE state=ESTABLISHED seq=1946715251 ack=518586124 snd_una=518586124 snd_nxt=518650280 rcv_nxt=1946715251 rwnd=65535 recv_used=0 right_edge=518651659 flight=64156 sample_rtt=NA srtt=0.043466 rttvar=0.000228 rto=1.000000 retransmitted=0 dupack=7
timestamp_ns=3982104046121 event=RECEIVE state=ESTABLISHED seq=1946715251 ack=518586124 snd_una=518586124 snd_nxt=518650280 rcv_nxt=1946715251 rwnd=65535 recv_used=0 right_edge=518651659 flight=64156 sample_rtt=NA srtt=0.043466 rttvar=0.000228 rto=1.000000 retransmitted=0 dupack=8
timestamp_ns=3982104047604 event=RECEIVE state=ESTABLISHED seq=1946715251 ack=518586124 snd_una=518586124 snd_nxt=518650280 rcv_nxt=1946715251 rwnd=65535 recv_used=0 right_edge=518651659 flight=64156 sample_rtt=NA srtt=0.043466 rttvar=0.000228 rto=1.000000 retransmitted=0 dupack=9
timestamp_ns=3982104049007 event=RECEIVE state=ESTABLISHED seq=1946715251 ack=518586124 snd_una=518586124 snd_nxt=518650280 rcv_nxt=1946715251 rwnd=65535 recv_used=0 right_edge=518651659 flight=64156 sample_rtt=NA srtt=0.043466 rttvar=0.000228 rto=1.000000 retransmitted=0 dupack=10
timestamp_ns=3982104050400 event=RECEIVE state=ESTABLISHED seq=1946715251 ack=518586124 snd_una=518586124 snd_nxt=518650280 rcv_nxt=1946715251 rwnd=65535 recv_used=0 right_edge=518651659 flight=64156 sample_rtt=NA srtt=0.043466 rttvar=0.000228 rto=1.000000 retransmitted=0 dupack=11
timestamp_ns=3982104051802 event=RECEIVE state=ESTABLISHED seq=1946715251 ack=518586124 snd_una=518586124 snd_nxt=518650280 rcv_nxt=1946715251 rwnd=65535 recv_used=0 right_edge=518651659 flight=64156 sample_rtt=NA srtt=0.043466 rttvar=0.000228 rto=1.000000 retransmitted=0 dupack=12
timestamp_ns=3982104053195 event=RECEIVE state=ESTABLISHED seq=1946715251 ack=518586124 snd_una=518586124 snd_nxt=518650280 rcv_nxt=1946715251 rwnd=65535 recv_used=0 right_edge=518651659 flight=64156 sample_rtt=NA srtt=0.043466 rttvar=0.000228 rto=1.000000 retransmitted=0 dupack=13
timestamp_ns=3982104054608 event=RECEIVE state=ESTABLISHED seq=1946715251 ack=518586124 snd_una=518586124 snd_nxt=518650280 rcv_nxt=1946715251 rwnd=65535 recv_used=0 right_edge=518651659 flight=64156 sample_rtt=NA srtt=0.043466 rttvar=0.000228 rto=1.000000 retransmitted=0 dupack=14
timestamp_ns=3982104056080 event=RECEIVE state=ESTABLISHED seq=1946715251 ack=518586124 snd_una=518586124 snd_nxt=518650280 rcv_nxt=1946715251 rwnd=65535 recv_used=0 right_edge=518651659 flight=64156 sample_rtt=NA srtt=0.043466 rttvar=0.000228 rto=1.000000 retransmitted=0 dupack=15
timestamp_ns=3982104057523 event=RECEIVE state=ESTABLISHED seq=1946715251 ack=518586124 snd_una=518586124 snd_nxt=518650280 rcv_nxt=1946715251 rwnd=65535 recv_used=0 right_edge=518651659 flight=64156 sample_rtt=NA srtt=0.043466 rttvar=0.000228 rto=1.000000 retransmitted=0 dupack=16
timestamp_ns=3982104062863 event=RECEIVE state=ESTABLISHED seq=1946715251 ack=518586124 snd_una=518586124 snd_nxt=518650280 rcv_nxt=1946715251 rwnd=65535 recv_used=0 right_edge=518651659 flight=64156 sample_rtt=NA srtt=0.043466 rttvar=0.000228 rto=1.000000 retransmitted=0 dupack=17
timestamp_ns=3982104064276 event=RECEIVE state=ESTABLISHED seq=1946715251 ack=518586124 snd_una=518586124 snd_nxt=518650280 rcv_nxt=1946715251 rwnd=65535 recv_used=0 right_edge=518651659 flight=64156 sample_rtt=NA srtt=0.043466 rttvar=0.000228 rto=1.000000 retransmitted=0 dupack=18
timestamp_ns=3982104065658 event=RECEIVE state=ESTABLISHED seq=1946715251 ack=518586124 snd_una=518586124 snd_nxt=518650280 rcv_nxt=1946715251 rwnd=65535 recv_used=0 right_edge=518651659 flight=64156 sample_rtt=NA srtt=0.043466 rttvar=0.000228 rto=1.000000 retransmitted=0 dupack=19
timestamp_ns=3982104067051 event=RECEIVE state=ESTABLISHED seq=1946715251 ack=518586124 snd_una=518586124 snd_nxt=518650280 rcv_nxt=1946715251 rwnd=65535 recv_used=0 right_edge=518651659 flight=64156 sample_rtt=NA srtt=0.043466 rttvar=0.000228 rto=1.000000 retransmitted=0 dupack=20
timestamp_ns=3982104068484 event=RECEIVE state=ESTABLISHED seq=1946715251 ack=518586124 snd_una=518586124 snd_nxt=518650280 rcv_nxt=1946715251 rwnd=65535 recv_used=0 right_edge=518651659 flight=64156 sample_rtt=NA srtt=0.043466 rttvar=0.000228 rto=1.000000 retransmitted=0 dupack=21
timestamp_ns=3982104069866 event=RECEIVE state=ESTABLISHED seq=1946715251 ack=518586124 snd_una=518586124 snd_nxt=518650280 rcv_nxt=1946715251 rwnd=65535 recv_used=0 right_edge=518651659 flight=64156 sample_rtt=NA srtt=0.043466 rttvar=0.000228 rto=1.000000 retransmitted=0 dupack=22
timestamp_ns=3982104071500 event=RECEIVE state=ESTABLISHED seq=1946715251 ack=518586124 snd_una=518586124 snd_nxt=518650280 rcv_nxt=1946715251 rwnd=65535 recv_used=0 right_edge=518651659 flight=64156 sample_rtt=NA srtt=0.043466 rttvar=0.000228 rto=1.000000 retransmitted=0 dupack=23
timestamp_ns=3982146445677 event=RECEIVE state=ESTABLISHED seq=1946715251 ack=518618540 snd_una=518586124 snd_nxt=518650280 rcv_nxt=1946715251 rwnd=65535 recv_used=0 right_edge=518651659 flight=64156 sample_rtt=NA srtt=0.043466 rttvar=0.000228 rto=1.000000 retransmitted=0 dupack=24
timestamp_ns=3982146468630 event=SEND state=ESTABLISHED seq=518650280 ack=1946715251 snd_una=518618540 snd_nxt=518650280 rcv_nxt=1946715251 rwnd=65535 recv_used=0 right_edge=518684075 flight=31740 sample_rtt=NA srtt=0.043466 rttvar=0.000228 rto=1.000000 retransmitted=0 dupack=0
timestamp_ns=3982146484010 event=SEND state=ESTABLISHED seq=518651660 ack=1946715251 snd_una=518618540 snd_nxt=518651660 rcv_nxt=1946715251 rwnd=65535 recv_used=0 right_edge=518684075 flight=33120 sample_rtt=NA srtt=0.043466 rttvar=0.000228 rto=1.000000 retransmitted=0 dupack=0
timestamp_ns=3982146486374 event=SEND state=ESTABLISHED seq=518653040 ack=1946715251 snd_una=518618540 snd_nxt=518653040 rcv_nxt=1946715251 rwnd=65535 recv_used=0 right_edge=518684075 flight=34500 sample_rtt=NA srtt=0.043466 rttvar=0.000228 rto=1.000000 retransmitted=0 dupack=0
timestamp_ns=3982146488789 event=SEND state=ESTABLISHED seq=518654420 ack=1946715251 snd_una=518618540 snd_nxt=518654420 rcv_nxt=1946715251 rwnd=65535 recv_used=0 right_edge=518684075 flight=35880 sample_rtt=NA srtt=0.043466 rttvar=0.000228 rto=1.000000 retransmitted=0 dupack=0
timestamp_ns=3982146490592 event=SEND state=ESTABLISHED seq=518655800 ack=1946715251 snd_una=518618540 snd_nxt=518655800 rcv_nxt=1946715251 rwnd=65535 recv_used=0 right_edge=518684075 flight=37260 sample_rtt=NA srtt=0.043466 rttvar=0.000228 rto=1.000000 retransmitted=0 dupack=0
timestamp_ns=3982146492736 event=SEND state=ESTABLISHED seq=518657180 ack=1946715251 snd_una=518618540 snd_nxt=518657180 rcv_nxt=1946715251 rwnd=65535 recv_used=0 right_edge=518684075 flight=38640 sample_rtt=NA srtt=0.043466 rttvar=0.000228 rto=1.000000 retransmitted=0 dupack=0
timestamp_ns=3982146509919 event=SEND state=ESTABLISHED seq=518658560 ack=1946715251 snd_una=518618540 snd_nxt=518658560 rcv_nxt=1946715251 rwnd=65535 recv_used=0 right_edge=518684075 flight=40020 sample_rtt=NA srtt=0.043466 rttvar=0.000228 rto=1.000000 retransmitted=0 dupack=0
timestamp_ns=3982146511832 event=SEND state=ESTABLISHED seq=518659940 ack=1946715251 snd_una=518618540 snd_nxt=518659940 rcv_nxt=1946715251 rwnd=65535 recv_used=0 right_edge=518684075 flight=41400 sample_rtt=NA srtt=0.043466 rttvar=0.000228 rto=1.000000 retransmitted=0 dupack=0
timestamp_ns=3982146513716 event=SEND state=ESTABLISHED seq=518661320 ack=1946715251 snd_una=518618540 snd_nxt=518661320 rcv_nxt=1946715251 rwnd=65535 recv_used=0 right_edge=518684075 flight=42780 sample_rtt=NA srtt=0.043466 rttvar=0.000228 rto=1.000000 retransmitted=0 dupack=0
timestamp_ns=3982146515720 event=SEND state=ESTABLISHED seq=518662700 ack=1946715251 snd_una=518618540 snd_nxt=518662700 rcv_nxt=1946715251 rwnd=65535 recv_used=0 right_edge=518684075 flight=44160 sample_rtt=NA srtt=0.043466 rttvar=0.000228 rto=1.000000 retransmitted=0 dupack=0
timestamp_ns=3982146517503 event=SEND state=ESTABLISHED seq=518664080 ack=1946715251 snd_una=518618540 snd_nxt=518664080 rcv_nxt=1946715251 rwnd=65535 recv_used=0 right_edge=518684075 flight=45540 sample_rtt=NA srtt=0.043466 rttvar=0.000228 rto=1.000000 retransmitted=0 dupack=0
timestamp_ns=3982146519306 event=SEND state=ESTABLISHED seq=518665460 ack=1946715251 snd_una=518618540 snd_nxt=518665460 rcv_nxt=1946715251 rwnd=65535 recv_used=0 right_edge=518684075 flight=46920 sample_rtt=NA srtt=0.043466 rttvar=0.000228 rto=1.000000 retransmitted=0 dupack=0
timestamp_ns=3982146521180 event=SEND state=ESTABLISHED seq=518666840 ack=1946715251 snd_una=518618540 snd_nxt=518666840 rcv_nxt=1946715251 rwnd=65535 recv_used=0 right_edge=518684075 flight=48300 sample_rtt=NA srtt=0.043466 rttvar=0.000228 rto=1.000000 retransmitted=0 dupack=0
timestamp_ns=3982146523264 event=SEND state=ESTABLISHED seq=518668220 ack=1946715251 snd_una=518618540 snd_nxt=518668220 rcv_nxt=1946715251 rwnd=65535 recv_used=0 right_edge=518684075 flight=49680 sample_rtt=NA srtt=0.043466 rttvar=0.000228 rto=1.000000 retransmitted=0 dupack=0
timestamp_ns=3982146525097 event=SEND state=ESTABLISHED seq=518669600 ack=1946715251 snd_una=518618540 snd_nxt=518669600 rcv_nxt=1946715251 rwnd=65535 recv_used=0 right_edge=518684075 flight=51060 sample_rtt=NA srtt=0.043466 rttvar=0.000228 rto=1.000000 retransmitted=0 dupack=0
timestamp_ns=3982146527041 event=SEND state=ESTABLISHED seq=518670980 ack=1946715251 snd_una=518618540 snd_nxt=518670980 rcv_nxt=1946715251 rwnd=65535 recv_used=0 right_edge=518684075 flight=52440 sample_rtt=NA srtt=0.043466 rttvar=0.000228 rto=1.000000 retransmitted=0 dupack=0
timestamp_ns=3982146528835 event=SEND state=ESTABLISHED seq=518672360 ack=1946715251 snd_una=518618540 snd_nxt=518672360 rcv_nxt=1946715251 rwnd=65535 recv_used=0 right_edge=518684075 flight=53820 sample_rtt=NA srtt=0.043466 rttvar=0.000228 rto=1.000000 retransmitted=0 dupack=0
timestamp_ns=3982146531119 event=SEND state=ESTABLISHED seq=518673740 ack=1946715251 snd_una=518618540 snd_nxt=518673740 rcv_nxt=1946715251 rwnd=65535 recv_used=0 right_edge=518684075 flight=55200 sample_rtt=NA srtt=0.043466 rttvar=0.000228 rto=1.000000 retransmitted=0 dupack=0
timestamp_ns=3982146533103 event=SEND state=ESTABLISHED seq=518674416 ack=1946715251 snd_una=518618540 snd_nxt=518674416 rcv_nxt=1946715251 rwnd=65535 recv_used=0 right_edge=518684075 flight=55876 sample_rtt=NA srtt=0.043466 rttvar=0.000228 rto=1.000000 retransmitted=0 dupack=0
timestamp_ns=3982146534886 event=SEND state=ESTABLISHED seq=518675796 ack=1946715251 snd_una=518618540 snd_nxt=518675796 rcv_nxt=1946715251 rwnd=65535 recv_used=0 right_edge=518684075 flight=57256 sample_rtt=NA srtt=0.043466 rttvar=0.000228 rto=1.000000 retransmitted=0 dupack=0
timestamp_ns=3982146536629 event=SEND state=ESTABLISHED seq=518677176 ack=1946715251 snd_una=518618540 snd_nxt=518677176 rcv_nxt=1946715251 rwnd=65535 recv_used=0 right_edge=518684075 flight=58636 sample_rtt=NA srtt=0.043466 rttvar=0.000228 rto=1.000000 retransmitted=0 dupack=0
timestamp_ns=3982146540537 event=SEND state=ESTABLISHED seq=518678556 ack=1946715251 snd_una=518618540 snd_nxt=518678556 rcv_nxt=1946715251 rwnd=65535 recv_used=0 right_edge=518684075 flight=60016 sample_rtt=NA srtt=0.043466 rttvar=0.000228 rto=1.000000 retransmitted=0 dupack=0
timestamp_ns=3982146542380 event=SEND state=ESTABLISHED seq=518679936 ack=1946715251 snd_una=518618540 snd_nxt=518679936 rcv_nxt=1946715251 rwnd=65535 recv_used=0 right_edge=518684075 flight=61396 sample_rtt=NA srtt=0.043466 rttvar=0.000228 rto=1.000000 retransmitted=0 dupack=0
timestamp_ns=3982146544134 event=SEND state=ESTABLISHED seq=518681316 ack=1946715251 snd_una=518618540 snd_nxt=518681316 rcv_nxt=1946715251 rwnd=65535 recv_used=0 right_edge=518684075 flight=62776 sample_rtt=NA srtt=0.043466 rttvar=0.000228 rto=1.000000 retransmitted=0 dupack=0
timestamp_ns=3982146545817 event=ACK_ADVANCE state=ESTABLISHED seq=518682696 ack=518618540 snd_una=518618540 snd_nxt=518682696 rcv_nxt=1946715251 rwnd=65535 recv_used=0 right_edge=518684075 flight=64156 sample_rtt=NA srtt=0.043466 rttvar=0.000228 rto=1.000000 retransmitted=0 dupack=0
timestamp_ns=3982190169774 event=RECEIVE state=ESTABLISHED seq=1946715251 ack=518618540 snd_una=518618540 snd_nxt=518682696 rcv_nxt=1946715251 rwnd=65535 recv_used=0 right_edge=518684075 flight=64156 sample_rtt=NA srtt=0.043466 rttvar=0.000228 rto=1.000000 retransmitted=0 dupack=0
timestamp_ns=3982190187056 event=RECEIVE state=ESTABLISHED seq=1946715251 ack=518618540 snd_una=518618540 snd_nxt=518682696 rcv_nxt=1946715251 rwnd=65535 recv_used=0 right_edge=518684075 flight=64156 sample_rtt=NA srtt=0.043466 rttvar=0.000228 rto=1.000000 retransmitted=0 dupack=1
timestamp_ns=3982190188830 event=RECEIVE state=ESTABLISHED seq=1946715251 ack=518618540 snd_una=518618540 snd_nxt=518682696 rcv_nxt=1946715251 rwnd=65535 recv_used=0 right_edge=518684075 flight=64156 sample_rtt=NA srtt=0.043466 rttvar=0.000228 rto=1.000000 retransmitted=0 dupack=2
timestamp_ns=3982190362589 event=RETRANSMIT state=ESTABLISHED seq=518618540 ack=1946715251 snd_una=518618540 snd_nxt=518682696 rcv_nxt=1946715251 rwnd=65535 recv_used=0 right_edge=518684075 flight=64156 sample_rtt=NA srtt=0.043466 rttvar=0.000228 rto=1.000000 retransmitted=1 dupack=3
timestamp_ns=3982190405530 event=FAST_RETRANSMIT state=ESTABLISHED seq=518618540 ack=518618540 snd_una=518618540 snd_nxt=518682696 rcv_nxt=1946715251 rwnd=65535 recv_used=0 right_edge=518684075 flight=64156 sample_rtt=NA srtt=0.043466 rttvar=0.000228 rto=1.000000 retransmitted=1 dupack=3
timestamp_ns=3982190413415 event=RECEIVE state=ESTABLISHED seq=1946715251 ack=518618540 snd_una=518618540 snd_nxt=518682696 rcv_nxt=1946715251 rwnd=65535 recv_used=0 right_edge=518684075 flight=64156 sample_rtt=NA srtt=0.043466 rttvar=0.000228 rto=1.000000 retransmitted=0 dupack=3
timestamp_ns=3982190414988 event=RECEIVE state=ESTABLISHED seq=1946715251 ack=518618540 snd_una=518618540 snd_nxt=518682696 rcv_nxt=1946715251 rwnd=65535 recv_used=0 right_edge=518684075 flight=64156 sample_rtt=NA srtt=0.043466 rttvar=0.000228 rto=1.000000 retransmitted=0 dupack=4
timestamp_ns=3982190416120 event=RECEIVE state=ESTABLISHED seq=1946715251 ack=518618540 snd_una=518618540 snd_nxt=518682696 rcv_nxt=1946715251 rwnd=65535 recv_used=0 right_edge=518684075 flight=64156 sample_rtt=NA srtt=0.043466 rttvar=0.000228 rto=1.000000 retransmitted=0 dupack=5
timestamp_ns=3982190417313 event=RECEIVE state=ESTABLISHED seq=1946715251 ack=518618540 snd_una=518618540 snd_nxt=518682696 rcv_nxt=1946715251 rwnd=65535 recv_used=0 right_edge=518684075 flight=64156 sample_rtt=NA srtt=0.043466 rttvar=0.000228 rto=1.000000 retransmitted=0 dupack=6
timestamp_ns=3982190418305 event=RECEIVE state=ESTABLISHED seq=1946715251 ack=518618540 snd_una=518618540 snd_nxt=518682696 rcv_nxt=1946715251 rwnd=65535 recv_used=0 right_edge=518684075 flight=64156 sample_rtt=NA srtt=0.043466 rttvar=0.000228 rto=1.000000 retransmitted=0 dupack=7
timestamp_ns=3982190419236 event=RECEIVE state=ESTABLISHED seq=1946715251 ack=518618540 snd_una=518618540 snd_nxt=518682696 rcv_nxt=1946715251 rwnd=65535 recv_used=0 right_edge=518684075 flight=64156 sample_rtt=NA srtt=0.043466 rttvar=0.000228 rto=1.000000 retransmitted=0 dupack=8
timestamp_ns=3982190452028 event=RECEIVE state=ESTABLISHED seq=1946715251 ack=518618540 snd_una=518618540 snd_nxt=518682696 rcv_nxt=1946715251 rwnd=65535 recv_used=0 right_edge=518684075 flight=64156 sample_rtt=NA srtt=0.043466 rttvar=0.000228 rto=1.000000 retransmitted=0 dupack=9
timestamp_ns=3982190453080 event=RECEIVE state=ESTABLISHED seq=1946715251 ack=518618540 snd_una=518618540 snd_nxt=518682696 rcv_nxt=1946715251 rwnd=65535 recv_used=0 right_edge=518684075 flight=64156 sample_rtt=NA srtt=0.043466 rttvar=0.000228 rto=1.000000 retransmitted=0 dupack=10
timestamp_ns=3982190454142 event=RECEIVE state=ESTABLISHED seq=1946715251 ack=518618540 snd_una=518618540 snd_nxt=518682696 rcv_nxt=1946715251 rwnd=65535 recv_used=0 right_edge=518684075 flight=64156 sample_rtt=NA srtt=0.043466 rttvar=0.000228 rto=1.000000 retransmitted=0 dupack=11
timestamp_ns=3982190455194 event=RECEIVE state=ESTABLISHED seq=1946715251 ack=518618540 snd_una=518618540 snd_nxt=518682696 rcv_nxt=1946715251 rwnd=65535 recv_used=0 right_edge=518684075 flight=64156 sample_rtt=NA srtt=0.043466 rttvar=0.000228 rto=1.000000 retransmitted=0 dupack=12
timestamp_ns=3982190456206 event=RECEIVE state=ESTABLISHED seq=1946715251 ack=518618540 snd_una=518618540 snd_nxt=518682696 rcv_nxt=1946715251 rwnd=65535 recv_used=0 right_edge=518684075 flight=64156 sample_rtt=NA srtt=0.043466 rttvar=0.000228 rto=1.000000 retransmitted=0 dupack=13
timestamp_ns=3982190457208 event=RECEIVE state=ESTABLISHED seq=1946715251 ack=518618540 snd_una=518618540 snd_nxt=518682696 rcv_nxt=1946715251 rwnd=65535 recv_used=0 right_edge=518684075 flight=64156 sample_rtt=NA srtt=0.043466 rttvar=0.000228 rto=1.000000 retransmitted=0 dupack=14
timestamp_ns=3982190458290 event=RECEIVE state=ESTABLISHED seq=1946715251 ack=518618540 snd_una=518618540 snd_nxt=518682696 rcv_nxt=1946715251 rwnd=65535 recv_used=0 right_edge=518684075 flight=64156 sample_rtt=NA srtt=0.043466 rttvar=0.000228 rto=1.000000 retransmitted=0 dupack=15
timestamp_ns=3982190459302 event=RECEIVE state=ESTABLISHED seq=1946715251 ack=518618540 snd_una=518618540 snd_nxt=518682696 rcv_nxt=1946715251 rwnd=65535 recv_used=0 right_edge=518684075 flight=64156 sample_rtt=NA srtt=0.043466 rttvar=0.000228 rto=1.000000 retransmitted=0 dupack=16
timestamp_ns=3982190460244 event=RECEIVE state=ESTABLISHED seq=1946715251 ack=518618540 snd_una=518618540 snd_nxt=518682696 rcv_nxt=1946715251 rwnd=65535 recv_used=0 right_edge=518684075 flight=64156 sample_rtt=NA srtt=0.043466 rttvar=0.000228 rto=1.000000 retransmitted=0 dupack=17
timestamp_ns=3982190461306 event=RECEIVE state=ESTABLISHED seq=1946715251 ack=518618540 snd_una=518618540 snd_nxt=518682696 rcv_nxt=1946715251 rwnd=65535 recv_used=0 right_edge=518684075 flight=64156 sample_rtt=NA srtt=0.043466 rttvar=0.000228 rto=1.000000 retransmitted=0 dupack=18
timestamp_ns=3982190462338 event=RECEIVE state=ESTABLISHED seq=1946715251 ack=518618540 snd_una=518618540 snd_nxt=518682696 rcv_nxt=1946715251 rwnd=65535 recv_used=0 right_edge=518684075 flight=64156 sample_rtt=NA srtt=0.043466 rttvar=0.000228 rto=1.000000 retransmitted=0 dupack=19
timestamp_ns=3982190463400 event=RECEIVE state=ESTABLISHED seq=1946715251 ack=518618540 snd_una=518618540 snd_nxt=518682696 rcv_nxt=1946715251 rwnd=65535 recv_used=0 right_edge=518684075 flight=64156 sample_rtt=NA srtt=0.043466 rttvar=0.000228 rto=1.000000 retransmitted=0 dupack=20
timestamp_ns=3982190464402 event=RECEIVE state=ESTABLISHED seq=1946715251 ack=518618540 snd_una=518618540 snd_nxt=518682696 rcv_nxt=1946715251 rwnd=65535 recv_used=0 right_edge=518684075 flight=64156 sample_rtt=NA srtt=0.043466 rttvar=0.000228 rto=1.000000 retransmitted=0 dupack=21
timestamp_ns=3982190465584 event=RECEIVE state=ESTABLISHED seq=1946715251 ack=518618540 snd_una=518618540 snd_nxt=518682696 rcv_nxt=1946715251 rwnd=65535 recv_used=0 right_edge=518684075 flight=64156 sample_rtt=NA srtt=0.043466 rttvar=0.000228 rto=1.000000 retransmitted=0 dupack=22
timestamp_ns=3982234357637 event=RECEIVE state=ESTABLISHED seq=1946715251 ack=518626820 snd_una=518618540 snd_nxt=518682696 rcv_nxt=1946715251 rwnd=65535 recv_used=0 right_edge=518684075 flight=64156 sample_rtt=NA srtt=0.043466 rttvar=0.000228 rto=1.000000 retransmitted=0 dupack=23
timestamp_ns=3982234386322 event=SEND state=ESTABLISHED seq=518682696 ack=1946715251 snd_una=518626820 snd_nxt=518682696 rcv_nxt=1946715251 rwnd=65535 recv_used=0 right_edge=518692355 flight=55876 sample_rtt=NA srtt=0.043466 rttvar=0.000228 rto=1.000000 retransmitted=0 dupack=0
timestamp_ns=3982234408163 event=SEND state=ESTABLISHED seq=518684076 ack=1946715251 snd_una=518626820 snd_nxt=518684076 rcv_nxt=1946715251 rwnd=65535 recv_used=0 right_edge=518692355 flight=57256 sample_rtt=NA srtt=0.043466 rttvar=0.000228 rto=1.000000 retransmitted=0 dupack=0
timestamp_ns=3982234413904 event=SEND state=ESTABLISHED seq=518685456 ack=1946715251 snd_una=518626820 snd_nxt=518685456 rcv_nxt=1946715251 rwnd=65535 recv_used=0 right_edge=518692355 flight=58636 sample_rtt=NA srtt=0.043466 rttvar=0.000228 rto=1.000000 retransmitted=0 dupack=0
timestamp_ns=3982234417391 event=SEND state=ESTABLISHED seq=518686836 ack=1946715251 snd_una=518626820 snd_nxt=518686836 rcv_nxt=1946715251 rwnd=65535 recv_used=0 right_edge=518692355 flight=60016 sample_rtt=NA srtt=0.043466 rttvar=0.000228 rto=1.000000 retransmitted=0 dupack=0
timestamp_ns=3982234420116 event=SEND state=ESTABLISHED seq=518688216 ack=1946715251 snd_una=518626820 snd_nxt=518688216 rcv_nxt=1946715251 rwnd=65535 recv_used=0 right_edge=518692355 flight=61396 sample_rtt=NA srtt=0.043466 rttvar=0.000228 rto=1.000000 retransmitted=0 dupack=0
timestamp_ns=3982234422520 event=SEND state=ESTABLISHED seq=518689596 ack=1946715251 snd_una=518626820 snd_nxt=518689596 rcv_nxt=1946715251 rwnd=65535 recv_used=0 right_edge=518692355 flight=62776 sample_rtt=NA srtt=0.043466 rttvar=0.000228 rto=1.000000 retransmitted=0 dupack=0
timestamp_ns=3982234424584 event=ACK_ADVANCE state=ESTABLISHED seq=518690976 ack=518626820 snd_una=518626820 snd_nxt=518690976 rcv_nxt=1946715251 rwnd=65535 recv_used=0 right_edge=518692355 flight=64156 sample_rtt=NA srtt=0.043466 rttvar=0.000228 rto=1.000000 retransmitted=0 dupack=0
timestamp_ns=3982276430844 event=RECEIVE state=ESTABLISHED seq=1946715251 ack=518626820 snd_una=518626820 snd_nxt=518690976 rcv_nxt=1946715251 rwnd=65535 recv_used=0 right_edge=518692355 flight=64156 sample_rtt=NA srtt=0.043466 rttvar=0.000228 rto=1.000000 retransmitted=0 dupack=0
timestamp_ns=3982276440072 event=RECEIVE state=ESTABLISHED seq=1946715251 ack=518626820 snd_una=518626820 snd_nxt=518690976 rcv_nxt=1946715251 rwnd=65535 recv_used=0 right_edge=518692355 flight=64156 sample_rtt=NA srtt=0.043466 rttvar=0.000228 rto=1.000000 retransmitted=0 dupack=1
timestamp_ns=3982276441815 event=RECEIVE state=ESTABLISHED seq=1946715251 ack=518626820 snd_una=518626820 snd_nxt=518690976 rcv_nxt=1946715251 rwnd=65535 recv_used=0 right_edge=518692355 flight=64156 sample_rtt=NA srtt=0.043466 rttvar=0.000228 rto=1.000000 retransmitted=0 dupack=2
timestamp_ns=3982276444550 event=RETRANSMIT state=ESTABLISHED seq=518626820 ack=1946715251 snd_una=518626820 snd_nxt=518690976 rcv_nxt=1946715251 rwnd=65535 recv_used=0 right_edge=518692355 flight=64156 sample_rtt=NA srtt=0.043466 rttvar=0.000228 rto=1.000000 retransmitted=1 dupack=3
timestamp_ns=3982276465510 event=FAST_RETRANSMIT state=ESTABLISHED seq=518626820 ack=518626820 snd_una=518626820 snd_nxt=518690976 rcv_nxt=1946715251 rwnd=65535 recv_used=0 right_edge=518692355 flight=64156 sample_rtt=NA srtt=0.043466 rttvar=0.000228 rto=1.000000 retransmitted=1 dupack=3
timestamp_ns=3982276469969 event=RECEIVE state=ESTABLISHED seq=1946715251 ack=518626820 snd_una=518626820 snd_nxt=518690976 rcv_nxt=1946715251 rwnd=65535 recv_used=0 right_edge=518692355 flight=64156 sample_rtt=NA srtt=0.043466 rttvar=0.000228 rto=1.000000 retransmitted=0 dupack=3
timestamp_ns=3982276471021 event=RECEIVE state=ESTABLISHED seq=1946715251 ack=518626820 snd_una=518626820 snd_nxt=518690976 rcv_nxt=1946715251 rwnd=65535 recv_used=0 right_edge=518692355 flight=64156 sample_rtt=NA srtt=0.043466 rttvar=0.000228 rto=1.000000 retransmitted=0 dupack=4
timestamp_ns=3982276492221 event=RECEIVE state=ESTABLISHED seq=1946715251 ack=518626820 snd_una=518626820 snd_nxt=518690976 rcv_nxt=1946715251 rwnd=65535 recv_used=0 right_edge=518692355 flight=64156 sample_rtt=NA srtt=0.043466 rttvar=0.000228 rto=1.000000 retransmitted=0 dupack=5
timestamp_ns=3982318399412 event=RECEIVE state=ESTABLISHED seq=1946715251 ack=518633720 snd_una=518626820 snd_nxt=518690976 rcv_nxt=1946715251 rwnd=65535 recv_used=0 right_edge=518692355 flight=64156 sample_rtt=NA srtt=0.043466 rttvar=0.000228 rto=1.000000 retransmitted=0 dupack=6
timestamp_ns=3982318443225 event=SEND state=ESTABLISHED seq=518690976 ack=1946715251 snd_una=518633720 snd_nxt=518690976 rcv_nxt=1946715251 rwnd=65535 recv_used=0 right_edge=518699255 flight=57256 sample_rtt=NA srtt=0.043466 rttvar=0.000228 rto=1.000000 retransmitted=0 dupack=0
timestamp_ns=3982318474063 event=SEND state=ESTABLISHED seq=518692356 ack=1946715251 snd_una=518633720 snd_nxt=518692356 rcv_nxt=1946715251 rwnd=65535 recv_used=0 right_edge=518699255 flight=58636 sample_rtt=NA srtt=0.043466 rttvar=0.000228 rto=1.000000 retransmitted=0 dupack=0
timestamp_ns=3982318476918 event=SEND state=ESTABLISHED seq=518693736 ack=1946715251 snd_una=518633720 snd_nxt=518693736 rcv_nxt=1946715251 rwnd=65535 recv_used=0 right_edge=518699255 flight=60016 sample_rtt=NA srtt=0.043466 rttvar=0.000228 rto=1.000000 retransmitted=0 dupack=0
timestamp_ns=3982318479193 event=SEND state=ESTABLISHED seq=518695116 ack=1946715251 snd_una=518633720 snd_nxt=518695116 rcv_nxt=1946715251 rwnd=65535 recv_used=0 right_edge=518699255 flight=61396 sample_rtt=NA srtt=0.043466 rttvar=0.000228 rto=1.000000 retransmitted=0 dupack=0
timestamp_ns=3982318481026 event=SEND state=ESTABLISHED seq=518696496 ack=1946715251 snd_una=518633720 snd_nxt=518696496 rcv_nxt=1946715251 rwnd=65535 recv_used=0 right_edge=518699255 flight=62776 sample_rtt=NA srtt=0.043466 rttvar=0.000228 rto=1.000000 retransmitted=0 dupack=0
timestamp_ns=3982318482689 event=ACK_ADVANCE state=ESTABLISHED seq=518697876 ack=518633720 snd_una=518633720 snd_nxt=518697876 rcv_nxt=1946715251 rwnd=65535 recv_used=0 right_edge=518699255 flight=64156 sample_rtt=NA srtt=0.043466 rttvar=0.000228 rto=1.000000 retransmitted=0 dupack=0
timestamp_ns=3982360511574 event=RECEIVE state=ESTABLISHED seq=1946715251 ack=518633720 snd_una=518633720 snd_nxt=518697876 rcv_nxt=1946715251 rwnd=65535 recv_used=0 right_edge=518699255 flight=64156 sample_rtt=NA srtt=0.043466 rttvar=0.000228 rto=1.000000 retransmitted=0 dupack=0
timestamp_ns=3982360522014 event=RECEIVE state=ESTABLISHED seq=1946715251 ack=518633720 snd_una=518633720 snd_nxt=518697876 rcv_nxt=1946715251 rwnd=65535 recv_used=0 right_edge=518699255 flight=64156 sample_rtt=NA srtt=0.043466 rttvar=0.000228 rto=1.000000 retransmitted=0 dupack=1
timestamp_ns=3982360523717 event=RECEIVE state=ESTABLISHED seq=1946715251 ack=518633720 snd_una=518633720 snd_nxt=518697876 rcv_nxt=1946715251 rwnd=65535 recv_used=0 right_edge=518699255 flight=64156 sample_rtt=NA srtt=0.043466 rttvar=0.000228 rto=1.000000 retransmitted=0 dupack=2
timestamp_ns=3982360526993 event=RETRANSMIT state=ESTABLISHED seq=518633720 ack=1946715251 snd_una=518633720 snd_nxt=518697876 rcv_nxt=1946715251 rwnd=65535 recv_used=0 right_edge=518699255 flight=64156 sample_rtt=NA srtt=0.043466 rttvar=0.000228 rto=1.000000 retransmitted=1 dupack=3
timestamp_ns=3982360549927 event=FAST_RETRANSMIT state=ESTABLISHED seq=518633720 ack=518633720 snd_una=518633720 snd_nxt=518697876 rcv_nxt=1946715251 rwnd=65535 recv_used=0 right_edge=518699255 flight=64156 sample_rtt=NA srtt=0.043466 rttvar=0.000228 rto=1.000000 retransmitted=1 dupack=3
timestamp_ns=3982360554535 event=RECEIVE state=ESTABLISHED seq=1946715251 ack=518633720 snd_una=518633720 snd_nxt=518697876 rcv_nxt=1946715251 rwnd=65535 recv_used=0 right_edge=518699255 flight=64156 sample_rtt=NA srtt=0.043466 rttvar=0.000228 rto=1.000000 retransmitted=0 dupack=3
timestamp_ns=3982403075822 event=RECEIVE state=ESTABLISHED seq=1946715251 ack=518697876 snd_una=518633720 snd_nxt=518697876 rcv_nxt=1946715251 rwnd=65535 recv_used=0 right_edge=518699255 flight=64156 sample_rtt=NA srtt=0.043466 rttvar=0.000228 rto=1.000000 retransmitted=0 dupack=4
timestamp_ns=3982403104145 event=SEND state=ESTABLISHED seq=518697876 ack=1946715251 snd_una=518697876 snd_nxt=518697876 rcv_nxt=1946715251 rwnd=65535 recv_used=0 right_edge=518763411 flight=0 sample_rtt=NA srtt=0.043466 rttvar=0.000228 rto=1.000000 retransmitted=0 dupack=0
timestamp_ns=3982403119595 event=SEND state=ESTABLISHED seq=518699256 ack=1946715251 snd_una=518697876 snd_nxt=518699256 rcv_nxt=1946715251 rwnd=65535 recv_used=0 right_edge=518763411 flight=1380 sample_rtt=NA srtt=0.043466 rttvar=0.000228 rto=1.000000 retransmitted=0 dupack=0
timestamp_ns=3982403122029 event=SEND state=ESTABLISHED seq=518700636 ack=1946715251 snd_una=518697876 snd_nxt=518700636 rcv_nxt=1946715251 rwnd=65535 recv_used=0 right_edge=518763411 flight=2760 sample_rtt=NA srtt=0.043466 rttvar=0.000228 rto=1.000000 retransmitted=0 dupack=0
timestamp_ns=3982403124203 event=SEND state=ESTABLISHED seq=518702016 ack=1946715251 snd_una=518697876 snd_nxt=518702016 rcv_nxt=1946715251 rwnd=65535 recv_used=0 right_edge=518763411 flight=4140 sample_rtt=NA srtt=0.043466 rttvar=0.000228 rto=1.000000 retransmitted=0 dupack=0
timestamp_ns=3982403126307 event=SEND state=ESTABLISHED seq=518703396 ack=1946715251 snd_una=518697876 snd_nxt=518703396 rcv_nxt=1946715251 rwnd=65535 recv_used=0 right_edge=518763411 flight=5520 sample_rtt=NA srtt=0.043466 rttvar=0.000228 rto=1.000000 retransmitted=0 dupack=0
timestamp_ns=3982403128451 event=SEND state=ESTABLISHED seq=518704776 ack=1946715251 snd_una=518697876 snd_nxt=518704776 rcv_nxt=1946715251 rwnd=65535 recv_used=0 right_edge=518763411 flight=6900 sample_rtt=NA srtt=0.043466 rttvar=0.000228 rto=1.000000 retransmitted=0 dupack=0
timestamp_ns=3982403130435 event=SEND state=ESTABLISHED seq=518706156 ack=1946715251 snd_una=518697876 snd_nxt=518706156 rcv_nxt=1946715251 rwnd=65535 recv_used=0 right_edge=518763411 flight=8280 sample_rtt=NA srtt=0.043466 rttvar=0.000228 rto=1.000000 retransmitted=0 dupack=0
timestamp_ns=3982403132499 event=SEND state=ESTABLISHED seq=518707536 ack=1946715251 snd_una=518697876 snd_nxt=518707536 rcv_nxt=1946715251 rwnd=65535 recv_used=0 right_edge=518763411 flight=9660 sample_rtt=NA srtt=0.043466 rttvar=0.000228 rto=1.000000 retransmitted=0 dupack=0
timestamp_ns=3982403134443 event=SEND state=ESTABLISHED seq=518708916 ack=1946715251 snd_una=518697876 snd_nxt=518708916 rcv_nxt=1946715251 rwnd=65535 recv_used=0 right_edge=518763411 flight=11040 sample_rtt=NA srtt=0.043466 rttvar=0.000228 rto=1.000000 retransmitted=0 dupack=0
timestamp_ns=3982403137378 event=SEND state=ESTABLISHED seq=518710296 ack=1946715251 snd_una=518697876 snd_nxt=518710296 rcv_nxt=1946715251 rwnd=65535 recv_used=0 right_edge=518763411 flight=12420 sample_rtt=NA srtt=0.043466 rttvar=0.000228 rto=1.000000 retransmitted=0 dupack=0
timestamp_ns=3982403139232 event=SEND state=ESTABLISHED seq=518711676 ack=1946715251 snd_una=518697876 snd_nxt=518711676 rcv_nxt=1946715251 rwnd=65535 recv_used=0 right_edge=518763411 flight=13800 sample_rtt=NA srtt=0.043466 rttvar=0.000228 rto=1.000000 retransmitted=0 dupack=0
timestamp_ns=3982403140975 event=SEND state=ESTABLISHED seq=518713056 ack=1946715251 snd_una=518697876 snd_nxt=518713056 rcv_nxt=1946715251 rwnd=65535 recv_used=0 right_edge=518763411 flight=15180 sample_rtt=NA srtt=0.043466 rttvar=0.000228 rto=1.000000 retransmitted=0 dupack=0
timestamp_ns=3982403142919 event=SEND state=ESTABLISHED seq=518714436 ack=1946715251 snd_una=518697876 snd_nxt=518714436 rcv_nxt=1946715251 rwnd=65535 recv_used=0 right_edge=518763411 flight=16560 sample_rtt=NA srtt=0.043466 rttvar=0.000228 rto=1.000000 retransmitted=0 dupack=0
timestamp_ns=3982403145023 event=SEND state=ESTABLISHED seq=518715816 ack=1946715251 snd_una=518697876 snd_nxt=518715816 rcv_nxt=1946715251 rwnd=65535 recv_used=0 right_edge=518763411 flight=17940 sample_rtt=NA srtt=0.043466 rttvar=0.000228 rto=1.000000 retransmitted=0 dupack=0
timestamp_ns=3982403166964 event=SEND state=ESTABLISHED seq=518717196 ack=1946715251 snd_una=518697876 snd_nxt=518717196 rcv_nxt=1946715251 rwnd=65535 recv_used=0 right_edge=518763411 flight=19320 sample_rtt=NA srtt=0.043466 rttvar=0.000228 rto=1.000000 retransmitted=0 dupack=0
timestamp_ns=3982403169088 event=SEND state=ESTABLISHED seq=518718576 ack=1946715251 snd_una=518697876 snd_nxt=518718576 rcv_nxt=1946715251 rwnd=65535 recv_used=0 right_edge=518763411 flight=20700 sample_rtt=NA srtt=0.043466 rttvar=0.000228 rto=1.000000 retransmitted=0 dupack=0
timestamp_ns=3982403170952 event=SEND state=ESTABLISHED seq=518719956 ack=1946715251 snd_una=518697876 snd_nxt=518719956 rcv_nxt=1946715251 rwnd=65535 recv_used=0 right_edge=518763411 flight=22080 sample_rtt=NA srtt=0.043466 rttvar=0.000228 rto=1.000000 retransmitted=0 dupack=0
timestamp_ns=3982403173777 event=SEND state=ESTABLISHED seq=518721336 ack=1946715251 snd_una=518697876 snd_nxt=518721336 rcv_nxt=1946715251 rwnd=65535 recv_used=0 right_edge=518763411 flight=23460 sample_rtt=NA srtt=0.043466 rttvar=0.000228 rto=1.000000 retransmitted=0 dupack=0
timestamp_ns=3982403176252 event=SEND state=ESTABLISHED seq=518722716 ack=1946715251 snd_una=518697876 snd_nxt=518722716 rcv_nxt=1946715251 rwnd=65535 recv_used=0 right_edge=518763411 flight=24840 sample_rtt=NA srtt=0.043466 rttvar=0.000228 rto=1.000000 retransmitted=0 dupack=0
timestamp_ns=3982403178095 event=SEND state=ESTABLISHED seq=518724096 ack=1946715251 snd_una=518697876 snd_nxt=518724096 rcv_nxt=1946715251 rwnd=65535 recv_used=0 right_edge=518763411 flight=26220 sample_rtt=NA srtt=0.043466 rttvar=0.000228 rto=1.000000 retransmitted=0 dupack=0
timestamp_ns=3982403179899 event=SEND state=ESTABLISHED seq=518725476 ack=1946715251 snd_una=518697876 snd_nxt=518725476 rcv_nxt=1946715251 rwnd=65535 recv_used=0 right_edge=518763411 flight=27600 sample_rtt=NA srtt=0.043466 rttvar=0.000228 rto=1.000000 retransmitted=0 dupack=0
timestamp_ns=3982403182193 event=SEND state=ESTABLISHED seq=518726856 ack=1946715251 snd_una=518697876 snd_nxt=518726856 rcv_nxt=1946715251 rwnd=65535 recv_used=0 right_edge=518763411 flight=28980 sample_rtt=NA srtt=0.043466 rttvar=0.000228 rto=1.000000 retransmitted=0 dupack=0
timestamp_ns=3982403184157 event=SEND state=ESTABLISHED seq=518728236 ack=1946715251 snd_una=518697876 snd_nxt=518728236 rcv_nxt=1946715251 rwnd=65535 recv_used=0 right_edge=518763411 flight=30360 sample_rtt=NA srtt=0.043466 rttvar=0.000228 rto=1.000000 retransmitted=0 dupack=0
timestamp_ns=3982403186171 event=SEND state=ESTABLISHED seq=518729616 ack=1946715251 snd_una=518697876 snd_nxt=518729616 rcv_nxt=1946715251 rwnd=65535 recv_used=0 right_edge=518763411 flight=31740 sample_rtt=NA srtt=0.043466 rttvar=0.000228 rto=1.000000 retransmitted=0 dupack=0
timestamp_ns=3982403188044 event=SEND state=ESTABLISHED seq=518730996 ack=1946715251 snd_una=518697876 snd_nxt=518730996 rcv_nxt=1946715251 rwnd=65535 recv_used=0 right_edge=518763411 flight=33120 sample_rtt=NA srtt=0.043466 rttvar=0.000228 rto=1.000000 retransmitted=0 dupack=0
timestamp_ns=3982403189988 event=SEND state=ESTABLISHED seq=518732376 ack=1946715251 snd_una=518697876 snd_nxt=518732376 rcv_nxt=1946715251 rwnd=65535 recv_used=0 right_edge=518763411 flight=34500 sample_rtt=NA srtt=0.043466 rttvar=0.000228 rto=1.000000 retransmitted=0 dupack=0
timestamp_ns=3982403191801 event=SEND state=ESTABLISHED seq=518733756 ack=1946715251 snd_una=518697876 snd_nxt=518733756 rcv_nxt=1946715251 rwnd=65535 recv_used=0 right_edge=518763411 flight=35880 sample_rtt=NA srtt=0.043466 rttvar=0.000228 rto=1.000000 retransmitted=0 dupack=0
timestamp_ns=3982403194186 event=SEND state=ESTABLISHED seq=518735136 ack=1946715251 snd_una=518697876 snd_nxt=518735136 rcv_nxt=1946715251 rwnd=65535 recv_used=0 right_edge=518763411 flight=37260 sample_rtt=NA srtt=0.043466 rttvar=0.000228 rto=1.000000 retransmitted=0 dupack=0
timestamp_ns=3982403196310 event=SEND state=ESTABLISHED seq=518736516 ack=1946715251 snd_una=518697876 snd_nxt=518736516 rcv_nxt=1946715251 rwnd=65535 recv_used=0 right_edge=518763411 flight=38640 sample_rtt=NA srtt=0.043466 rttvar=0.000228 rto=1.000000 retransmitted=0 dupack=0
timestamp_ns=3982403235194 event=SEND state=ESTABLISHED seq=518737896 ack=1946715251 snd_una=518697876 snd_nxt=518737896 rcv_nxt=1946715251 rwnd=65535 recv_used=0 right_edge=518763411 flight=40020 sample_rtt=NA srtt=0.043466 rttvar=0.000228 rto=1.000000 retransmitted=0 dupack=0
timestamp_ns=3982403244942 event=SEND state=ESTABLISHED seq=518739276 ack=1946715251 snd_una=518697876 snd_nxt=518739276 rcv_nxt=1946715251 rwnd=65535 recv_used=0 right_edge=518763411 flight=41400 sample_rtt=NA srtt=0.043466 rttvar=0.000228 rto=1.000000 retransmitted=0 dupack=0
timestamp_ns=3982403247457 event=SEND state=ESTABLISHED seq=518739952 ack=1946715251 snd_una=518697876 snd_nxt=518739952 rcv_nxt=1946715251 rwnd=65535 recv_used=0 right_edge=518763411 flight=42076 sample_rtt=NA srtt=0.043466 rttvar=0.000228 rto=1.000000 retransmitted=0 dupack=0
timestamp_ns=3982403249380 event=SEND state=ESTABLISHED seq=518741332 ack=1946715251 snd_una=518697876 snd_nxt=518741332 rcv_nxt=1946715251 rwnd=65535 recv_used=0 right_edge=518763411 flight=43456 sample_rtt=NA srtt=0.043466 rttvar=0.000228 rto=1.000000 retransmitted=0 dupack=0
timestamp_ns=3982403251825 event=SEND state=ESTABLISHED seq=518742712 ack=1946715251 snd_una=518697876 snd_nxt=518742712 rcv_nxt=1946715251 rwnd=65535 recv_used=0 right_edge=518763411 flight=44836 sample_rtt=NA srtt=0.043466 rttvar=0.000228 rto=1.000000 retransmitted=0 dupack=0
timestamp_ns=3982403253809 event=SEND state=ESTABLISHED seq=518744092 ack=1946715251 snd_una=518697876 snd_nxt=518744092 rcv_nxt=1946715251 rwnd=65535 recv_used=0 right_edge=518763411 flight=46216 sample_rtt=NA srtt=0.043466 rttvar=0.000228 rto=1.000000 retransmitted=0 dupack=0
timestamp_ns=3982403256394 event=SEND state=ESTABLISHED seq=518745472 ack=1946715251 snd_una=518697876 snd_nxt=518745472 rcv_nxt=1946715251 rwnd=65535 recv_used=0 right_edge=518763411 flight=47596 sample_rtt=NA srtt=0.043466 rttvar=0.000228 rto=1.000000 retransmitted=0 dupack=0
timestamp_ns=3982403258237 event=SEND state=ESTABLISHED seq=518746852 ack=1946715251 snd_una=518697876 snd_nxt=518746852 rcv_nxt=1946715251 rwnd=65535 recv_used=0 right_edge=518763411 flight=48976 sample_rtt=NA srtt=0.043466 rttvar=0.000228 rto=1.000000 retransmitted=0 dupack=0
timestamp_ns=3982403260051 event=SEND state=ESTABLISHED seq=518748232 ack=1946715251 snd_una=518697876 snd_nxt=518748232 rcv_nxt=1946715251 rwnd=65535 recv_used=0 right_edge=518763411 flight=50356 sample_rtt=NA srtt=0.043466 rttvar=0.000228 rto=1.000000 retransmitted=0 dupack=0
timestamp_ns=3982403261914 event=SEND state=ESTABLISHED seq=518749612 ack=1946715251 snd_una=518697876 snd_nxt=518749612 rcv_nxt=1946715251 rwnd=65535 recv_used=0 right_edge=518763411 flight=51736 sample_rtt=NA srtt=0.043466 rttvar=0.000228 rto=1.000000 retransmitted=0 dupack=0
timestamp_ns=3982403263688 event=SEND state=ESTABLISHED seq=518750992 ack=1946715251 snd_una=518697876 snd_nxt=518750992 rcv_nxt=1946715251 rwnd=65535 recv_used=0 right_edge=518763411 flight=53116 sample_rtt=NA srtt=0.043466 rttvar=0.000228 rto=1.000000 retransmitted=0 dupack=0
timestamp_ns=3982403265982 event=SEND state=ESTABLISHED seq=518752372 ack=1946715251 snd_una=518697876 snd_nxt=518752372 rcv_nxt=1946715251 rwnd=65535 recv_used=0 right_edge=518763411 flight=54496 sample_rtt=NA srtt=0.043466 rttvar=0.000228 rto=1.000000 retransmitted=0 dupack=0
timestamp_ns=3982403271172 event=SEND state=ESTABLISHED seq=518753752 ack=1946715251 snd_una=518697876 snd_nxt=518753752 rcv_nxt=1946715251 rwnd=65535 recv_used=0 right_edge=518763411 flight=55876 sample_rtt=NA srtt=0.043466 rttvar=0.000228 rto=1.000000 retransmitted=0 dupack=0
timestamp_ns=3982403272895 event=SEND state=ESTABLISHED seq=518755132 ack=1946715251 snd_una=518697876 snd_nxt=518755132 rcv_nxt=1946715251 rwnd=65535 recv_used=0 right_edge=518763411 flight=57256 sample_rtt=NA srtt=0.043466 rttvar=0.000228 rto=1.000000 retransmitted=0 dupack=0
timestamp_ns=3982403286791 event=SEND state=ESTABLISHED seq=518756512 ack=1946715251 snd_una=518697876 snd_nxt=518756512 rcv_nxt=1946715251 rwnd=65535 recv_used=0 right_edge=518763411 flight=58636 sample_rtt=NA srtt=0.043466 rttvar=0.000228 rto=1.000000 retransmitted=0 dupack=0
timestamp_ns=3982403288485 event=SEND state=ESTABLISHED seq=518757892 ack=1946715251 snd_una=518697876 snd_nxt=518757892 rcv_nxt=1946715251 rwnd=65535 recv_used=0 right_edge=518763411 flight=60016 sample_rtt=NA srtt=0.043466 rttvar=0.000228 rto=1.000000 retransmitted=0 dupack=0
timestamp_ns=3982403290528 event=SEND state=ESTABLISHED seq=518759272 ack=1946715251 snd_una=518697876 snd_nxt=518759272 rcv_nxt=1946715251 rwnd=65535 recv_used=0 right_edge=518763411 flight=61396 sample_rtt=NA srtt=0.043466 rttvar=0.000228 rto=1.000000 retransmitted=0 dupack=0
timestamp_ns=3982403292482 event=SEND state=ESTABLISHED seq=518760652 ack=1946715251 snd_una=518697876 snd_nxt=518760652 rcv_nxt=1946715251 rwnd=65535 recv_used=0 right_edge=518763411 flight=62776 sample_rtt=NA srtt=0.043466 rttvar=0.000228 rto=1.000000 retransmitted=0 dupack=0
timestamp_ns=3982403294065 event=ACK_ADVANCE state=ESTABLISHED seq=518762032 ack=518697876 snd_una=518697876 snd_nxt=518762032 rcv_nxt=1946715251 rwnd=65535 recv_used=0 right_edge=518763411 flight=64156 sample_rtt=NA srtt=0.043466 rttvar=0.000228 rto=1.000000 retransmitted=0 dupack=0
timestamp_ns=3982445952305 event=RECEIVE state=ESTABLISHED seq=1946715251 ack=518699256 snd_una=518697876 snd_nxt=518762032 rcv_nxt=1946715251 rwnd=65535 recv_used=0 right_edge=518763411 flight=64156 sample_rtt=NA srtt=0.043466 rttvar=0.000228 rto=1.000000 retransmitted=0 dupack=0
timestamp_ns=3982445997771 event=SEND state=ESTABLISHED seq=518762032 ack=1946715251 snd_una=518699256 snd_nxt=518762032 rcv_nxt=1946715251 rwnd=65535 recv_used=0 right_edge=518764791 flight=62776 sample_rtt=0.042848 srtt=0.043389 rttvar=0.000325 rto=1.000000 retransmitted=0 dupack=0
timestamp_ns=3982446029270 event=ACK_ADVANCE state=ESTABLISHED seq=518763412 ack=518699256 snd_una=518699256 snd_nxt=518763412 rcv_nxt=1946715251 rwnd=65535 recv_used=0 right_edge=518764791 flight=64156 sample_rtt=0.042848 srtt=0.043389 rttvar=0.000325 rto=1.000000 retransmitted=0 dupack=0
timestamp_ns=3982446046964 event=RECEIVE state=ESTABLISHED seq=1946715251 ack=518700636 snd_una=518699256 snd_nxt=518763412 rcv_nxt=1946715251 rwnd=65535 recv_used=0 right_edge=518764791 flight=64156 sample_rtt=NA srtt=0.043389 rttvar=0.000325 rto=1.000000 retransmitted=0 dupack=0
timestamp_ns=3982446054859 event=SEND state=ESTABLISHED seq=518763412 ack=1946715251 snd_una=518700636 snd_nxt=518763412 rcv_nxt=1946715251 rwnd=65535 recv_used=0 right_edge=518766171 flight=62776 sample_rtt=0.042927 srtt=0.043331 rttvar=0.000360 rto=1.000000 retransmitted=0 dupack=0
timestamp_ns=3982446060680 event=ACK_ADVANCE state=ESTABLISHED seq=518764792 ack=518700636 snd_una=518700636 snd_nxt=518764792 rcv_nxt=1946715251 rwnd=65535 recv_used=0 right_edge=518766171 flight=64156 sample_rtt=0.042927 srtt=0.043331 rttvar=0.000360 rto=1.000000 retransmitted=0 dupack=0
timestamp_ns=3982446066140 event=RECEIVE state=ESTABLISHED seq=1946715251 ack=518702016 snd_una=518700636 snd_nxt=518764792 rcv_nxt=1946715251 rwnd=65535 recv_used=0 right_edge=518766171 flight=64156 sample_rtt=NA srtt=0.043331 rttvar=0.000360 rto=1.000000 retransmitted=0 dupack=0
timestamp_ns=3982446071330 event=SEND state=ESTABLISHED seq=518764792 ack=1946715251 snd_una=518702016 snd_nxt=518764792 rcv_nxt=1946715251 rwnd=65535 recv_used=0 right_edge=518767551 flight=62776 sample_rtt=0.042943 srtt=0.043283 rttvar=0.000367 rto=1.000000 retransmitted=0 dupack=0
timestamp_ns=3982446074266 event=ACK_ADVANCE state=ESTABLISHED seq=518766172 ack=518702016 snd_una=518702016 snd_nxt=518766172 rcv_nxt=1946715251 rwnd=65535 recv_used=0 right_edge=518767551 flight=64156 sample_rtt=0.042943 srtt=0.043283 rttvar=0.000367 rto=1.000000 retransmitted=0 dupack=0
timestamp_ns=3982446079065 event=RECEIVE state=ESTABLISHED seq=1946715251 ack=518703396 snd_una=518702016 snd_nxt=518766172 rcv_nxt=1946715251 rwnd=65535 recv_used=0 right_edge=518767551 flight=64156 sample_rtt=NA srtt=0.043283 rttvar=0.000367 rto=1.000000 retransmitted=0 dupack=0
timestamp_ns=3982446116355 event=SEND state=ESTABLISHED seq=518766172 ack=1946715251 snd_una=518703396 snd_nxt=518766172 rcv_nxt=1946715251 rwnd=65535 recv_used=0 right_edge=518768931 flight=62776 sample_rtt=0.042987 srtt=0.043246 rttvar=0.000349 rto=1.000000 retransmitted=0 dupack=0
timestamp_ns=3982446118419 event=ACK_ADVANCE state=ESTABLISHED seq=518767552 ack=518703396 snd_una=518703396 snd_nxt=518767552 rcv_nxt=1946715251 rwnd=65535 recv_used=0 right_edge=518768931 flight=64156 sample_rtt=0.042987 srtt=0.043246 rttvar=0.000349 rto=1.000000 retransmitted=0 dupack=0
timestamp_ns=3982446122146 event=RECEIVE state=ESTABLISHED seq=1946715251 ack=518704776 snd_una=518703396 snd_nxt=518767552 rcv_nxt=1946715251 rwnd=65535 recv_used=0 right_edge=518768931 flight=64156 sample_rtt=NA srtt=0.043246 rttvar=0.000349 rto=1.000000 retransmitted=0 dupack=0
timestamp_ns=3982446125894 event=SEND state=ESTABLISHED seq=518767552 ack=1946715251 snd_una=518704776 snd_nxt=518767552 rcv_nxt=1946715251 rwnd=65535 recv_used=0 right_edge=518770311 flight=62776 sample_rtt=0.042995 srtt=0.043214 rttvar=0.000324 rto=1.000000 retransmitted=0 dupack=0
timestamp_ns=3982446127717 event=ACK_ADVANCE state=ESTABLISHED seq=518768932 ack=518704776 snd_una=518704776 snd_nxt=518768932 rcv_nxt=1946715251 rwnd=65535 recv_used=0 right_edge=518770311 flight=64156 sample_rtt=0.042995 srtt=0.043214 rttvar=0.000324 rto=1.000000 retransmitted=0 dupack=0
timestamp_ns=3982446131494 event=RECEIVE state=ESTABLISHED seq=1946715251 ack=518706156 snd_una=518704776 snd_nxt=518768932 rcv_nxt=1946715251 rwnd=65535 recv_used=0 right_edge=518770311 flight=64156 sample_rtt=NA srtt=0.043214 rttvar=0.000324 rto=1.000000 retransmitted=0 dupack=0
timestamp_ns=3982446135402 event=SEND state=ESTABLISHED seq=518768932 ack=1946715251 snd_una=518706156 snd_nxt=518768932 rcv_nxt=1946715251 rwnd=65535 recv_used=0 right_edge=518771691 flight=62776 sample_rtt=0.043002 srtt=0.043188 rttvar=0.000296 rto=1.000000 retransmitted=0 dupack=0
timestamp_ns=3982446137315 event=ACK_ADVANCE state=ESTABLISHED seq=518770312 ack=518706156 snd_una=518706156 snd_nxt=518770312 rcv_nxt=1946715251 rwnd=65535 recv_used=0 right_edge=518771691 flight=64156 sample_rtt=0.043002 srtt=0.043188 rttvar=0.000296 rto=1.000000 retransmitted=0 dupack=0
timestamp_ns=3982446141062 event=RECEIVE state=ESTABLISHED seq=1946715251 ack=518707536 snd_una=518706156 snd_nxt=518770312 rcv_nxt=1946715251 rwnd=65535 recv_used=0 right_edge=518771691 flight=64156 sample_rtt=NA srtt=0.043188 rttvar=0.000296 rto=1.000000 retransmitted=0 dupack=0
timestamp_ns=3982446144779 event=SEND state=ESTABLISHED seq=518770312 ack=1946715251 snd_una=518707536 snd_nxt=518770312 rcv_nxt=1946715251 rwnd=65535 recv_used=0 right_edge=518773071 flight=62776 sample_rtt=0.043010 srtt=0.043166 rttvar=0.000267 rto=1.000000 retransmitted=0 dupack=0
timestamp_ns=3982446146603 event=ACK_ADVANCE state=ESTABLISHED seq=518771692 ack=518707536 snd_una=518707536 snd_nxt=518771692 rcv_nxt=1946715251 rwnd=65535 recv_used=0 right_edge=518773071 flight=64156 sample_rtt=0.043010 srtt=0.043166 rttvar=0.000267 rto=1.000000 retransmitted=0 dupack=0
timestamp_ns=3982446150390 event=RECEIVE state=ESTABLISHED seq=1946715251 ack=518710296 snd_una=518707536 snd_nxt=518771692 rcv_nxt=1946715251 rwnd=65535 recv_used=0 right_edge=518773071 flight=64156 sample_rtt=NA srtt=0.043166 rttvar=0.000267 rto=1.000000 retransmitted=0 dupack=0
timestamp_ns=3982446154177 event=SEND state=ESTABLISHED seq=518771692 ack=1946715251 snd_una=518710296 snd_nxt=518771692 rcv_nxt=1946715251 rwnd=65535 recv_used=0 right_edge=518775831 flight=61396 sample_rtt=0.043017 srtt=0.043147 rttvar=0.000237 rto=1.000000 retransmitted=0 dupack=0
timestamp_ns=3982446156662 event=SEND state=ESTABLISHED seq=518773072 ack=1946715251 snd_una=518710296 snd_nxt=518773072 rcv_nxt=1946715251 rwnd=65535 recv_used=0 right_edge=518775831 flight=62776 sample_rtt=0.043017 srtt=0.043147 rttvar=0.000237 rto=1.000000 retransmitted=0 dupack=0
timestamp_ns=3982446161962 event=ACK_ADVANCE state=ESTABLISHED seq=518774452 ack=518710296 snd_una=518710296 snd_nxt=518774452 rcv_nxt=1946715251 rwnd=65535 recv_used=0 right_edge=518775831 flight=64156 sample_rtt=0.043017 srtt=0.043147 rttvar=0.000237 rto=1.000000 retransmitted=0 dupack=0
timestamp_ns=3982446165769 event=RECEIVE state=ESTABLISHED seq=1946715251 ack=518711676 snd_una=518710296 snd_nxt=518774452 rcv_nxt=1946715251 rwnd=65535 recv_used=0 right_edge=518775831 flight=64156 sample_rtt=NA srtt=0.043147 rttvar=0.000237 rto=1.000000 retransmitted=0 dupack=0
timestamp_ns=3982446169396 event=SEND state=ESTABLISHED seq=518774452 ack=1946715251 snd_una=518711676 snd_nxt=518774452 rcv_nxt=1946715251 rwnd=65535 recv_used=0 right_edge=518777211 flight=62776 sample_rtt=0.043027 srtt=0.043132 rttvar=0.000208 rto=1.000000 retransmitted=0 dupack=0
timestamp_ns=3982446171350 event=ACK_ADVANCE state=ESTABLISHED seq=518775832 ack=518711676 snd_una=518711676 snd_nxt=518775832 rcv_nxt=1946715251 rwnd=65535 recv_used=0 right_edge=518777211 flight=64156 sample_rtt=0.043027 srtt=0.043132 rttvar=0.000208 rto=1.000000 retransmitted=0 dupack=0
timestamp_ns=3982446175077 event=RECEIVE state=ESTABLISHED seq=1946715251 ack=518713056 snd_una=518711676 snd_nxt=518775832 rcv_nxt=1946715251 rwnd=65535 recv_used=0 right_edge=518777211 flight=64156 sample_rtt=NA srtt=0.043132 rttvar=0.000208 rto=1.000000 retransmitted=0 dupack=0
timestamp_ns=3982446178674 event=SEND state=ESTABLISHED seq=518775832 ack=1946715251 snd_una=518713056 snd_nxt=518775832 rcv_nxt=1946715251 rwnd=65535 recv_used=0 right_edge=518778591 flight=62776 sample_rtt=0.043035 srtt=0.043120 rttvar=0.000180 rto=1.000000 retransmitted=0 dupack=0
timestamp_ns=3982446180487 event=ACK_ADVANCE state=ESTABLISHED seq=518777212 ack=518713056 snd_una=518713056 snd_nxt=518777212 rcv_nxt=1946715251 rwnd=65535 recv_used=0 right_edge=518778591 flight=64156 sample_rtt=0.043035 srtt=0.043120 rttvar=0.000180 rto=1.000000 retransmitted=0 dupack=0
timestamp_ns=3982446184084 event=RECEIVE state=ESTABLISHED seq=1946715251 ack=518714436 snd_una=518713056 snd_nxt=518777212 rcv_nxt=1946715251 rwnd=65535 recv_used=0 right_edge=518778591 flight=64156 sample_rtt=NA srtt=0.043120 rttvar=0.000180 rto=1.000000 retransmitted=0 dupack=0
timestamp_ns=3982446187781 event=SEND state=ESTABLISHED seq=518777212 ack=1946715251 snd_una=518714436 snd_nxt=518777212 rcv_nxt=1946715251 rwnd=65535 recv_used=0 right_edge=518779971 flight=62776 sample_rtt=0.043042 srtt=0.043110 rttvar=0.000155 rto=1.000000 retransmitted=0 dupack=0
timestamp_ns=3982446189584 event=ACK_ADVANCE state=ESTABLISHED seq=518778592 ack=518714436 snd_una=518714436 snd_nxt=518778592 rcv_nxt=1946715251 rwnd=65535 recv_used=0 right_edge=518779971 flight=64156 sample_rtt=0.043042 srtt=0.043110 rttvar=0.000155 rto=1.000000 retransmitted=0 dupack=0
timestamp_ns=3982446193211 event=RECEIVE state=ESTABLISHED seq=1946715251 ack=518715816 snd_una=518714436 snd_nxt=518778592 rcv_nxt=1946715251 rwnd=65535 recv_used=0 right_edge=518779971 flight=64156 sample_rtt=NA srtt=0.043110 rttvar=0.000155 rto=1.000000 retransmitted=0 dupack=0
timestamp_ns=3982446196838 event=SEND state=ESTABLISHED seq=518778592 ack=1946715251 snd_una=518715816 snd_nxt=518778592 rcv_nxt=1946715251 rwnd=65535 recv_used=0 right_edge=518781351 flight=62776 sample_rtt=0.043049 srtt=0.043103 rttvar=0.000131 rto=1.000000 retransmitted=0 dupack=0
timestamp_ns=3982446199102 event=ACK_ADVANCE state=ESTABLISHED seq=518779972 ack=518715816 snd_una=518715816 snd_nxt=518779972 rcv_nxt=1946715251 rwnd=65535 recv_used=0 right_edge=518781351 flight=64156 sample_rtt=0.043049 srtt=0.043103 rttvar=0.000131 rto=1.000000 retransmitted=0 dupack=0
timestamp_ns=3982446202779 event=RECEIVE state=ESTABLISHED seq=1946715251 ack=518717196 snd_una=518715816 snd_nxt=518779972 rcv_nxt=1946715251 rwnd=65535 recv_used=0 right_edge=518781351 flight=64156 sample_rtt=NA srtt=0.043103 rttvar=0.000131 rto=1.000000 retransmitted=0 dupack=0
timestamp_ns=3982446209742 event=SEND state=ESTABLISHED seq=518779972 ack=1946715251 snd_una=518717196 snd_nxt=518779972 rcv_nxt=1946715251 rwnd=65535 recv_used=0 right_edge=518782731 flight=62776 sample_rtt=0.043040 srtt=0.043095 rttvar=0.000114 rto=1.000000 retransmitted=0 dupack=0
timestamp_ns=3982446211526 event=ACK_ADVANCE state=ESTABLISHED seq=518781352 ack=518717196 snd_una=518717196 snd_nxt=518781352 rcv_nxt=1946715251 rwnd=65535 recv_used=0 right_edge=518782731 flight=64156 sample_rtt=0.043040 srtt=0.043095 rttvar=0.000114 rto=1.000000 retransmitted=0 dupack=0
timestamp_ns=3982446215173 event=RECEIVE state=ESTABLISHED seq=1946715251 ack=518718576 snd_una=518717196 snd_nxt=518781352 rcv_nxt=1946715251 rwnd=65535 recv_used=0 right_edge=518782731 flight=64156 sample_rtt=NA srtt=0.043095 rttvar=0.000114 rto=1.000000 retransmitted=0 dupack=0
timestamp_ns=3982446218820 event=SEND state=ESTABLISHED seq=518781352 ack=1946715251 snd_una=518718576 snd_nxt=518781352 rcv_nxt=1946715251 rwnd=65535 recv_used=0 right_edge=518784111 flight=62776 sample_rtt=0.043047 srtt=0.043089 rttvar=0.000097 rto=1.000000 retransmitted=0 dupack=0
timestamp_ns=3982446220673 event=ACK_ADVANCE state=ESTABLISHED seq=518782732 ack=518718576 snd_una=518718576 snd_nxt=518782732 rcv_nxt=1946715251 rwnd=65535 recv_used=0 right_edge=518784111 flight=64156 sample_rtt=0.043047 srtt=0.043089 rttvar=0.000097 rto=1.000000 retransmitted=0 dupack=0
timestamp_ns=3982446224280 event=RECEIVE state=ESTABLISHED seq=1946715251 ack=518719956 snd_una=518718576 snd_nxt=518782732 rcv_nxt=1946715251 rwnd=65535 recv_used=0 right_edge=518784111 flight=64156 sample_rtt=NA srtt=0.043089 rttvar=0.000097 rto=1.000000 retransmitted=0 dupack=0
timestamp_ns=3982446227857 event=SEND state=ESTABLISHED seq=518782732 ack=1946715251 snd_una=518719956 snd_nxt=518782732 rcv_nxt=1946715251 rwnd=65535 recv_used=0 right_edge=518785491 flight=62776 sample_rtt=0.043054 srtt=0.043084 rttvar=0.000082 rto=1.000000 retransmitted=0 dupack=0
timestamp_ns=3982446229861 event=ACK_ADVANCE state=ESTABLISHED seq=518784112 ack=518719956 snd_una=518719956 snd_nxt=518784112 rcv_nxt=1946715251 rwnd=65535 recv_used=0 right_edge=518785491 flight=64156 sample_rtt=0.043054 srtt=0.043084 rttvar=0.000082 rto=1.000000 retransmitted=0 dupack=0
timestamp_ns=3982446233457 event=RECEIVE state=ESTABLISHED seq=1946715251 ack=518721336 snd_una=518719956 snd_nxt=518784112 rcv_nxt=1946715251 rwnd=65535 recv_used=0 right_edge=518785491 flight=64156 sample_rtt=NA srtt=0.043084 rttvar=0.000082 rto=1.000000 retransmitted=0 dupack=0
timestamp_ns=3982446237445 event=SEND state=ESTABLISHED seq=518784112 ack=1946715251 snd_una=518721336 snd_nxt=518784112 rcv_nxt=1946715251 rwnd=65535 recv_used=0 right_edge=518786871 flight=62776 sample_rtt=0.043061 srtt=0.043081 rttvar=0.000067 rto=1.000000 retransmitted=0 dupack=0
timestamp_ns=3982446239268 event=ACK_ADVANCE state=ESTABLISHED seq=518785492 ack=518721336 snd_una=518721336 snd_nxt=518785492 rcv_nxt=1946715251 rwnd=65535 recv_used=0 right_edge=518786871 flight=64156 sample_rtt=0.043061 srtt=0.043081 rttvar=0.000067 rto=1.000000 retransmitted=0 dupack=0
timestamp_ns=3982446242925 event=RECEIVE state=ESTABLISHED seq=1946715251 ack=518722716 snd_una=518721336 snd_nxt=518785492 rcv_nxt=1946715251 rwnd=65535 recv_used=0 right_edge=518786871 flight=64156 sample_rtt=NA srtt=0.043081 rttvar=0.000067 rto=1.000000 retransmitted=0 dupack=0
timestamp_ns=3982446246522 event=SEND state=ESTABLISHED seq=518785492 ack=1946715251 snd_una=518722716 snd_nxt=518785492 rcv_nxt=1946715251 rwnd=65535 recv_used=0 right_edge=518788251 flight=62776 sample_rtt=0.043068 srtt=0.043080 rttvar=0.000054 rto=1.000000 retransmitted=0 dupack=0
timestamp_ns=3982446248696 event=ACK_ADVANCE state=ESTABLISHED seq=518786872 ack=518722716 snd_una=518722716 snd_nxt=518786872 rcv_nxt=1946715251 rwnd=65535 recv_used=0 right_edge=518788251 flight=64156 sample_rtt=0.043068 srtt=0.043080 rttvar=0.000054 rto=1.000000 retransmitted=0 dupack=0
timestamp_ns=3982446252373 event=RECEIVE state=ESTABLISHED seq=1946715251 ack=518724096 snd_una=518722716 snd_nxt=518786872 rcv_nxt=1946715251 rwnd=65535 recv_used=0 right_edge=518788251 flight=64156 sample_rtt=NA srtt=0.043080 rttvar=0.000054 rto=1.000000 retransmitted=0 dupack=0
timestamp_ns=3982446257794 event=SEND state=ESTABLISHED seq=518786872 ack=1946715251 snd_una=518724096 snd_nxt=518786872 rcv_nxt=1946715251 rwnd=65535 recv_used=0 right_edge=518789631 flight=62776 sample_rtt=0.043077 srtt=0.043079 rttvar=0.000041 rto=1.000000 retransmitted=0 dupack=0
timestamp_ns=3982446259557 event=ACK_ADVANCE state=ESTABLISHED seq=518788252 ack=518724096 snd_una=518724096 snd_nxt=518788252 rcv_nxt=1946715251 rwnd=65535 recv_used=0 right_edge=518789631 flight=64156 sample_rtt=0.043077 srtt=0.043079 rttvar=0.000041 rto=1.000000 retransmitted=0 dupack=0
timestamp_ns=3982446263254 event=RECEIVE state=ESTABLISHED seq=1946715251 ack=518725476 snd_una=518724096 snd_nxt=518788252 rcv_nxt=1946715251 rwnd=65535 recv_used=0 right_edge=518789631 flight=64156 sample_rtt=NA srtt=0.043079 rttvar=0.000041 rto=1.000000 retransmitted=0 dupack=0
timestamp_ns=3982446267091 event=SEND state=ESTABLISHED seq=518788252 ack=1946715251 snd_una=518725476 snd_nxt=518788252 rcv_nxt=1946715251 rwnd=65535 recv_used=0 right_edge=518791011 flight=62776 sample_rtt=0.043084 srtt=0.043080 rttvar=0.000032 rto=1.000000 retransmitted=0 dupack=0
timestamp_ns=3982446268895 event=ACK_ADVANCE state=ESTABLISHED seq=518789632 ack=518725476 snd_una=518725476 snd_nxt=518789632 rcv_nxt=1946715251 rwnd=65535 recv_used=0 right_edge=518791011 flight=64156 sample_rtt=0.043084 srtt=0.043080 rttvar=0.000032 rto=1.000000 retransmitted=0 dupack=0
timestamp_ns=3982446272592 event=RECEIVE state=ESTABLISHED seq=1946715251 ack=518725476 snd_una=518725476 snd_nxt=518789632 rcv_nxt=1946715251 rwnd=65535 recv_used=0 right_edge=518791011 flight=64156 sample_rtt=NA srtt=0.043080 rttvar=0.000032 rto=1.000000 retransmitted=0 dupack=0
timestamp_ns=3982446273734 event=RECEIVE state=ESTABLISHED seq=1946715251 ack=518725476 snd_una=518725476 snd_nxt=518789632 rcv_nxt=1946715251 rwnd=65535 recv_used=0 right_edge=518791011 flight=64156 sample_rtt=NA srtt=0.043080 rttvar=0.000032 rto=1.000000 retransmitted=0 dupack=1
timestamp_ns=3982446274876 event=RECEIVE state=ESTABLISHED seq=1946715251 ack=518725476 snd_una=518725476 snd_nxt=518789632 rcv_nxt=1946715251 rwnd=65535 recv_used=0 right_edge=518791011 flight=64156 sample_rtt=NA srtt=0.043080 rttvar=0.000032 rto=1.000000 retransmitted=0 dupack=2
timestamp_ns=3982446275677 event=RETRANSMIT state=ESTABLISHED seq=518725476 ack=1946715251 snd_una=518725476 snd_nxt=518789632 rcv_nxt=1946715251 rwnd=65535 recv_used=0 right_edge=518791011 flight=64156 sample_rtt=NA srtt=0.043080 rttvar=0.000032 rto=1.000000 retransmitted=1 dupack=3
timestamp_ns=3982446278853 event=FAST_RETRANSMIT state=ESTABLISHED seq=518725476 ack=518725476 snd_una=518725476 snd_nxt=518789632 rcv_nxt=1946715251 rwnd=65535 recv_used=0 right_edge=518791011 flight=64156 sample_rtt=NA srtt=0.043080 rttvar=0.000032 rto=1.000000 retransmitted=1 dupack=3
timestamp_ns=3982446281599 event=RECEIVE state=ESTABLISHED seq=1946715251 ack=518725476 snd_una=518725476 snd_nxt=518789632 rcv_nxt=1946715251 rwnd=65535 recv_used=0 right_edge=518791011 flight=64156 sample_rtt=NA srtt=0.043080 rttvar=0.000032 rto=1.000000 retransmitted=0 dupack=3
timestamp_ns=3982446282651 event=RECEIVE state=ESTABLISHED seq=1946715251 ack=518725476 snd_una=518725476 snd_nxt=518789632 rcv_nxt=1946715251 rwnd=65535 recv_used=0 right_edge=518791011 flight=64156 sample_rtt=NA srtt=0.043080 rttvar=0.000032 rto=1.000000 retransmitted=0 dupack=4
timestamp_ns=3982446283602 event=RECEIVE state=ESTABLISHED seq=1946715251 ack=518725476 snd_una=518725476 snd_nxt=518789632 rcv_nxt=1946715251 rwnd=65535 recv_used=0 right_edge=518791011 flight=64156 sample_rtt=NA srtt=0.043080 rttvar=0.000032 rto=1.000000 retransmitted=0 dupack=5
timestamp_ns=3982446284534 event=RECEIVE state=ESTABLISHED seq=1946715251 ack=518725476 snd_una=518725476 snd_nxt=518789632 rcv_nxt=1946715251 rwnd=65535 recv_used=0 right_edge=518791011 flight=64156 sample_rtt=NA srtt=0.043080 rttvar=0.000032 rto=1.000000 retransmitted=0 dupack=6
timestamp_ns=3982446287490 event=RECEIVE state=ESTABLISHED seq=1946715251 ack=518725476 snd_una=518725476 snd_nxt=518789632 rcv_nxt=1946715251 rwnd=65535 recv_used=0 right_edge=518791011 flight=64156 sample_rtt=NA srtt=0.043080 rttvar=0.000032 rto=1.000000 retransmitted=0 dupack=7
timestamp_ns=3982446289073 event=RECEIVE state=ESTABLISHED seq=1946715251 ack=518725476 snd_una=518725476 snd_nxt=518789632 rcv_nxt=1946715251 rwnd=65535 recv_used=0 right_edge=518791011 flight=64156 sample_rtt=NA srtt=0.043080 rttvar=0.000032 rto=1.000000 retransmitted=0 dupack=8
timestamp_ns=3982446290045 event=RECEIVE state=ESTABLISHED seq=1946715251 ack=518725476 snd_una=518725476 snd_nxt=518789632 rcv_nxt=1946715251 rwnd=65535 recv_used=0 right_edge=518791011 flight=64156 sample_rtt=NA srtt=0.043080 rttvar=0.000032 rto=1.000000 retransmitted=0 dupack=9
timestamp_ns=3982446291006 event=RECEIVE state=ESTABLISHED seq=1946715251 ack=518725476 snd_una=518725476 snd_nxt=518789632 rcv_nxt=1946715251 rwnd=65535 recv_used=0 right_edge=518791011 flight=64156 sample_rtt=NA srtt=0.043080 rttvar=0.000032 rto=1.000000 retransmitted=0 dupack=10
timestamp_ns=3982446292008 event=RECEIVE state=ESTABLISHED seq=1946715251 ack=518725476 snd_una=518725476 snd_nxt=518789632 rcv_nxt=1946715251 rwnd=65535 recv_used=0 right_edge=518791011 flight=64156 sample_rtt=NA srtt=0.043080 rttvar=0.000032 rto=1.000000 retransmitted=0 dupack=11
timestamp_ns=3982446293050 event=RECEIVE state=ESTABLISHED seq=1946715251 ack=518725476 snd_una=518725476 snd_nxt=518789632 rcv_nxt=1946715251 rwnd=65535 recv_used=0 right_edge=518791011 flight=64156 sample_rtt=NA srtt=0.043080 rttvar=0.000032 rto=1.000000 retransmitted=0 dupack=12
timestamp_ns=3982446294052 event=RECEIVE state=ESTABLISHED seq=1946715251 ack=518725476 snd_una=518725476 snd_nxt=518789632 rcv_nxt=1946715251 rwnd=65535 recv_used=0 right_edge=518791011 flight=64156 sample_rtt=NA srtt=0.043080 rttvar=0.000032 rto=1.000000 retransmitted=0 dupack=13
timestamp_ns=3982446295034 event=RECEIVE state=ESTABLISHED seq=1946715251 ack=518725476 snd_una=518725476 snd_nxt=518789632 rcv_nxt=1946715251 rwnd=65535 recv_used=0 right_edge=518791011 flight=64156 sample_rtt=NA srtt=0.043080 rttvar=0.000032 rto=1.000000 retransmitted=0 dupack=14
timestamp_ns=3982446296046 event=RECEIVE state=ESTABLISHED seq=1946715251 ack=518725476 snd_una=518725476 snd_nxt=518789632 rcv_nxt=1946715251 rwnd=65535 recv_used=0 right_edge=518791011 flight=64156 sample_rtt=NA srtt=0.043080 rttvar=0.000032 rto=1.000000 retransmitted=0 dupack=15
timestamp_ns=3982446296998 event=RECEIVE state=ESTABLISHED seq=1946715251 ack=518725476 snd_una=518725476 snd_nxt=518789632 rcv_nxt=1946715251 rwnd=65535 recv_used=0 right_edge=518791011 flight=64156 sample_rtt=NA srtt=0.043080 rttvar=0.000032 rto=1.000000 retransmitted=0 dupack=16
timestamp_ns=3982446298000 event=RECEIVE state=ESTABLISHED seq=1946715251 ack=518725476 snd_una=518725476 snd_nxt=518789632 rcv_nxt=1946715251 rwnd=65535 recv_used=0 right_edge=518791011 flight=64156 sample_rtt=NA srtt=0.043080 rttvar=0.000032 rto=1.000000 retransmitted=0 dupack=17
timestamp_ns=3982446299072 event=RECEIVE state=ESTABLISHED seq=1946715251 ack=518725476 snd_una=518725476 snd_nxt=518789632 rcv_nxt=1946715251 rwnd=65535 recv_used=0 right_edge=518791011 flight=64156 sample_rtt=NA srtt=0.043080 rttvar=0.000032 rto=1.000000 retransmitted=0 dupack=18
timestamp_ns=3982446300084 event=RECEIVE state=ESTABLISHED seq=1946715251 ack=518725476 snd_una=518725476 snd_nxt=518789632 rcv_nxt=1946715251 rwnd=65535 recv_used=0 right_edge=518791011 flight=64156 sample_rtt=NA srtt=0.043080 rttvar=0.000032 rto=1.000000 retransmitted=0 dupack=19
timestamp_ns=3982446301015 event=RECEIVE state=ESTABLISHED seq=1946715251 ack=518725476 snd_una=518725476 snd_nxt=518789632 rcv_nxt=1946715251 rwnd=65535 recv_used=0 right_edge=518791011 flight=64156 sample_rtt=NA srtt=0.043080 rttvar=0.000032 rto=1.000000 retransmitted=0 dupack=20
timestamp_ns=3982446302148 event=RECEIVE state=ESTABLISHED seq=1946715251 ack=518725476 snd_una=518725476 snd_nxt=518789632 rcv_nxt=1946715251 rwnd=65535 recv_used=0 right_edge=518791011 flight=64156 sample_rtt=NA srtt=0.043080 rttvar=0.000032 rto=1.000000 retransmitted=0 dupack=21
timestamp_ns=3982489833191 event=RECEIVE state=ESTABLISHED seq=1946715251 ack=518725476 snd_una=518725476 snd_nxt=518789632 rcv_nxt=1946715251 rwnd=65535 recv_used=0 right_edge=518791011 flight=64156 sample_rtt=NA srtt=0.043080 rttvar=0.000032 rto=1.000000 retransmitted=0 dupack=22
timestamp_ns=3982489851446 event=RECEIVE state=ESTABLISHED seq=1946715251 ack=518725476 snd_una=518725476 snd_nxt=518789632 rcv_nxt=1946715251 rwnd=65535 recv_used=0 right_edge=518791011 flight=64156 sample_rtt=NA srtt=0.043080 rttvar=0.000032 rto=1.000000 retransmitted=0 dupack=23
timestamp_ns=3982489853229 event=RECEIVE state=ESTABLISHED seq=1946715251 ack=518725476 snd_una=518725476 snd_nxt=518789632 rcv_nxt=1946715251 rwnd=65535 recv_used=0 right_edge=518791011 flight=64156 sample_rtt=NA srtt=0.043080 rttvar=0.000032 rto=1.000000 retransmitted=0 dupack=24
timestamp_ns=3982489854332 event=RECEIVE state=ESTABLISHED seq=1946715251 ack=518725476 snd_una=518725476 snd_nxt=518789632 rcv_nxt=1946715251 rwnd=65535 recv_used=0 right_edge=518791011 flight=64156 sample_rtt=NA srtt=0.043080 rttvar=0.000032 rto=1.000000 retransmitted=0 dupack=25
timestamp_ns=3982489855313 event=RECEIVE state=ESTABLISHED seq=1946715251 ack=518725476 snd_una=518725476 snd_nxt=518789632 rcv_nxt=1946715251 rwnd=65535 recv_used=0 right_edge=518791011 flight=64156 sample_rtt=NA srtt=0.043080 rttvar=0.000032 rto=1.000000 retransmitted=0 dupack=26
timestamp_ns=3982489856285 event=RECEIVE state=ESTABLISHED seq=1946715251 ack=518725476 snd_una=518725476 snd_nxt=518789632 rcv_nxt=1946715251 rwnd=65535 recv_used=0 right_edge=518791011 flight=64156 sample_rtt=NA srtt=0.043080 rttvar=0.000032 rto=1.000000 retransmitted=0 dupack=27
timestamp_ns=3982489857237 event=RECEIVE state=ESTABLISHED seq=1946715251 ack=518725476 snd_una=518725476 snd_nxt=518789632 rcv_nxt=1946715251 rwnd=65535 recv_used=0 right_edge=518791011 flight=64156 sample_rtt=NA srtt=0.043080 rttvar=0.000032 rto=1.000000 retransmitted=0 dupack=28
timestamp_ns=3982489858249 event=RECEIVE state=ESTABLISHED seq=1946715251 ack=518725476 snd_una=518725476 snd_nxt=518789632 rcv_nxt=1946715251 rwnd=65535 recv_used=0 right_edge=518791011 flight=64156 sample_rtt=NA srtt=0.043080 rttvar=0.000032 rto=1.000000 retransmitted=0 dupack=29
timestamp_ns=3982489859221 event=RECEIVE state=ESTABLISHED seq=1946715251 ack=518725476 snd_una=518725476 snd_nxt=518789632 rcv_nxt=1946715251 rwnd=65535 recv_used=0 right_edge=518791011 flight=64156 sample_rtt=NA srtt=0.043080 rttvar=0.000032 rto=1.000000 retransmitted=0 dupack=30
timestamp_ns=3982489860153 event=RECEIVE state=ESTABLISHED seq=1946715251 ack=518725476 snd_una=518725476 snd_nxt=518789632 rcv_nxt=1946715251 rwnd=65535 recv_used=0 right_edge=518791011 flight=64156 sample_rtt=NA srtt=0.043080 rttvar=0.000032 rto=1.000000 retransmitted=0 dupack=31
timestamp_ns=3982489861114 event=RECEIVE state=ESTABLISHED seq=1946715251 ack=518725476 snd_una=518725476 snd_nxt=518789632 rcv_nxt=1946715251 rwnd=65535 recv_used=0 right_edge=518791011 flight=64156 sample_rtt=NA srtt=0.043080 rttvar=0.000032 rto=1.000000 retransmitted=0 dupack=32
timestamp_ns=3982489862066 event=RECEIVE state=ESTABLISHED seq=1946715251 ack=518725476 snd_una=518725476 snd_nxt=518789632 rcv_nxt=1946715251 rwnd=65535 recv_used=0 right_edge=518791011 flight=64156 sample_rtt=NA srtt=0.043080 rttvar=0.000032 rto=1.000000 retransmitted=0 dupack=33
timestamp_ns=3982489863028 event=RECEIVE state=ESTABLISHED seq=1946715251 ack=518725476 snd_una=518725476 snd_nxt=518789632 rcv_nxt=1946715251 rwnd=65535 recv_used=0 right_edge=518791011 flight=64156 sample_rtt=NA srtt=0.043080 rttvar=0.000032 rto=1.000000 retransmitted=0 dupack=34
timestamp_ns=3982489863980 event=RECEIVE state=ESTABLISHED seq=1946715251 ack=518725476 snd_una=518725476 snd_nxt=518789632 rcv_nxt=1946715251 rwnd=65535 recv_used=0 right_edge=518791011 flight=64156 sample_rtt=NA srtt=0.043080 rttvar=0.000032 rto=1.000000 retransmitted=0 dupack=35
timestamp_ns=3982489899908 event=RECEIVE state=ESTABLISHED seq=1946715251 ack=518725476 snd_una=518725476 snd_nxt=518789632 rcv_nxt=1946715251 rwnd=65535 recv_used=0 right_edge=518791011 flight=64156 sample_rtt=NA srtt=0.043080 rttvar=0.000032 rto=1.000000 retransmitted=0 dupack=36
timestamp_ns=3982489900910 event=RECEIVE state=ESTABLISHED seq=1946715251 ack=518725476 snd_una=518725476 snd_nxt=518789632 rcv_nxt=1946715251 rwnd=65535 recv_used=0 right_edge=518791011 flight=64156 sample_rtt=NA srtt=0.043080 rttvar=0.000032 rto=1.000000 retransmitted=0 dupack=37
timestamp_ns=3982489901902 event=RECEIVE state=ESTABLISHED seq=1946715251 ack=518725476 snd_una=518725476 snd_nxt=518789632 rcv_nxt=1946715251 rwnd=65535 recv_used=0 right_edge=518791011 flight=64156 sample_rtt=NA srtt=0.043080 rttvar=0.000032 rto=1.000000 retransmitted=0 dupack=38
timestamp_ns=3982489902894 event=RECEIVE state=ESTABLISHED seq=1946715251 ack=518725476 snd_una=518725476 snd_nxt=518789632 rcv_nxt=1946715251 rwnd=65535 recv_used=0 right_edge=518791011 flight=64156 sample_rtt=NA srtt=0.043080 rttvar=0.000032 rto=1.000000 retransmitted=0 dupack=39
timestamp_ns=3982489904036 event=RECEIVE state=ESTABLISHED seq=1946715251 ack=518730996 snd_una=518725476 snd_nxt=518789632 rcv_nxt=1946715251 rwnd=65535 recv_used=0 right_edge=518791011 flight=64156 sample_rtt=NA srtt=0.043080 rttvar=0.000032 rto=1.000000 retransmitted=0 dupack=40
timestamp_ns=3982489926067 event=SEND state=ESTABLISHED seq=518789632 ack=1946715251 snd_una=518730996 snd_nxt=518789632 rcv_nxt=1946715251 rwnd=65535 recv_used=0 right_edge=518796531 flight=58636 sample_rtt=NA srtt=0.043080 rttvar=0.000032 rto=1.000000 retransmitted=0 dupack=0
timestamp_ns=3982489947759 event=SEND state=ESTABLISHED seq=518791012 ack=1946715251 snd_una=518730996 snd_nxt=518791012 rcv_nxt=1946715251 rwnd=65535 recv_used=0 right_edge=518796531 flight=60016 sample_rtt=NA srtt=0.043080 rttvar=0.000032 rto=1.000000 retransmitted=0 dupack=0
timestamp_ns=3982489950133 event=SEND state=ESTABLISHED seq=518792392 ack=1946715251 snd_una=518730996 snd_nxt=518792392 rcv_nxt=1946715251 rwnd=65535 recv_used=0 right_edge=518796531 flight=61396 sample_rtt=NA srtt=0.043080 rttvar=0.000032 rto=1.000000 retransmitted=0 dupack=0
timestamp_ns=3982489952337 event=SEND state=ESTABLISHED seq=518793772 ack=1946715251 snd_una=518730996 snd_nxt=518793772 rcv_nxt=1946715251 rwnd=65535 recv_used=0 right_edge=518796531 flight=62776 sample_rtt=NA srtt=0.043080 rttvar=0.000032 rto=1.000000 retransmitted=0 dupack=0
timestamp_ns=3982489953950 event=ACK_ADVANCE state=ESTABLISHED seq=518795152 ack=518730996 snd_una=518730996 snd_nxt=518795152 rcv_nxt=1946715251 rwnd=65535 recv_used=0 right_edge=518796531 flight=64156 sample_rtt=NA srtt=0.043080 rttvar=0.000032 rto=1.000000 retransmitted=0 dupack=0
timestamp_ns=3982532517559 event=RECEIVE state=ESTABLISHED seq=1946715251 ack=518730996 snd_una=518730996 snd_nxt=518795152 rcv_nxt=1946715251 rwnd=65535 recv_used=0 right_edge=518796531 flight=64156 sample_rtt=NA srtt=0.043080 rttvar=0.000032 rto=1.000000 retransmitted=0 dupack=0
timestamp_ns=3982532537316 event=RECEIVE state=ESTABLISHED seq=1946715251 ack=518730996 snd_una=518730996 snd_nxt=518795152 rcv_nxt=1946715251 rwnd=65535 recv_used=0 right_edge=518796531 flight=64156 sample_rtt=NA srtt=0.043080 rttvar=0.000032 rto=1.000000 retransmitted=0 dupack=1
timestamp_ns=3982532538959 event=RECEIVE state=ESTABLISHED seq=1946715251 ack=518730996 snd_una=518730996 snd_nxt=518795152 rcv_nxt=1946715251 rwnd=65535 recv_used=0 right_edge=518796531 flight=64156 sample_rtt=NA srtt=0.043080 rttvar=0.000032 rto=1.000000 retransmitted=0 dupack=2
timestamp_ns=3982532544209 event=RETRANSMIT state=ESTABLISHED seq=518730996 ack=1946715251 snd_una=518730996 snd_nxt=518795152 rcv_nxt=1946715251 rwnd=65535 recv_used=0 right_edge=518796531 flight=64156 sample_rtt=NA srtt=0.043080 rttvar=0.000032 rto=1.000000 retransmitted=1 dupack=3
timestamp_ns=3982532579717 event=FAST_RETRANSMIT state=ESTABLISHED seq=518730996 ack=518730996 snd_una=518730996 snd_nxt=518795152 rcv_nxt=1946715251 rwnd=65535 recv_used=0 right_edge=518796531 flight=64156 sample_rtt=NA srtt=0.043080 rttvar=0.000032 rto=1.000000 retransmitted=1 dupack=3
timestamp_ns=3982575695460 event=RECEIVE state=ESTABLISHED seq=1946715251 ack=518757892 snd_una=518730996 snd_nxt=518795152 rcv_nxt=1946715251 rwnd=65535 recv_used=0 right_edge=518796531 flight=64156 sample_rtt=NA srtt=0.043080 rttvar=0.000032 rto=1.000000 retransmitted=0 dupack=3
timestamp_ns=3982575728041 event=SEND state=ESTABLISHED seq=518795152 ack=1946715251 snd_una=518757892 snd_nxt=518795152 rcv_nxt=1946715251 rwnd=65535 recv_used=0 right_edge=518823427 flight=37260 sample_rtt=NA srtt=0.043080 rttvar=0.000032 rto=1.000000 retransmitted=0 dupack=0
timestamp_ns=3982575748390 event=SEND state=ESTABLISHED seq=518796532 ack=1946715251 snd_una=518757892 snd_nxt=518796532 rcv_nxt=1946715251 rwnd=65535 recv_used=0 right_edge=518823427 flight=38640 sample_rtt=NA srtt=0.043080 rttvar=0.000032 rto=1.000000 retransmitted=0 dupack=0
timestamp_ns=3982575751065 event=SEND state=ESTABLISHED seq=518797912 ack=1946715251 snd_una=518757892 snd_nxt=518797912 rcv_nxt=1946715251 rwnd=65535 recv_used=0 right_edge=518823427 flight=40020 sample_rtt=NA srtt=0.043080 rttvar=0.000032 rto=1.000000 retransmitted=0 dupack=0
timestamp_ns=3982575753370 event=SEND state=ESTABLISHED seq=518799292 ack=1946715251 snd_una=518757892 snd_nxt=518799292 rcv_nxt=1946715251 rwnd=65535 recv_used=0 right_edge=518823427 flight=41400 sample_rtt=NA srtt=0.043080 rttvar=0.000032 rto=1.000000 retransmitted=0 dupack=0
timestamp_ns=3982575755524 event=SEND state=ESTABLISHED seq=518800672 ack=1946715251 snd_una=518757892 snd_nxt=518800672 rcv_nxt=1946715251 rwnd=65535 recv_used=0 right_edge=518823427 flight=42780 sample_rtt=NA srtt=0.043080 rttvar=0.000032 rto=1.000000 retransmitted=0 dupack=0
timestamp_ns=3982575757417 event=SEND state=ESTABLISHED seq=518802052 ack=1946715251 snd_una=518757892 snd_nxt=518802052 rcv_nxt=1946715251 rwnd=65535 recv_used=0 right_edge=518823427 flight=44160 sample_rtt=NA srtt=0.043080 rttvar=0.000032 rto=1.000000 retransmitted=0 dupack=0
timestamp_ns=3982575759501 event=SEND state=ESTABLISHED seq=518803432 ack=1946715251 snd_una=518757892 snd_nxt=518803432 rcv_nxt=1946715251 rwnd=65535 recv_used=0 right_edge=518823427 flight=45540 sample_rtt=NA srtt=0.043080 rttvar=0.000032 rto=1.000000 retransmitted=0 dupack=0
timestamp_ns=3982575763058 event=SEND state=ESTABLISHED seq=518804812 ack=1946715251 snd_una=518757892 snd_nxt=518804812 rcv_nxt=1946715251 rwnd=65535 recv_used=0 right_edge=518823427 flight=46920 sample_rtt=NA srtt=0.043080 rttvar=0.000032 rto=1.000000 retransmitted=0 dupack=0
timestamp_ns=3982575765072 event=SEND state=ESTABLISHED seq=518805488 ack=1946715251 snd_una=518757892 snd_nxt=518805488 rcv_nxt=1946715251 rwnd=65535 recv_used=0 right_edge=518823427 flight=47596 sample_rtt=NA srtt=0.043080 rttvar=0.000032 rto=1.000000 retransmitted=0 dupack=0
timestamp_ns=3982575767516 event=SEND state=ESTABLISHED seq=518806868 ack=1946715251 snd_una=518757892 snd_nxt=518806868 rcv_nxt=1946715251 rwnd=65535 recv_used=0 right_edge=518823427 flight=48976 sample_rtt=NA srtt=0.043080 rttvar=0.000032 rto=1.000000 retransmitted=0 dupack=0
timestamp_ns=3982575769811 event=SEND state=ESTABLISHED seq=518808248 ack=1946715251 snd_una=518757892 snd_nxt=518808248 rcv_nxt=1946715251 rwnd=65535 recv_used=0 right_edge=518823427 flight=50356 sample_rtt=NA srtt=0.043080 rttvar=0.000032 rto=1.000000 retransmitted=0 dupack=0
timestamp_ns=3982575771704 event=SEND state=ESTABLISHED seq=518809628 ack=1946715251 snd_una=518757892 snd_nxt=518809628 rcv_nxt=1946715251 rwnd=65535 recv_used=0 right_edge=518823427 flight=51736 sample_rtt=NA srtt=0.043080 rttvar=0.000032 rto=1.000000 retransmitted=0 dupack=0
timestamp_ns=3982575773708 event=SEND state=ESTABLISHED seq=518811008 ack=1946715251 snd_una=518757892 snd_nxt=518811008 rcv_nxt=1946715251 rwnd=65535 recv_used=0 right_edge=518823427 flight=53116 sample_rtt=NA srtt=0.043080 rttvar=0.000032 rto=1.000000 retransmitted=0 dupack=0
timestamp_ns=3982575804797 event=SEND state=ESTABLISHED seq=518812388 ack=1946715251 snd_una=518757892 snd_nxt=518812388 rcv_nxt=1946715251 rwnd=65535 recv_used=0 right_edge=518823427 flight=54496 sample_rtt=NA srtt=0.043080 rttvar=0.000032 rto=1.000000 retransmitted=0 dupack=0
timestamp_ns=3982575806821 event=SEND state=ESTABLISHED seq=518813768 ack=1946715251 snd_una=518757892 snd_nxt=518813768 rcv_nxt=1946715251 rwnd=65535 recv_used=0 right_edge=518823427 flight=55876 sample_rtt=NA srtt=0.043080 rttvar=0.000032 rto=1.000000 retransmitted=0 dupack=0
timestamp_ns=3982575845194 event=SEND state=ESTABLISHED seq=518815148 ack=1946715251 snd_una=518757892 snd_nxt=518815148 rcv_nxt=1946715251 rwnd=65535 recv_used=0 right_edge=518823427 flight=57256 sample_rtt=NA srtt=0.043080 rttvar=0.000032 rto=1.000000 retransmitted=0 dupack=0
timestamp_ns=3982575855403 event=SEND state=ESTABLISHED seq=518816528 ack=1946715251 snd_una=518757892 snd_nxt=518816528 rcv_nxt=1946715251 rwnd=65535 recv_used=0 right_edge=518823427 flight=58636 sample_rtt=NA srtt=0.043080 rttvar=0.000032 rto=1.000000 retransmitted=0 dupack=0
timestamp_ns=3982575858298 event=SEND state=ESTABLISHED seq=518817908 ack=1946715251 snd_una=518757892 snd_nxt=518817908 rcv_nxt=1946715251 rwnd=65535 recv_used=0 right_edge=518823427 flight=60016 sample_rtt=NA srtt=0.043080 rttvar=0.000032 rto=1.000000 retransmitted=0 dupack=0
timestamp_ns=3982575861344 event=SEND state=ESTABLISHED seq=518819288 ack=1946715251 snd_una=518757892 snd_nxt=518819288 rcv_nxt=1946715251 rwnd=65535 recv_used=0 right_edge=518823427 flight=61396 sample_rtt=NA srtt=0.043080 rttvar=0.000032 rto=1.000000 retransmitted=0 dupack=0
timestamp_ns=3982575863358 event=SEND state=ESTABLISHED seq=518820668 ack=1946715251 snd_una=518757892 snd_nxt=518820668 rcv_nxt=1946715251 rwnd=65535 recv_used=0 right_edge=518823427 flight=62776 sample_rtt=NA srtt=0.043080 rttvar=0.000032 rto=1.000000 retransmitted=0 dupack=0
timestamp_ns=3982575865242 event=ACK_ADVANCE state=ESTABLISHED seq=518822048 ack=518757892 snd_una=518757892 snd_nxt=518822048 rcv_nxt=1946715251 rwnd=65535 recv_used=0 right_edge=518823427 flight=64156 sample_rtt=NA srtt=0.043080 rttvar=0.000032 rto=1.000000 retransmitted=0 dupack=0
timestamp_ns=3982619036279 event=RECEIVE state=ESTABLISHED seq=1946715251 ack=518757892 snd_una=518757892 snd_nxt=518822048 rcv_nxt=1946715251 rwnd=65535 recv_used=0 right_edge=518823427 flight=64156 sample_rtt=NA srtt=0.043080 rttvar=0.000032 rto=1.000000 retransmitted=0 dupack=0
timestamp_ns=3982619048643 event=RECEIVE state=ESTABLISHED seq=1946715251 ack=518757892 snd_una=518757892 snd_nxt=518822048 rcv_nxt=1946715251 rwnd=65535 recv_used=0 right_edge=518823427 flight=64156 sample_rtt=NA srtt=0.043080 rttvar=0.000032 rto=1.000000 retransmitted=0 dupack=1
timestamp_ns=3982619050416 event=RECEIVE state=ESTABLISHED seq=1946715251 ack=518757892 snd_una=518757892 snd_nxt=518822048 rcv_nxt=1946715251 rwnd=65535 recv_used=0 right_edge=518823427 flight=64156 sample_rtt=NA srtt=0.043080 rttvar=0.000032 rto=1.000000 retransmitted=0 dupack=2
timestamp_ns=3982619054594 event=RETRANSMIT state=ESTABLISHED seq=518757892 ack=1946715251 snd_una=518757892 snd_nxt=518822048 rcv_nxt=1946715251 rwnd=65535 recv_used=0 right_edge=518823427 flight=64156 sample_rtt=NA srtt=0.043080 rttvar=0.000032 rto=1.000000 retransmitted=1 dupack=3
timestamp_ns=3982619080673 event=FAST_RETRANSMIT state=ESTABLISHED seq=518757892 ack=518757892 snd_una=518757892 snd_nxt=518822048 rcv_nxt=1946715251 rwnd=65535 recv_used=0 right_edge=518823427 flight=64156 sample_rtt=NA srtt=0.043080 rttvar=0.000032 rto=1.000000 retransmitted=1 dupack=3
timestamp_ns=3982619085983 event=RECEIVE state=ESTABLISHED seq=1946715251 ack=518757892 snd_una=518757892 snd_nxt=518822048 rcv_nxt=1946715251 rwnd=65535 recv_used=0 right_edge=518823427 flight=64156 sample_rtt=NA srtt=0.043080 rttvar=0.000032 rto=1.000000 retransmitted=0 dupack=3
timestamp_ns=3982619087125 event=RECEIVE state=ESTABLISHED seq=1946715251 ack=518757892 snd_una=518757892 snd_nxt=518822048 rcv_nxt=1946715251 rwnd=65535 recv_used=0 right_edge=518823427 flight=64156 sample_rtt=NA srtt=0.043080 rttvar=0.000032 rto=1.000000 retransmitted=0 dupack=4
timestamp_ns=3982619114147 event=RECEIVE state=ESTABLISHED seq=1946715251 ack=518757892 snd_una=518757892 snd_nxt=518822048 rcv_nxt=1946715251 rwnd=65535 recv_used=0 right_edge=518823427 flight=64156 sample_rtt=NA srtt=0.043080 rttvar=0.000032 rto=1.000000 retransmitted=0 dupack=5
timestamp_ns=3982619115149 event=RECEIVE state=ESTABLISHED seq=1946715251 ack=518757892 snd_una=518757892 snd_nxt=518822048 rcv_nxt=1946715251 rwnd=65535 recv_used=0 right_edge=518823427 flight=64156 sample_rtt=NA srtt=0.043080 rttvar=0.000032 rto=1.000000 retransmitted=0 dupack=6
timestamp_ns=3982619116120 event=RECEIVE state=ESTABLISHED seq=1946715251 ack=518757892 snd_una=518757892 snd_nxt=518822048 rcv_nxt=1946715251 rwnd=65535 recv_used=0 right_edge=518823427 flight=64156 sample_rtt=NA srtt=0.043080 rttvar=0.000032 rto=1.000000 retransmitted=0 dupack=7
timestamp_ns=3982619117092 event=RECEIVE state=ESTABLISHED seq=1946715251 ack=518757892 snd_una=518757892 snd_nxt=518822048 rcv_nxt=1946715251 rwnd=65535 recv_used=0 right_edge=518823427 flight=64156 sample_rtt=NA srtt=0.043080 rttvar=0.000032 rto=1.000000 retransmitted=0 dupack=8
timestamp_ns=3982619118064 event=RECEIVE state=ESTABLISHED seq=1946715251 ack=518757892 snd_una=518757892 snd_nxt=518822048 rcv_nxt=1946715251 rwnd=65535 recv_used=0 right_edge=518823427 flight=64156 sample_rtt=NA srtt=0.043080 rttvar=0.000032 rto=1.000000 retransmitted=0 dupack=9
timestamp_ns=3982619119026 event=RECEIVE state=ESTABLISHED seq=1946715251 ack=518757892 snd_una=518757892 snd_nxt=518822048 rcv_nxt=1946715251 rwnd=65535 recv_used=0 right_edge=518823427 flight=64156 sample_rtt=NA srtt=0.043080 rttvar=0.000032 rto=1.000000 retransmitted=0 dupack=10
timestamp_ns=3982619120048 event=RECEIVE state=ESTABLISHED seq=1946715251 ack=518757892 snd_una=518757892 snd_nxt=518822048 rcv_nxt=1946715251 rwnd=65535 recv_used=0 right_edge=518823427 flight=64156 sample_rtt=NA srtt=0.043080 rttvar=0.000032 rto=1.000000 retransmitted=0 dupack=11
timestamp_ns=3982619121050 event=RECEIVE state=ESTABLISHED seq=1946715251 ack=518757892 snd_una=518757892 snd_nxt=518822048 rcv_nxt=1946715251 rwnd=65535 recv_used=0 right_edge=518823427 flight=64156 sample_rtt=NA srtt=0.043080 rttvar=0.000032 rto=1.000000 retransmitted=0 dupack=12
timestamp_ns=3982619122022 event=RECEIVE state=ESTABLISHED seq=1946715251 ack=518757892 snd_una=518757892 snd_nxt=518822048 rcv_nxt=1946715251 rwnd=65535 recv_used=0 right_edge=518823427 flight=64156 sample_rtt=NA srtt=0.043080 rttvar=0.000032 rto=1.000000 retransmitted=0 dupack=13
timestamp_ns=3982619122993 event=RECEIVE state=ESTABLISHED seq=1946715251 ack=518757892 snd_una=518757892 snd_nxt=518822048 rcv_nxt=1946715251 rwnd=65535 recv_used=0 right_edge=518823427 flight=64156 sample_rtt=NA srtt=0.043080 rttvar=0.000032 rto=1.000000 retransmitted=0 dupack=14
timestamp_ns=3982619123985 event=RECEIVE state=ESTABLISHED seq=1946715251 ack=518757892 snd_una=518757892 snd_nxt=518822048 rcv_nxt=1946715251 rwnd=65535 recv_used=0 right_edge=518823427 flight=64156 sample_rtt=NA srtt=0.043080 rttvar=0.000032 rto=1.000000 retransmitted=0 dupack=15
timestamp_ns=3982619124967 event=RECEIVE state=ESTABLISHED seq=1946715251 ack=518757892 snd_una=518757892 snd_nxt=518822048 rcv_nxt=1946715251 rwnd=65535 recv_used=0 right_edge=518823427 flight=64156 sample_rtt=NA srtt=0.043080 rttvar=0.000032 rto=1.000000 retransmitted=0 dupack=16
timestamp_ns=3982619125919 event=RECEIVE state=ESTABLISHED seq=1946715251 ack=518757892 snd_una=518757892 snd_nxt=518822048 rcv_nxt=1946715251 rwnd=65535 recv_used=0 right_edge=518823427 flight=64156 sample_rtt=NA srtt=0.043080 rttvar=0.000032 rto=1.000000 retransmitted=0 dupack=17
timestamp_ns=3982619127131 event=RECEIVE state=ESTABLISHED seq=1946715251 ack=518757892 snd_una=518757892 snd_nxt=518822048 rcv_nxt=1946715251 rwnd=65535 recv_used=0 right_edge=518823427 flight=64156 sample_rtt=NA srtt=0.043080 rttvar=0.000032 rto=1.000000 retransmitted=0 dupack=18
timestamp_ns=3982661403954 event=RECEIVE state=ESTABLISHED seq=1946715251 ack=518778592 snd_una=518757892 snd_nxt=518822048 rcv_nxt=1946715251 rwnd=65535 recv_used=0 right_edge=518823427 flight=64156 sample_rtt=NA srtt=0.043080 rttvar=0.000032 rto=1.000000 retransmitted=0 dupack=19
timestamp_ns=3982661483265 event=SEND state=ESTABLISHED seq=518822048 ack=1946715251 snd_una=518778592 snd_nxt=518822048 rcv_nxt=1946715251 rwnd=65535 recv_used=0 right_edge=518844127 flight=43456 sample_rtt=NA srtt=0.043080 rttvar=0.000032 rto=1.000000 retransmitted=0 dupack=0
timestamp_ns=3982661536515 event=SEND state=ESTABLISHED seq=518823428 ack=1946715251 snd_una=518778592 snd_nxt=518823428 rcv_nxt=1946715251 rwnd=65535 recv_used=0 right_edge=518844127 flight=44836 sample_rtt=NA srtt=0.043080 rttvar=0.000032 rto=1.000000 retransmitted=0 dupack=0
timestamp_ns=3982661545122 event=SEND state=ESTABLISHED seq=518824808 ack=1946715251 snd_una=518778592 snd_nxt=518824808 rcv_nxt=1946715251 rwnd=65535 recv_used=0 right_edge=518844127 flight=46216 sample_rtt=NA srtt=0.043080 rttvar=0.000032 rto=1.000000 retransmitted=0 dupack=0
timestamp_ns=3982661550732 event=SEND state=ESTABLISHED seq=518826188 ack=1946715251 snd_una=518778592 snd_nxt=518826188 rcv_nxt=1946715251 rwnd=65535 recv_used=0 right_edge=518844127 flight=47596 sample_rtt=NA srtt=0.043080 rttvar=0.000032 rto=1.000000 retransmitted=0 dupack=0
timestamp_ns=3982661555972 event=SEND state=ESTABLISHED seq=518827568 ack=1946715251 snd_una=518778592 snd_nxt=518827568 rcv_nxt=1946715251 rwnd=65535 recv_used=0 right_edge=518844127 flight=48976 sample_rtt=NA srtt=0.043080 rttvar=0.000032 rto=1.000000 retransmitted=0 dupack=0
timestamp_ns=3982661560691 event=SEND state=ESTABLISHED seq=518828948 ack=1946715251 snd_una=518778592 snd_nxt=518828948 rcv_nxt=1946715251 rwnd=65535 recv_used=0 right_edge=518844127 flight=50356 sample_rtt=NA srtt=0.043080 rttvar=0.000032 rto=1.000000 retransmitted=0 dupack=0
timestamp_ns=3982661565971 event=SEND state=ESTABLISHED seq=518830328 ack=1946715251 snd_una=518778592 snd_nxt=518830328 rcv_nxt=1946715251 rwnd=65535 recv_used=0 right_edge=518844127 flight=51736 sample_rtt=NA srtt=0.043080 rttvar=0.000032 rto=1.000000 retransmitted=0 dupack=0
timestamp_ns=3982661571361 event=SEND state=ESTABLISHED seq=518831708 ack=1946715251 snd_una=518778592 snd_nxt=518831708 rcv_nxt=1946715251 rwnd=65535 recv_used=0 right_edge=518844127 flight=53116 sample_rtt=NA srtt=0.043080 rttvar=0.000032 rto=1.000000 retransmitted=0 dupack=0
timestamp_ns=3982661576100 event=SEND state=ESTABLISHED seq=518833088 ack=1946715251 snd_una=518778592 snd_nxt=518833088 rcv_nxt=1946715251 rwnd=65535 recv_used=0 right_edge=518844127 flight=54496 sample_rtt=NA srtt=0.043080 rttvar=0.000032 rto=1.000000 retransmitted=0 dupack=0
timestamp_ns=3982661580449 event=SEND state=ESTABLISHED seq=518834468 ack=1946715251 snd_una=518778592 snd_nxt=518834468 rcv_nxt=1946715251 rwnd=65535 recv_used=0 right_edge=518844127 flight=55876 sample_rtt=NA srtt=0.043080 rttvar=0.000032 rto=1.000000 retransmitted=0 dupack=0
timestamp_ns=3982661585909 event=SEND state=ESTABLISHED seq=518835848 ack=1946715251 snd_una=518778592 snd_nxt=518835848 rcv_nxt=1946715251 rwnd=65535 recv_used=0 right_edge=518844127 flight=57256 sample_rtt=NA srtt=0.043080 rttvar=0.000032 rto=1.000000 retransmitted=0 dupack=0
timestamp_ns=3982661594065 event=SEND state=ESTABLISHED seq=518837228 ack=1946715251 snd_una=518778592 snd_nxt=518837228 rcv_nxt=1946715251 rwnd=65535 recv_used=0 right_edge=518844127 flight=58636 sample_rtt=NA srtt=0.043080 rttvar=0.000032 rto=1.000000 retransmitted=0 dupack=0
timestamp_ns=3982661599625 event=SEND state=ESTABLISHED seq=518838608 ack=1946715251 snd_una=518778592 snd_nxt=518838608 rcv_nxt=1946715251 rwnd=65535 recv_used=0 right_edge=518844127 flight=60016 sample_rtt=NA srtt=0.043080 rttvar=0.000032 rto=1.000000 retransmitted=0 dupack=0
timestamp_ns=3982661603903 event=SEND state=ESTABLISHED seq=518839988 ack=1946715251 snd_una=518778592 snd_nxt=518839988 rcv_nxt=1946715251 rwnd=65535 recv_used=0 right_edge=518844127 flight=61396 sample_rtt=NA srtt=0.043080 rttvar=0.000032 rto=1.000000 retransmitted=0 dupack=0
timestamp_ns=3982661688353 event=SEND state=ESTABLISHED seq=518841368 ack=1946715251 snd_una=518778592 snd_nxt=518841368 rcv_nxt=1946715251 rwnd=65535 recv_used=0 right_edge=518844127 flight=62776 sample_rtt=NA srtt=0.043080 rttvar=0.000032 rto=1.000000 retransmitted=0 dupack=0
timestamp_ns=3982661691529 event=ACK_ADVANCE state=ESTABLISHED seq=518842748 ack=518778592 snd_una=518778592 snd_nxt=518842748 rcv_nxt=1946715251 rwnd=65535 recv_used=0 right_edge=518844127 flight=64156 sample_rtt=NA srtt=0.043080 rttvar=0.000032 rto=1.000000 retransmitted=0 dupack=0
timestamp_ns=3982704794778 event=RECEIVE state=ESTABLISHED seq=1946715251 ack=518778592 snd_una=518778592 snd_nxt=518842748 rcv_nxt=1946715251 rwnd=65535 recv_used=0 right_edge=518844127 flight=64156 sample_rtt=NA srtt=0.043080 rttvar=0.000032 rto=1.000000 retransmitted=0 dupack=0
timestamp_ns=3982704807643 event=RECEIVE state=ESTABLISHED seq=1946715251 ack=518778592 snd_una=518778592 snd_nxt=518842748 rcv_nxt=1946715251 rwnd=65535 recv_used=0 right_edge=518844127 flight=64156 sample_rtt=NA srtt=0.043080 rttvar=0.000032 rto=1.000000 retransmitted=0 dupack=1
timestamp_ns=3982704809747 event=RECEIVE state=ESTABLISHED seq=1946715251 ack=518778592 snd_una=518778592 snd_nxt=518842748 rcv_nxt=1946715251 rwnd=65535 recv_used=0 right_edge=518844127 flight=64156 sample_rtt=NA srtt=0.043080 rttvar=0.000032 rto=1.000000 retransmitted=0 dupack=2
timestamp_ns=3982704814446 event=RETRANSMIT state=ESTABLISHED seq=518778592 ack=1946715251 snd_una=518778592 snd_nxt=518842748 rcv_nxt=1946715251 rwnd=65535 recv_used=0 right_edge=518844127 flight=64156 sample_rtt=NA srtt=0.043080 rttvar=0.000032 rto=1.000000 retransmitted=1 dupack=3
timestamp_ns=3982704838662 event=FAST_RETRANSMIT state=ESTABLISHED seq=518778592 ack=518778592 snd_una=518778592 snd_nxt=518842748 rcv_nxt=1946715251 rwnd=65535 recv_used=0 right_edge=518844127 flight=64156 sample_rtt=NA srtt=0.043080 rttvar=0.000032 rto=1.000000 retransmitted=1 dupack=3
timestamp_ns=3982704843771 event=RECEIVE state=ESTABLISHED seq=1946715251 ack=518778592 snd_una=518778592 snd_nxt=518842748 rcv_nxt=1946715251 rwnd=65535 recv_used=0 right_edge=518844127 flight=64156 sample_rtt=NA srtt=0.043080 rttvar=0.000032 rto=1.000000 retransmitted=0 dupack=3
timestamp_ns=3982704844863 event=RECEIVE state=ESTABLISHED seq=1946715251 ack=518778592 snd_una=518778592 snd_nxt=518842748 rcv_nxt=1946715251 rwnd=65535 recv_used=0 right_edge=518844127 flight=64156 sample_rtt=NA srtt=0.043080 rttvar=0.000032 rto=1.000000 retransmitted=0 dupack=4
timestamp_ns=3982704845855 event=RECEIVE state=ESTABLISHED seq=1946715251 ack=518778592 snd_una=518778592 snd_nxt=518842748 rcv_nxt=1946715251 rwnd=65535 recv_used=0 right_edge=518844127 flight=64156 sample_rtt=NA srtt=0.043080 rttvar=0.000032 rto=1.000000 retransmitted=0 dupack=5
timestamp_ns=3982704846977 event=RECEIVE state=ESTABLISHED seq=1946715251 ack=518778592 snd_una=518778592 snd_nxt=518842748 rcv_nxt=1946715251 rwnd=65535 recv_used=0 right_edge=518844127 flight=64156 sample_rtt=NA srtt=0.043080 rttvar=0.000032 rto=1.000000 retransmitted=0 dupack=6
timestamp_ns=3982704848039 event=RECEIVE state=ESTABLISHED seq=1946715251 ack=518778592 snd_una=518778592 snd_nxt=518842748 rcv_nxt=1946715251 rwnd=65535 recv_used=0 right_edge=518844127 flight=64156 sample_rtt=NA srtt=0.043080 rttvar=0.000032 rto=1.000000 retransmitted=0 dupack=7
timestamp_ns=3982704849081 event=RECEIVE state=ESTABLISHED seq=1946715251 ack=518778592 snd_una=518778592 snd_nxt=518842748 rcv_nxt=1946715251 rwnd=65535 recv_used=0 right_edge=518844127 flight=64156 sample_rtt=NA srtt=0.043080 rttvar=0.000032 rto=1.000000 retransmitted=0 dupack=8
timestamp_ns=3982704850043 event=RECEIVE state=ESTABLISHED seq=1946715251 ack=518778592 snd_una=518778592 snd_nxt=518842748 rcv_nxt=1946715251 rwnd=65535 recv_used=0 right_edge=518844127 flight=64156 sample_rtt=NA srtt=0.043080 rttvar=0.000032 rto=1.000000 retransmitted=0 dupack=9
timestamp_ns=3982704875451 event=RECEIVE state=ESTABLISHED seq=1946715251 ack=518778592 snd_una=518778592 snd_nxt=518842748 rcv_nxt=1946715251 rwnd=65535 recv_used=0 right_edge=518844127 flight=64156 sample_rtt=NA srtt=0.043080 rttvar=0.000032 rto=1.000000 retransmitted=0 dupack=10
timestamp_ns=3982704876523 event=RECEIVE state=ESTABLISHED seq=1946715251 ack=518778592 snd_una=518778592 snd_nxt=518842748 rcv_nxt=1946715251 rwnd=65535 recv_used=0 right_edge=518844127 flight=64156 sample_rtt=NA srtt=0.043080 rttvar=0.000032 rto=1.000000 retransmitted=0 dupack=11
timestamp_ns=3982704877796 event=RECEIVE state=ESTABLISHED seq=1946715251 ack=518778592 snd_una=518778592 snd_nxt=518842748 rcv_nxt=1946715251 rwnd=65535 recv_used=0 right_edge=518844127 flight=64156 sample_rtt=NA srtt=0.043080 rttvar=0.000032 rto=1.000000 retransmitted=0 dupack=12
timestamp_ns=3982746782463 event=RECEIVE state=ESTABLISHED seq=1946715251 ack=518803432 snd_una=518778592 snd_nxt=518842748 rcv_nxt=1946715251 rwnd=65535 recv_used=0 right_edge=518844127 flight=64156 sample_rtt=NA srtt=0.043080 rttvar=0.000032 rto=1.000000 retransmitted=0 dupack=13
timestamp_ns=3982746803974 event=SEND state=ESTABLISHED seq=518842748 ack=1946715251 snd_una=518803432 snd_nxt=518842748 rcv_nxt=1946715251 rwnd=65535 recv_used=0 right_edge=518868967 flight=39316 sample_rtt=NA srtt=0.043080 rttvar=0.000032 rto=1.000000 retransmitted=0 dupack=0
timestamp_ns=3982746819614 event=SEND state=ESTABLISHED seq=518844128 ack=1946715251 snd_una=518803432 snd_nxt=518844128 rcv_nxt=1946715251 rwnd=65535 recv_used=0 right_edge=518868967 flight=40696 sample_rtt=NA srtt=0.043080 rttvar=0.000032 rto=1.000000 retransmitted=0 dupack=0
timestamp_ns=3982746822289 event=SEND state=ESTABLISHED seq=518845508 ack=1946715251 snd_una=518803432 snd_nxt=518845508 rcv_nxt=1946715251 rwnd=65535 recv_used=0 right_edge=518868967 flight=42076 sample_rtt=NA srtt=0.043080 rttvar=0.000032 rto=1.000000 retransmitted=0 dupack=0
timestamp_ns=3982746824263 event=SEND state=ESTABLISHED seq=518846888 ack=1946715251 snd_una=518803432 snd_nxt=518846888 rcv_nxt=1946715251 rwnd=65535 recv_used=0 right_edge=518868967 flight=43456 sample_rtt=NA srtt=0.043080 rttvar=0.000032 rto=1.000000 retransmitted=0 dupack=0
timestamp_ns=3982746826106 event=SEND state=ESTABLISHED seq=518848268 ack=1946715251 snd_una=518803432 snd_nxt=518848268 rcv_nxt=1946715251 rwnd=65535 recv_used=0 right_edge=518868967 flight=44836 sample_rtt=NA srtt=0.043080 rttvar=0.000032 rto=1.000000 retransmitted=0 dupack=0
timestamp_ns=3982746827919 event=SEND state=ESTABLISHED seq=518849648 ack=1946715251 snd_una=518803432 snd_nxt=518849648 rcv_nxt=1946715251 rwnd=65535 recv_used=0 right_edge=518868967 flight=46216 sample_rtt=NA srtt=0.043080 rttvar=0.000032 rto=1.000000 retransmitted=0 dupack=0
timestamp_ns=3982746830424 event=SEND state=ESTABLISHED seq=518851028 ack=1946715251 snd_una=518803432 snd_nxt=518851028 rcv_nxt=1946715251 rwnd=65535 recv_used=0 right_edge=518868967 flight=47596 sample_rtt=NA srtt=0.043080 rttvar=0.000032 rto=1.000000 retransmitted=0 dupack=0
timestamp_ns=3982746832328 event=SEND state=ESTABLISHED seq=518852408 ack=1946715251 snd_una=518803432 snd_nxt=518852408 rcv_nxt=1946715251 rwnd=65535 recv_used=0 right_edge=518868967 flight=48976 sample_rtt=NA srtt=0.043080 rttvar=0.000032 rto=1.000000 retransmitted=0 dupack=0
timestamp_ns=3982746834221 event=SEND state=ESTABLISHED seq=518853788 ack=1946715251 snd_una=518803432 snd_nxt=518853788 rcv_nxt=1946715251 rwnd=65535 recv_used=0 right_edge=518868967 flight=50356 sample_rtt=NA srtt=0.043080 rttvar=0.000032 rto=1.000000 retransmitted=0 dupack=0
timestamp_ns=3982746836035 event=SEND state=ESTABLISHED seq=518855168 ack=1946715251 snd_una=518803432 snd_nxt=518855168 rcv_nxt=1946715251 rwnd=65535 recv_used=0 right_edge=518868967 flight=51736 sample_rtt=NA srtt=0.043080 rttvar=0.000032 rto=1.000000 retransmitted=0 dupack=0
timestamp_ns=3982746837898 event=SEND state=ESTABLISHED seq=518856548 ack=1946715251 snd_una=518803432 snd_nxt=518856548 rcv_nxt=1946715251 rwnd=65535 recv_used=0 right_edge=518868967 flight=53116 sample_rtt=NA srtt=0.043080 rttvar=0.000032 rto=1.000000 retransmitted=0 dupack=0
timestamp_ns=3982746858688 event=SEND state=ESTABLISHED seq=518857928 ack=1946715251 snd_una=518803432 snd_nxt=518857928 rcv_nxt=1946715251 rwnd=65535 recv_used=0 right_edge=518868967 flight=54496 sample_rtt=NA srtt=0.043080 rttvar=0.000032 rto=1.000000 retransmitted=0 dupack=0
timestamp_ns=3982746860501 event=SEND state=ESTABLISHED seq=518859308 ack=1946715251 snd_una=518803432 snd_nxt=518859308 rcv_nxt=1946715251 rwnd=65535 recv_used=0 right_edge=518868967 flight=55876 sample_rtt=NA srtt=0.043080 rttvar=0.000032 rto=1.000000 retransmitted=0 dupack=0
timestamp_ns=3982746862275 event=SEND state=ESTABLISHED seq=518860688 ack=1946715251 snd_una=518803432 snd_nxt=518860688 rcv_nxt=1946715251 rwnd=65535 recv_used=0 right_edge=518868967 flight=57256 sample_rtt=NA srtt=0.043080 rttvar=0.000032 rto=1.000000 retransmitted=0 dupack=0
timestamp_ns=3982746896820 event=SEND state=ESTABLISHED seq=518862068 ack=1946715251 snd_una=518803432 snd_nxt=518862068 rcv_nxt=1946715251 rwnd=65535 recv_used=0 right_edge=518868967 flight=58636 sample_rtt=NA srtt=0.043080 rttvar=0.000032 rto=1.000000 retransmitted=0 dupack=0
timestamp_ns=3982746906849 event=SEND state=ESTABLISHED seq=518863448 ack=1946715251 snd_una=518803432 snd_nxt=518863448 rcv_nxt=1946715251 rwnd=65535 recv_used=0 right_edge=518868967 flight=60016 sample_rtt=NA srtt=0.043080 rttvar=0.000032 rto=1.000000 retransmitted=0 dupack=0
timestamp_ns=3982746909224 event=SEND state=ESTABLISHED seq=518864828 ack=1946715251 snd_una=518803432 snd_nxt=518864828 rcv_nxt=1946715251 rwnd=65535 recv_used=0 right_edge=518868967 flight=61396 sample_rtt=NA srtt=0.043080 rttvar=0.000032 rto=1.000000 retransmitted=0 dupack=0
timestamp_ns=3982746911498 event=SEND state=ESTABLISHED seq=518866208 ack=1946715251 snd_una=518803432 snd_nxt=518866208 rcv_nxt=1946715251 rwnd=65535 recv_used=0 right_edge=518868967 flight=62776 sample_rtt=NA srtt=0.043080 rttvar=0.000032 rto=1.000000 retransmitted=0 dupack=0
timestamp_ns=3982746913311 event=ACK_ADVANCE state=ESTABLISHED seq=518867588 ack=518803432 snd_una=518803432 snd_nxt=518867588 rcv_nxt=1946715251 rwnd=65535 recv_used=0 right_edge=518868967 flight=64156 sample_rtt=NA srtt=0.043080 rttvar=0.000032 rto=1.000000 retransmitted=0 dupack=0
timestamp_ns=3982790287117 event=RECEIVE state=ESTABLISHED seq=1946715251 ack=518803432 snd_una=518803432 snd_nxt=518867588 rcv_nxt=1946715251 rwnd=65535 recv_used=0 right_edge=518868967 flight=64156 sample_rtt=NA srtt=0.043080 rttvar=0.000032 rto=1.000000 retransmitted=0 dupack=0
timestamp_ns=3982790303969 event=RECEIVE state=ESTABLISHED seq=1946715251 ack=518803432 snd_una=518803432 snd_nxt=518867588 rcv_nxt=1946715251 rwnd=65535 recv_used=0 right_edge=518868967 flight=64156 sample_rtt=NA srtt=0.043080 rttvar=0.000032 rto=1.000000 retransmitted=0 dupack=1
timestamp_ns=3982790305722 event=RECEIVE state=ESTABLISHED seq=1946715251 ack=518803432 snd_una=518803432 snd_nxt=518867588 rcv_nxt=1946715251 rwnd=65535 recv_used=0 right_edge=518868967 flight=64156 sample_rtt=NA srtt=0.043080 rttvar=0.000032 rto=1.000000 retransmitted=0 dupack=2
timestamp_ns=3982790310681 event=RETRANSMIT state=ESTABLISHED seq=518803432 ack=1946715251 snd_una=518803432 snd_nxt=518867588 rcv_nxt=1946715251 rwnd=65535 recv_used=0 right_edge=518868967 flight=64156 sample_rtt=NA srtt=0.043080 rttvar=0.000032 rto=1.000000 retransmitted=1 dupack=3
timestamp_ns=3982790343333 event=FAST_RETRANSMIT state=ESTABLISHED seq=518803432 ack=518803432 snd_una=518803432 snd_nxt=518867588 rcv_nxt=1946715251 rwnd=65535 recv_used=0 right_edge=518868967 flight=64156 sample_rtt=NA srtt=0.043080 rttvar=0.000032 rto=1.000000 retransmitted=1 dupack=3
timestamp_ns=3982790348593 event=RECEIVE state=ESTABLISHED seq=1946715251 ack=518803432 snd_una=518803432 snd_nxt=518867588 rcv_nxt=1946715251 rwnd=65535 recv_used=0 right_edge=518868967 flight=64156 sample_rtt=NA srtt=0.043080 rttvar=0.000032 rto=1.000000 retransmitted=0 dupack=3
timestamp_ns=3982790349695 event=RECEIVE state=ESTABLISHED seq=1946715251 ack=518803432 snd_una=518803432 snd_nxt=518867588 rcv_nxt=1946715251 rwnd=65535 recv_used=0 right_edge=518868967 flight=64156 sample_rtt=NA srtt=0.043080 rttvar=0.000032 rto=1.000000 retransmitted=0 dupack=4
timestamp_ns=3982790418716 event=RECEIVE state=ESTABLISHED seq=1946715251 ack=518803432 snd_una=518803432 snd_nxt=518867588 rcv_nxt=1946715251 rwnd=65535 recv_used=0 right_edge=518868967 flight=64156 sample_rtt=NA srtt=0.043080 rttvar=0.000032 rto=1.000000 retransmitted=0 dupack=5
timestamp_ns=3982790420049 event=RECEIVE state=ESTABLISHED seq=1946715251 ack=518803432 snd_una=518803432 snd_nxt=518867588 rcv_nxt=1946715251 rwnd=65535 recv_used=0 right_edge=518868967 flight=64156 sample_rtt=NA srtt=0.043080 rttvar=0.000032 rto=1.000000 retransmitted=0 dupack=6
timestamp_ns=3982790421061 event=RECEIVE state=ESTABLISHED seq=1946715251 ack=518803432 snd_una=518803432 snd_nxt=518867588 rcv_nxt=1946715251 rwnd=65535 recv_used=0 right_edge=518868967 flight=64156 sample_rtt=NA srtt=0.043080 rttvar=0.000032 rto=1.000000 retransmitted=0 dupack=7
timestamp_ns=3982790422042 event=RECEIVE state=ESTABLISHED seq=1946715251 ack=518803432 snd_una=518803432 snd_nxt=518867588 rcv_nxt=1946715251 rwnd=65535 recv_used=0 right_edge=518868967 flight=64156 sample_rtt=NA srtt=0.043080 rttvar=0.000032 rto=1.000000 retransmitted=0 dupack=8
timestamp_ns=3982790423145 event=RECEIVE state=ESTABLISHED seq=1946715251 ack=518803432 snd_una=518803432 snd_nxt=518867588 rcv_nxt=1946715251 rwnd=65535 recv_used=0 right_edge=518868967 flight=64156 sample_rtt=NA srtt=0.043080 rttvar=0.000032 rto=1.000000 retransmitted=0 dupack=9
timestamp_ns=3982790424136 event=RECEIVE state=ESTABLISHED seq=1946715251 ack=518803432 snd_una=518803432 snd_nxt=518867588 rcv_nxt=1946715251 rwnd=65535 recv_used=0 right_edge=518868967 flight=64156 sample_rtt=NA srtt=0.043080 rttvar=0.000032 rto=1.000000 retransmitted=0 dupack=10
timestamp_ns=3982790425118 event=RECEIVE state=ESTABLISHED seq=1946715251 ack=518803432 snd_una=518803432 snd_nxt=518867588 rcv_nxt=1946715251 rwnd=65535 recv_used=0 right_edge=518868967 flight=64156 sample_rtt=NA srtt=0.043080 rttvar=0.000032 rto=1.000000 retransmitted=0 dupack=11
timestamp_ns=3982790426090 event=RECEIVE state=ESTABLISHED seq=1946715251 ack=518803432 snd_una=518803432 snd_nxt=518867588 rcv_nxt=1946715251 rwnd=65535 recv_used=0 right_edge=518868967 flight=64156 sample_rtt=NA srtt=0.043080 rttvar=0.000032 rto=1.000000 retransmitted=0 dupack=12
timestamp_ns=3982790427022 event=RECEIVE state=ESTABLISHED seq=1946715251 ack=518803432 snd_una=518803432 snd_nxt=518867588 rcv_nxt=1946715251 rwnd=65535 recv_used=0 right_edge=518868967 flight=64156 sample_rtt=NA srtt=0.043080 rttvar=0.000032 rto=1.000000 retransmitted=0 dupack=13
timestamp_ns=3982790427964 event=RECEIVE state=ESTABLISHED seq=1946715251 ack=518803432 snd_una=518803432 snd_nxt=518867588 rcv_nxt=1946715251 rwnd=65535 recv_used=0 right_edge=518868967 flight=64156 sample_rtt=NA srtt=0.043080 rttvar=0.000032 rto=1.000000 retransmitted=0 dupack=14
timestamp_ns=3982790428926 event=RECEIVE state=ESTABLISHED seq=1946715251 ack=518803432 snd_una=518803432 snd_nxt=518867588 rcv_nxt=1946715251 rwnd=65535 recv_used=0 right_edge=518868967 flight=64156 sample_rtt=NA srtt=0.043080 rttvar=0.000032 rto=1.000000 retransmitted=0 dupack=15
timestamp_ns=3982790430098 event=RECEIVE state=ESTABLISHED seq=1946715251 ack=518803432 snd_una=518803432 snd_nxt=518867588 rcv_nxt=1946715251 rwnd=65535 recv_used=0 right_edge=518868967 flight=64156 sample_rtt=NA srtt=0.043080 rttvar=0.000032 rto=1.000000 retransmitted=0 dupack=16
timestamp_ns=3982832598946 event=RECEIVE state=ESTABLISHED seq=1946715251 ack=518824808 snd_una=518803432 snd_nxt=518867588 rcv_nxt=1946715251 rwnd=65535 recv_used=0 right_edge=518868967 flight=64156 sample_rtt=NA srtt=0.043080 rttvar=0.000032 rto=1.000000 retransmitted=0 dupack=17
timestamp_ns=3982832634604 event=SEND state=ESTABLISHED seq=518867588 ack=1946715251 snd_una=518824808 snd_nxt=518867588 rcv_nxt=1946715251 rwnd=65535 recv_used=0 right_edge=518890343 flight=42780 sample_rtt=NA srtt=0.043080 rttvar=0.000032 rto=1.000000 retransmitted=0 dupack=0
timestamp_ns=3982832689698 event=SEND state=ESTABLISHED seq=518868968 ack=1946715251 snd_una=518824808 snd_nxt=518868968 rcv_nxt=1946715251 rwnd=65535 recv_used=0 right_edge=518890343 flight=44160 sample_rtt=NA srtt=0.043080 rttvar=0.000032 rto=1.000000 retransmitted=0 dupack=0
timestamp_ns=3982832692654 event=SEND state=ESTABLISHED seq=518870348 ack=1946715251 snd_una=518824808 snd_nxt=518870348 rcv_nxt=1946715251 rwnd=65535 recv_used=0 right_edge=518890343 flight=45540 sample_rtt=NA srtt=0.043080 rttvar=0.000032 rto=1.000000 retransmitted=0 dupack=0
timestamp_ns=3982832694698 event=SEND state=ESTABLISHED seq=518871024 ack=1946715251 snd_una=518824808 snd_nxt=518871024 rcv_nxt=1946715251 rwnd=65535 recv_used=0 right_edge=518890343 flight=46216 sample_rtt=NA srtt=0.043080 rttvar=0.000032 rto=1.000000 retransmitted=0 dupack=0
timestamp_ns=3982832696842 event=SEND state=ESTABLISHED seq=518872404 ack=1946715251 snd_una=518824808 snd_nxt=518872404 rcv_nxt=1946715251 rwnd=65535 recv_used=0 right_edge=518890343 flight=47596 sample_rtt=NA srtt=0.043080 rttvar=0.000032 rto=1.000000 retransmitted=0 dupack=0
timestamp_ns=3982832698996 event=SEND state=ESTABLISHED seq=518873784 ack=1946715251 snd_una=518824808 snd_nxt=518873784 rcv_nxt=1946715251 rwnd=65535 recv_used=0 right_edge=518890343 flight=48976 sample_rtt=NA srtt=0.043080 rttvar=0.000032 rto=1.000000 retransmitted=0 dupack=0
timestamp_ns=3982832700789 event=SEND state=ESTABLISHED seq=518875164 ack=1946715251 snd_una=518824808 snd_nxt=518875164 rcv_nxt=1946715251 rwnd=65535 recv_used=0 right_edge=518890343 flight=50356 sample_rtt=NA srtt=0.043080 rttvar=0.000032 rto=1.000000 retransmitted=0 dupack=0
timestamp_ns=3982832704066 event=SEND state=ESTABLISHED seq=518876544 ack=1946715251 snd_una=518824808 snd_nxt=518876544 rcv_nxt=1946715251 rwnd=65535 recv_used=0 right_edge=518890343 flight=51736 sample_rtt=NA srtt=0.043080 rttvar=0.000032 rto=1.000000 retransmitted=0 dupack=0
timestamp_ns=3982832706330 event=SEND state=ESTABLISHED seq=518877924 ack=1946715251 snd_una=518824808 snd_nxt=518877924 rcv_nxt=1946715251 rwnd=65535 recv_used=0 right_edge=518890343 flight=53116 sample_rtt=NA srtt=0.043080 rttvar=0.000032 rto=1.000000 retransmitted=0 dupack=0
timestamp_ns=3982832708063 event=SEND state=ESTABLISHED seq=518879304 ack=1946715251 snd_una=518824808 snd_nxt=518879304 rcv_nxt=1946715251 rwnd=65535 recv_used=0 right_edge=518890343 flight=54496 sample_rtt=NA srtt=0.043080 rttvar=0.000032 rto=1.000000 retransmitted=0 dupack=0
timestamp_ns=3982832710267 event=SEND state=ESTABLISHED seq=518880684 ack=1946715251 snd_una=518824808 snd_nxt=518880684 rcv_nxt=1946715251 rwnd=65535 recv_used=0 right_edge=518890343 flight=55876 sample_rtt=NA srtt=0.043080 rttvar=0.000032 rto=1.000000 retransmitted=0 dupack=0
timestamp_ns=3982832712331 event=SEND state=ESTABLISHED seq=518882064 ack=1946715251 snd_una=518824808 snd_nxt=518882064 rcv_nxt=1946715251 rwnd=65535 recv_used=0 right_edge=518890343 flight=57256 sample_rtt=NA srtt=0.043080 rttvar=0.000032 rto=1.000000 retransmitted=0 dupack=0
timestamp_ns=3982832714145 event=SEND state=ESTABLISHED seq=518883444 ack=1946715251 snd_una=518824808 snd_nxt=518883444 rcv_nxt=1946715251 rwnd=65535 recv_used=0 right_edge=518890343 flight=58636 sample_rtt=NA srtt=0.043080 rttvar=0.000032 rto=1.000000 retransmitted=0 dupack=0
timestamp_ns=3982832716389 event=SEND state=ESTABLISHED seq=518884824 ack=1946715251 snd_una=518824808 snd_nxt=518884824 rcv_nxt=1946715251 rwnd=65535 recv_used=0 right_edge=518890343 flight=60016 sample_rtt=NA srtt=0.043080 rttvar=0.000032 rto=1.000000 retransmitted=0 dupack=0
timestamp_ns=3982832718192 event=SEND state=ESTABLISHED seq=518886204 ack=1946715251 snd_una=518824808 snd_nxt=518886204 rcv_nxt=1946715251 rwnd=65535 recv_used=0 right_edge=518890343 flight=61396 sample_rtt=NA srtt=0.043080 rttvar=0.000032 rto=1.000000 retransmitted=0 dupack=0
timestamp_ns=3982832720136 event=SEND state=ESTABLISHED seq=518887584 ack=1946715251 snd_una=518824808 snd_nxt=518887584 rcv_nxt=1946715251 rwnd=65535 recv_used=0 right_edge=518890343 flight=62776 sample_rtt=NA srtt=0.043080 rttvar=0.000032 rto=1.000000 retransmitted=0 dupack=0
timestamp_ns=3982832723993 event=ACK_ADVANCE state=ESTABLISHED seq=518888964 ack=518824808 snd_una=518824808 snd_nxt=518888964 rcv_nxt=1946715251 rwnd=65535 recv_used=0 right_edge=518890343 flight=64156 sample_rtt=NA srtt=0.043080 rttvar=0.000032 rto=1.000000 retransmitted=0 dupack=0
timestamp_ns=3982875746425 event=RECEIVE state=ESTABLISHED seq=1946715251 ack=518824808 snd_una=518824808 snd_nxt=518888964 rcv_nxt=1946715251 rwnd=65535 recv_used=0 right_edge=518890343 flight=64156 sample_rtt=NA srtt=0.043080 rttvar=0.000032 rto=1.000000 retransmitted=0 dupack=0
timestamp_ns=3982875757035 event=RECEIVE state=ESTABLISHED seq=1946715251 ack=518824808 snd_una=518824808 snd_nxt=518888964 rcv_nxt=1946715251 rwnd=65535 recv_used=0 right_edge=518890343 flight=64156 sample_rtt=NA srtt=0.043080 rttvar=0.000032 rto=1.000000 retransmitted=0 dupack=1
timestamp_ns=3982875758799 event=RECEIVE state=ESTABLISHED seq=1946715251 ack=518824808 snd_una=518824808 snd_nxt=518888964 rcv_nxt=1946715251 rwnd=65535 recv_used=0 right_edge=518890343 flight=64156 sample_rtt=NA srtt=0.043080 rttvar=0.000032 rto=1.000000 retransmitted=0 dupack=2
timestamp_ns=3982875762175 event=RETRANSMIT state=ESTABLISHED seq=518824808 ack=1946715251 snd_una=518824808 snd_nxt=518888964 rcv_nxt=1946715251 rwnd=65535 recv_used=0 right_edge=518890343 flight=64156 sample_rtt=NA srtt=0.043080 rttvar=0.000032 rto=1.000000 retransmitted=1 dupack=3
timestamp_ns=3982875786682 event=FAST_RETRANSMIT state=ESTABLISHED seq=518824808 ack=518824808 snd_una=518824808 snd_nxt=518888964 rcv_nxt=1946715251 rwnd=65535 recv_used=0 right_edge=518890343 flight=64156 sample_rtt=NA srtt=0.043080 rttvar=0.000032 rto=1.000000 retransmitted=1 dupack=3
timestamp_ns=3982875792002 event=RECEIVE state=ESTABLISHED seq=1946715251 ack=518824808 snd_una=518824808 snd_nxt=518888964 rcv_nxt=1946715251 rwnd=65535 recv_used=0 right_edge=518890343 flight=64156 sample_rtt=NA srtt=0.043080 rttvar=0.000032 rto=1.000000 retransmitted=0 dupack=3
timestamp_ns=3982875793074 event=RECEIVE state=ESTABLISHED seq=1946715251 ack=518824808 snd_una=518824808 snd_nxt=518888964 rcv_nxt=1946715251 rwnd=65535 recv_used=0 right_edge=518890343 flight=64156 sample_rtt=NA srtt=0.043080 rttvar=0.000032 rto=1.000000 retransmitted=0 dupack=4
timestamp_ns=3982875794046 event=RECEIVE state=ESTABLISHED seq=1946715251 ack=518824808 snd_una=518824808 snd_nxt=518888964 rcv_nxt=1946715251 rwnd=65535 recv_used=0 right_edge=518890343 flight=64156 sample_rtt=NA srtt=0.043080 rttvar=0.000032 rto=1.000000 retransmitted=0 dupack=5
timestamp_ns=3982875795007 event=RECEIVE state=ESTABLISHED seq=1946715251 ack=518824808 snd_una=518824808 snd_nxt=518888964 rcv_nxt=1946715251 rwnd=65535 recv_used=0 right_edge=518890343 flight=64156 sample_rtt=NA srtt=0.043080 rttvar=0.000032 rto=1.000000 retransmitted=0 dupack=6
timestamp_ns=3982875795959 event=RECEIVE state=ESTABLISHED seq=1946715251 ack=518824808 snd_una=518824808 snd_nxt=518888964 rcv_nxt=1946715251 rwnd=65535 recv_used=0 right_edge=518890343 flight=64156 sample_rtt=NA srtt=0.043080 rttvar=0.000032 rto=1.000000 retransmitted=0 dupack=7
timestamp_ns=3982875796951 event=RECEIVE state=ESTABLISHED seq=1946715251 ack=518824808 snd_una=518824808 snd_nxt=518888964 rcv_nxt=1946715251 rwnd=65535 recv_used=0 right_edge=518890343 flight=64156 sample_rtt=NA srtt=0.043080 rttvar=0.000032 rto=1.000000 retransmitted=0 dupack=8
timestamp_ns=3982875797893 event=RECEIVE state=ESTABLISHED seq=1946715251 ack=518824808 snd_una=518824808 snd_nxt=518888964 rcv_nxt=1946715251 rwnd=65535 recv_used=0 right_edge=518890343 flight=64156 sample_rtt=NA srtt=0.043080 rttvar=0.000032 rto=1.000000 retransmitted=0 dupack=9
timestamp_ns=3982875798845 event=RECEIVE state=ESTABLISHED seq=1946715251 ack=518824808 snd_una=518824808 snd_nxt=518888964 rcv_nxt=1946715251 rwnd=65535 recv_used=0 right_edge=518890343 flight=64156 sample_rtt=NA srtt=0.043080 rttvar=0.000032 rto=1.000000 retransmitted=0 dupack=10
timestamp_ns=3982875820546 event=RECEIVE state=ESTABLISHED seq=1946715251 ack=518824808 snd_una=518824808 snd_nxt=518888964 rcv_nxt=1946715251 rwnd=65535 recv_used=0 right_edge=518890343 flight=64156 sample_rtt=NA srtt=0.043080 rttvar=0.000032 rto=1.000000 retransmitted=0 dupack=11
timestamp_ns=3982875821538 event=RECEIVE state=ESTABLISHED seq=1946715251 ack=518824808 snd_una=518824808 snd_nxt=518888964 rcv_nxt=1946715251 rwnd=65535 recv_used=0 right_edge=518890343 flight=64156 sample_rtt=NA srtt=0.043080 rttvar=0.000032 rto=1.000000 retransmitted=0 dupack=12
timestamp_ns=3982875822550 event=RECEIVE state=ESTABLISHED seq=1946715251 ack=518824808 snd_una=518824808 snd_nxt=518888964 rcv_nxt=1946715251 rwnd=65535 recv_used=0 right_edge=518890343 flight=64156 sample_rtt=NA srtt=0.043080 rttvar=0.000032 rto=1.000000 retransmitted=0 dupack=13
timestamp_ns=3982875823692 event=RECEIVE state=ESTABLISHED seq=1946715251 ack=518824808 snd_una=518824808 snd_nxt=518888964 rcv_nxt=1946715251 rwnd=65535 recv_used=0 right_edge=518890343 flight=64156 sample_rtt=NA srtt=0.043080 rttvar=0.000032 rto=1.000000 retransmitted=0 dupack=14
timestamp_ns=3982918331432 event=RECEIVE state=ESTABLISHED seq=1946715251 ack=518826188 snd_una=518824808 snd_nxt=518888964 rcv_nxt=1946715251 rwnd=65535 recv_used=0 right_edge=518890343 flight=64156 sample_rtt=NA srtt=0.043080 rttvar=0.000032 rto=1.000000 retransmitted=0 dupack=15
timestamp_ns=3982918354206 event=SEND state=ESTABLISHED seq=518888964 ack=1946715251 snd_una=518826188 snd_nxt=518888964 rcv_nxt=1946715251 rwnd=65535 recv_used=0 right_edge=518891723 flight=62776 sample_rtt=NA srtt=0.043080 rttvar=0.000032 rto=1.000000 retransmitted=0 dupack=0
timestamp_ns=3982918368773 event=ACK_ADVANCE state=ESTABLISHED seq=518890344 ack=518826188 snd_una=518826188 snd_nxt=518890344 rcv_nxt=1946715251 rwnd=65535 recv_used=0 right_edge=518891723 flight=64156 sample_rtt=NA srtt=0.043080 rttvar=0.000032 rto=1.000000 retransmitted=0 dupack=0
timestamp_ns=3982960654729 event=RECEIVE state=ESTABLISHED seq=1946715251 ack=518826188 snd_una=518826188 snd_nxt=518890344 rcv_nxt=1946715251 rwnd=65535 recv_used=0 right_edge=518891723 flight=64156 sample_rtt=NA srtt=0.043080 rttvar=0.000032 rto=1.000000 retransmitted=0 dupack=0
timestamp_ns=3983662102545 event=RETRANSMIT state=ESTABLISHED seq=518826188 ack=1946715251 snd_una=518826188 snd_nxt=518890344 rcv_nxt=1946715251 rwnd=65535 recv_used=0 right_edge=518891723 flight=64156 sample_rtt=NA srtt=0.043080 rttvar=0.000032 rto=1.000000 retransmitted=1 dupack=1
timestamp_ns=3983662170213 event=RTO_FIRE state=ESTABLISHED seq=518826188 ack=1946715251 snd_una=518826188 snd_nxt=518890344 rcv_nxt=1946715251 rwnd=65535 recv_used=0 right_edge=518891723 flight=64156 sample_rtt=NA srtt=0.043080 rttvar=0.000032 rto=2.000000 retransmitted=1 dupack=1
timestamp_ns=3983704886599 event=RECEIVE state=ESTABLISHED seq=1946715251 ack=518876544 snd_una=518826188 snd_nxt=518890344 rcv_nxt=1946715251 rwnd=65535 recv_used=0 right_edge=518891723 flight=64156 sample_rtt=NA srtt=0.043080 rttvar=0.000032 rto=2.000000 retransmitted=0 dupack=1
timestamp_ns=3983704924671 event=SEND state=ESTABLISHED seq=518890344 ack=1946715251 snd_una=518876544 snd_nxt=518890344 rcv_nxt=1946715251 rwnd=65535 recv_used=0 right_edge=518942079 flight=13800 sample_rtt=NA srtt=0.043080 rttvar=0.000032 rto=2.000000 retransmitted=0 dupack=0
timestamp_ns=3983704946503 event=SEND state=ESTABLISHED seq=518891724 ack=1946715251 snd_una=518876544 snd_nxt=518891724 rcv_nxt=1946715251 rwnd=65535 recv_used=0 right_edge=518942079 flight=15180 sample_rtt=NA srtt=0.043080 rttvar=0.000032 rto=2.000000 retransmitted=0 dupack=0
timestamp_ns=3983704950350 event=SEND state=ESTABLISHED seq=518893104 ack=1946715251 snd_una=518876544 snd_nxt=518893104 rcv_nxt=1946715251 rwnd=65535 recv_used=0 right_edge=518942079 flight=16560 sample_rtt=NA srtt=0.043080 rttvar=0.000032 rto=2.000000 retransmitted=0 dupack=0
timestamp_ns=3983704952614 event=SEND state=ESTABLISHED seq=518894484 ack=1946715251 snd_una=518876544 snd_nxt=518894484 rcv_nxt=1946715251 rwnd=65535 recv_used=0 right_edge=518942079 flight=17940 sample_rtt=NA srtt=0.043080 rttvar=0.000032 rto=2.000000 retransmitted=0 dupack=0
timestamp_ns=3983704999002 event=SEND state=ESTABLISHED seq=518895864 ack=1946715251 snd_una=518876544 snd_nxt=518895864 rcv_nxt=1946715251 rwnd=65535 recv_used=0 right_edge=518942079 flight=19320 sample_rtt=NA srtt=0.043080 rttvar=0.000032 rto=2.000000 retransmitted=0 dupack=0
timestamp_ns=3983705001066 event=SEND state=ESTABLISHED seq=518897244 ack=1946715251 snd_una=518876544 snd_nxt=518897244 rcv_nxt=1946715251 rwnd=65535 recv_used=0 right_edge=518942079 flight=20700 sample_rtt=NA srtt=0.043080 rttvar=0.000032 rto=2.000000 retransmitted=0 dupack=0
timestamp_ns=3983705003020 event=SEND state=ESTABLISHED seq=518898624 ack=1946715251 snd_una=518876544 snd_nxt=518898624 rcv_nxt=1946715251 rwnd=65535 recv_used=0 right_edge=518942079 flight=22080 sample_rtt=NA srtt=0.043080 rttvar=0.000032 rto=2.000000 retransmitted=0 dupack=0
timestamp_ns=3983705004853 event=SEND state=ESTABLISHED seq=518900004 ack=1946715251 snd_una=518876544 snd_nxt=518900004 rcv_nxt=1946715251 rwnd=65535 recv_used=0 right_edge=518942079 flight=23460 sample_rtt=NA srtt=0.043080 rttvar=0.000032 rto=2.000000 retransmitted=0 dupack=0
timestamp_ns=3983705006847 event=SEND state=ESTABLISHED seq=518901384 ack=1946715251 snd_una=518876544 snd_nxt=518901384 rcv_nxt=1946715251 rwnd=65535 recv_used=0 right_edge=518942079 flight=24840 sample_rtt=NA srtt=0.043080 rttvar=0.000032 rto=2.000000 retransmitted=0 dupack=0
timestamp_ns=3983705009222 event=SEND state=ESTABLISHED seq=518902764 ack=1946715251 snd_una=518876544 snd_nxt=518902764 rcv_nxt=1946715251 rwnd=65535 recv_used=0 right_edge=518942079 flight=26220 sample_rtt=NA srtt=0.043080 rttvar=0.000032 rto=2.000000 retransmitted=0 dupack=0
timestamp_ns=3983705011867 event=SEND state=ESTABLISHED seq=518904144 ack=1946715251 snd_una=518876544 snd_nxt=518904144 rcv_nxt=1946715251 rwnd=65535 recv_used=0 right_edge=518942079 flight=27600 sample_rtt=NA srtt=0.043080 rttvar=0.000032 rto=2.000000 retransmitted=0 dupack=0
timestamp_ns=3983705015433 event=SEND state=ESTABLISHED seq=518905524 ack=1946715251 snd_una=518876544 snd_nxt=518905524 rcv_nxt=1946715251 rwnd=65535 recv_used=0 right_edge=518942079 flight=28980 sample_rtt=NA srtt=0.043080 rttvar=0.000032 rto=2.000000 retransmitted=0 dupack=0
timestamp_ns=3983705018449 event=SEND state=ESTABLISHED seq=518906904 ack=1946715251 snd_una=518876544 snd_nxt=518906904 rcv_nxt=1946715251 rwnd=65535 recv_used=0 right_edge=518942079 flight=30360 sample_rtt=NA srtt=0.043080 rttvar=0.000032 rto=2.000000 retransmitted=0 dupack=0
timestamp_ns=3983705021164 event=SEND state=ESTABLISHED seq=518908284 ack=1946715251 snd_una=518876544 snd_nxt=518908284 rcv_nxt=1946715251 rwnd=65535 recv_used=0 right_edge=518942079 flight=31740 sample_rtt=NA srtt=0.043080 rttvar=0.000032 rto=2.000000 retransmitted=0 dupack=0
timestamp_ns=3983705023649 event=SEND state=ESTABLISHED seq=518909664 ack=1946715251 snd_una=518876544 snd_nxt=518909664 rcv_nxt=1946715251 rwnd=65535 recv_used=0 right_edge=518942079 flight=33120 sample_rtt=NA srtt=0.043080 rttvar=0.000032 rto=2.000000 retransmitted=0 dupack=0
timestamp_ns=3983705026334 event=SEND state=ESTABLISHED seq=518911044 ack=1946715251 snd_una=518876544 snd_nxt=518911044 rcv_nxt=1946715251 rwnd=65535 recv_used=0 right_edge=518942079 flight=34500 sample_rtt=NA srtt=0.043080 rttvar=0.000032 rto=2.000000 retransmitted=0 dupack=0
timestamp_ns=3983705029510 event=SEND state=ESTABLISHED seq=518912424 ack=1946715251 snd_una=518876544 snd_nxt=518912424 rcv_nxt=1946715251 rwnd=65535 recv_used=0 right_edge=518942079 flight=35880 sample_rtt=NA srtt=0.043080 rttvar=0.000032 rto=2.000000 retransmitted=0 dupack=0
timestamp_ns=3983705033367 event=SEND state=ESTABLISHED seq=518913804 ack=1946715251 snd_una=518876544 snd_nxt=518913804 rcv_nxt=1946715251 rwnd=65535 recv_used=0 right_edge=518942079 flight=37260 sample_rtt=NA srtt=0.043080 rttvar=0.000032 rto=2.000000 retransmitted=0 dupack=0
timestamp_ns=3983705037916 event=SEND state=ESTABLISHED seq=518915184 ack=1946715251 snd_una=518876544 snd_nxt=518915184 rcv_nxt=1946715251 rwnd=65535 recv_used=0 right_edge=518942079 flight=38640 sample_rtt=NA srtt=0.043080 rttvar=0.000032 rto=2.000000 retransmitted=0 dupack=0
timestamp_ns=3983705040070 event=SEND state=ESTABLISHED seq=518916564 ack=1946715251 snd_una=518876544 snd_nxt=518916564 rcv_nxt=1946715251 rwnd=65535 recv_used=0 right_edge=518942079 flight=40020 sample_rtt=NA srtt=0.043080 rttvar=0.000032 rto=2.000000 retransmitted=0 dupack=0
timestamp_ns=3983705042014 event=SEND state=ESTABLISHED seq=518917944 ack=1946715251 snd_una=518876544 snd_nxt=518917944 rcv_nxt=1946715251 rwnd=65535 recv_used=0 right_edge=518942079 flight=41400 sample_rtt=NA srtt=0.043080 rttvar=0.000032 rto=2.000000 retransmitted=0 dupack=0
timestamp_ns=3983705043947 event=SEND state=ESTABLISHED seq=518919324 ack=1946715251 snd_una=518876544 snd_nxt=518919324 rcv_nxt=1946715251 rwnd=65535 recv_used=0 right_edge=518942079 flight=42780 sample_rtt=NA srtt=0.043080 rttvar=0.000032 rto=2.000000 retransmitted=0 dupack=0
timestamp_ns=3983705045821 event=SEND state=ESTABLISHED seq=518920704 ack=1946715251 snd_una=518876544 snd_nxt=518920704 rcv_nxt=1946715251 rwnd=65535 recv_used=0 right_edge=518942079 flight=44160 sample_rtt=NA srtt=0.043080 rttvar=0.000032 rto=2.000000 retransmitted=0 dupack=0
timestamp_ns=3983705048706 event=SEND state=ESTABLISHED seq=518922084 ack=1946715251 snd_una=518876544 snd_nxt=518922084 rcv_nxt=1946715251 rwnd=65535 recv_used=0 right_edge=518942079 flight=45540 sample_rtt=NA srtt=0.043080 rttvar=0.000032 rto=2.000000 retransmitted=0 dupack=0
timestamp_ns=3983705050670 event=SEND state=ESTABLISHED seq=518923464 ack=1946715251 snd_una=518876544 snd_nxt=518923464 rcv_nxt=1946715251 rwnd=65535 recv_used=0 right_edge=518942079 flight=46920 sample_rtt=NA srtt=0.043080 rttvar=0.000032 rto=2.000000 retransmitted=0 dupack=0
timestamp_ns=3983705052634 event=SEND state=ESTABLISHED seq=518924844 ack=1946715251 snd_una=518876544 snd_nxt=518924844 rcv_nxt=1946715251 rwnd=65535 recv_used=0 right_edge=518942079 flight=48300 sample_rtt=NA srtt=0.043080 rttvar=0.000032 rto=2.000000 retransmitted=0 dupack=0
timestamp_ns=3983705054447 event=SEND state=ESTABLISHED seq=518926224 ack=1946715251 snd_una=518876544 snd_nxt=518926224 rcv_nxt=1946715251 rwnd=65535 recv_used=0 right_edge=518942079 flight=49680 sample_rtt=NA srtt=0.043080 rttvar=0.000032 rto=2.000000 retransmitted=0 dupack=0
timestamp_ns=3983705056812 event=SEND state=ESTABLISHED seq=518927604 ack=1946715251 snd_una=518876544 snd_nxt=518927604 rcv_nxt=1946715251 rwnd=65535 recv_used=0 right_edge=518942079 flight=51060 sample_rtt=NA srtt=0.043080 rttvar=0.000032 rto=2.000000 retransmitted=0 dupack=0
timestamp_ns=3983705058655 event=SEND state=ESTABLISHED seq=518928984 ack=1946715251 snd_una=518876544 snd_nxt=518928984 rcv_nxt=1946715251 rwnd=65535 recv_used=0 right_edge=518942079 flight=52440 sample_rtt=NA srtt=0.043080 rttvar=0.000032 rto=2.000000 retransmitted=0 dupack=0
timestamp_ns=3983705060469 event=SEND state=ESTABLISHED seq=518930364 ack=1946715251 snd_una=518876544 snd_nxt=518930364 rcv_nxt=1946715251 rwnd=65535 recv_used=0 right_edge=518942079 flight=53820 sample_rtt=NA srtt=0.043080 rttvar=0.000032 rto=2.000000 retransmitted=0 dupack=0
timestamp_ns=3983705062813 event=SEND state=ESTABLISHED seq=518931744 ack=1946715251 snd_una=518876544 snd_nxt=518931744 rcv_nxt=1946715251 rwnd=65535 recv_used=0 right_edge=518942079 flight=55200 sample_rtt=NA srtt=0.043080 rttvar=0.000032 rto=2.000000 retransmitted=0 dupack=0
timestamp_ns=3983705065328 event=SEND state=ESTABLISHED seq=518933124 ack=1946715251 snd_una=518876544 snd_nxt=518933124 rcv_nxt=1946715251 rwnd=65535 recv_used=0 right_edge=518942079 flight=56580 sample_rtt=NA srtt=0.043080 rttvar=0.000032 rto=2.000000 retransmitted=0 dupack=0
timestamp_ns=3983705067231 event=SEND state=ESTABLISHED seq=518934504 ack=1946715251 snd_una=518876544 snd_nxt=518934504 rcv_nxt=1946715251 rwnd=65535 recv_used=0 right_edge=518942079 flight=57960 sample_rtt=NA srtt=0.043080 rttvar=0.000032 rto=2.000000 retransmitted=0 dupack=0
timestamp_ns=3983705072221 event=SEND state=ESTABLISHED seq=518935884 ack=1946715251 snd_una=518876544 snd_nxt=518935884 rcv_nxt=1946715251 rwnd=65535 recv_used=0 right_edge=518942079 flight=59340 sample_rtt=NA srtt=0.043080 rttvar=0.000032 rto=2.000000 retransmitted=0 dupack=0
timestamp_ns=3983705074535 event=SEND state=ESTABLISHED seq=518936560 ack=1946715251 snd_una=518876544 snd_nxt=518936560 rcv_nxt=1946715251 rwnd=65535 recv_used=0 right_edge=518942079 flight=60016 sample_rtt=NA srtt=0.043080 rttvar=0.000032 rto=2.000000 retransmitted=0 dupack=0
timestamp_ns=3983705076920 event=SEND state=ESTABLISHED seq=518937940 ack=1946715251 snd_una=518876544 snd_nxt=518937940 rcv_nxt=1946715251 rwnd=65535 recv_used=0 right_edge=518942079 flight=61396 sample_rtt=NA srtt=0.043080 rttvar=0.000032 rto=2.000000 retransmitted=0 dupack=0
timestamp_ns=3983705079134 event=SEND state=ESTABLISHED seq=518939320 ack=1946715251 snd_una=518876544 snd_nxt=518939320 rcv_nxt=1946715251 rwnd=65535 recv_used=0 right_edge=518942079 flight=62776 sample_rtt=NA srtt=0.043080 rttvar=0.000032 rto=2.000000 retransmitted=0 dupack=0
timestamp_ns=3983705080847 event=ACK_ADVANCE state=ESTABLISHED seq=518940700 ack=518876544 snd_una=518876544 snd_nxt=518940700 rcv_nxt=1946715251 rwnd=65535 recv_used=0 right_edge=518942079 flight=64156 sample_rtt=NA srtt=0.043080 rttvar=0.000032 rto=2.000000 retransmitted=0 dupack=0
timestamp_ns=3983748978095 event=RECEIVE state=ESTABLISHED seq=1946715251 ack=518876544 snd_una=518876544 snd_nxt=518940700 rcv_nxt=1946715251 rwnd=65535 recv_used=0 right_edge=518942079 flight=64156 sample_rtt=NA srtt=0.043080 rttvar=0.000032 rto=2.000000 retransmitted=0 dupack=0
timestamp_ns=3983748995708 event=RECEIVE state=ESTABLISHED seq=1946715251 ack=518876544 snd_una=518876544 snd_nxt=518940700 rcv_nxt=1946715251 rwnd=65535 recv_used=0 right_edge=518942079 flight=64156 sample_rtt=NA srtt=0.043080 rttvar=0.000032 rto=2.000000 retransmitted=0 dupack=1
timestamp_ns=3983748997421 event=RECEIVE state=ESTABLISHED seq=1946715251 ack=518876544 snd_una=518876544 snd_nxt=518940700 rcv_nxt=1946715251 rwnd=65535 recv_used=0 right_edge=518942079 flight=64156 sample_rtt=NA srtt=0.043080 rttvar=0.000032 rto=2.000000 retransmitted=0 dupack=2
timestamp_ns=3983749002481 event=RETRANSMIT state=ESTABLISHED seq=518876544 ack=1946715251 snd_una=518876544 snd_nxt=518940700 rcv_nxt=1946715251 rwnd=65535 recv_used=0 right_edge=518942079 flight=64156 sample_rtt=NA srtt=0.043080 rttvar=0.000032 rto=2.000000 retransmitted=1 dupack=3
timestamp_ns=3983749038068 event=FAST_RETRANSMIT state=ESTABLISHED seq=518876544 ack=518876544 snd_una=518876544 snd_nxt=518940700 rcv_nxt=1946715251 rwnd=65535 recv_used=0 right_edge=518942079 flight=64156 sample_rtt=NA srtt=0.043080 rttvar=0.000032 rto=2.000000 retransmitted=1 dupack=3
timestamp_ns=3983749052736 event=RECEIVE state=ESTABLISHED seq=1946715251 ack=518876544 snd_una=518876544 snd_nxt=518940700 rcv_nxt=1946715251 rwnd=65535 recv_used=0 right_edge=518942079 flight=64156 sample_rtt=NA srtt=0.043080 rttvar=0.000032 rto=2.000000 retransmitted=0 dupack=3
timestamp_ns=3983749054910 event=RECEIVE state=ESTABLISHED seq=1946715251 ack=518876544 snd_una=518876544 snd_nxt=518940700 rcv_nxt=1946715251 rwnd=65535 recv_used=0 right_edge=518942079 flight=64156 sample_rtt=NA srtt=0.043080 rttvar=0.000032 rto=2.000000 retransmitted=0 dupack=4
timestamp_ns=3983749056413 event=RECEIVE state=ESTABLISHED seq=1946715251 ack=518876544 snd_una=518876544 snd_nxt=518940700 rcv_nxt=1946715251 rwnd=65535 recv_used=0 right_edge=518942079 flight=64156 sample_rtt=NA srtt=0.043080 rttvar=0.000032 rto=2.000000 retransmitted=0 dupack=5
timestamp_ns=3983749057836 event=RECEIVE state=ESTABLISHED seq=1946715251 ack=518876544 snd_una=518876544 snd_nxt=518940700 rcv_nxt=1946715251 rwnd=65535 recv_used=0 right_edge=518942079 flight=64156 sample_rtt=NA srtt=0.043080 rttvar=0.000032 rto=2.000000 retransmitted=0 dupack=6
timestamp_ns=3983749059178 event=RECEIVE state=ESTABLISHED seq=1946715251 ack=518876544 snd_una=518876544 snd_nxt=518940700 rcv_nxt=1946715251 rwnd=65535 recv_used=0 right_edge=518942079 flight=64156 sample_rtt=NA srtt=0.043080 rttvar=0.000032 rto=2.000000 retransmitted=0 dupack=7
timestamp_ns=3983749096780 event=RECEIVE state=ESTABLISHED seq=1946715251 ack=518876544 snd_una=518876544 snd_nxt=518940700 rcv_nxt=1946715251 rwnd=65535 recv_used=0 right_edge=518942079 flight=64156 sample_rtt=NA srtt=0.043080 rttvar=0.000032 rto=2.000000 retransmitted=0 dupack=8
timestamp_ns=3983749098092 event=RECEIVE state=ESTABLISHED seq=1946715251 ack=518876544 snd_una=518876544 snd_nxt=518940700 rcv_nxt=1946715251 rwnd=65535 recv_used=0 right_edge=518942079 flight=64156 sample_rtt=NA srtt=0.043080 rttvar=0.000032 rto=2.000000 retransmitted=0 dupack=9
timestamp_ns=3983749099355 event=RECEIVE state=ESTABLISHED seq=1946715251 ack=518876544 snd_una=518876544 snd_nxt=518940700 rcv_nxt=1946715251 rwnd=65535 recv_used=0 right_edge=518942079 flight=64156 sample_rtt=NA srtt=0.043080 rttvar=0.000032 rto=2.000000 retransmitted=0 dupack=10
timestamp_ns=3983749100657 event=RECEIVE state=ESTABLISHED seq=1946715251 ack=518876544 snd_una=518876544 snd_nxt=518940700 rcv_nxt=1946715251 rwnd=65535 recv_used=0 right_edge=518942079 flight=64156 sample_rtt=NA srtt=0.043080 rttvar=0.000032 rto=2.000000 retransmitted=0 dupack=11
timestamp_ns=3983749101940 event=RECEIVE state=ESTABLISHED seq=1946715251 ack=518876544 snd_una=518876544 snd_nxt=518940700 rcv_nxt=1946715251 rwnd=65535 recv_used=0 right_edge=518942079 flight=64156 sample_rtt=NA srtt=0.043080 rttvar=0.000032 rto=2.000000 retransmitted=0 dupack=12
timestamp_ns=3983749103232 event=RECEIVE state=ESTABLISHED seq=1946715251 ack=518876544 snd_una=518876544 snd_nxt=518940700 rcv_nxt=1946715251 rwnd=65535 recv_used=0 right_edge=518942079 flight=64156 sample_rtt=NA srtt=0.043080 rttvar=0.000032 rto=2.000000 retransmitted=0 dupack=13
timestamp_ns=3983749104565 event=RECEIVE state=ESTABLISHED seq=1946715251 ack=518876544 snd_una=518876544 snd_nxt=518940700 rcv_nxt=1946715251 rwnd=65535 recv_used=0 right_edge=518942079 flight=64156 sample_rtt=NA srtt=0.043080 rttvar=0.000032 rto=2.000000 retransmitted=0 dupack=14
timestamp_ns=3983749105616 event=RECEIVE state=ESTABLISHED seq=1946715251 ack=518876544 snd_una=518876544 snd_nxt=518940700 rcv_nxt=1946715251 rwnd=65535 recv_used=0 right_edge=518942079 flight=64156 sample_rtt=NA srtt=0.043080 rttvar=0.000032 rto=2.000000 retransmitted=0 dupack=15
timestamp_ns=3983749106679 event=RECEIVE state=ESTABLISHED seq=1946715251 ack=518876544 snd_una=518876544 snd_nxt=518940700 rcv_nxt=1946715251 rwnd=65535 recv_used=0 right_edge=518942079 flight=64156 sample_rtt=NA srtt=0.043080 rttvar=0.000032 rto=2.000000 retransmitted=0 dupack=16
timestamp_ns=3983749107700 event=RECEIVE state=ESTABLISHED seq=1946715251 ack=518876544 snd_una=518876544 snd_nxt=518940700 rcv_nxt=1946715251 rwnd=65535 recv_used=0 right_edge=518942079 flight=64156 sample_rtt=NA srtt=0.043080 rttvar=0.000032 rto=2.000000 retransmitted=0 dupack=17
timestamp_ns=3983749108672 event=RECEIVE state=ESTABLISHED seq=1946715251 ack=518876544 snd_una=518876544 snd_nxt=518940700 rcv_nxt=1946715251 rwnd=65535 recv_used=0 right_edge=518942079 flight=64156 sample_rtt=NA srtt=0.043080 rttvar=0.000032 rto=2.000000 retransmitted=0 dupack=18
timestamp_ns=3983749109624 event=RECEIVE state=ESTABLISHED seq=1946715251 ack=518876544 snd_una=518876544 snd_nxt=518940700 rcv_nxt=1946715251 rwnd=65535 recv_used=0 right_edge=518942079 flight=64156 sample_rtt=NA srtt=0.043080 rttvar=0.000032 rto=2.000000 retransmitted=0 dupack=19
timestamp_ns=3983749110586 event=RECEIVE state=ESTABLISHED seq=1946715251 ack=518876544 snd_una=518876544 snd_nxt=518940700 rcv_nxt=1946715251 rwnd=65535 recv_used=0 right_edge=518942079 flight=64156 sample_rtt=NA srtt=0.043080 rttvar=0.000032 rto=2.000000 retransmitted=0 dupack=20
timestamp_ns=3983749111628 event=RECEIVE state=ESTABLISHED seq=1946715251 ack=518876544 snd_una=518876544 snd_nxt=518940700 rcv_nxt=1946715251 rwnd=65535 recv_used=0 right_edge=518942079 flight=64156 sample_rtt=NA srtt=0.043080 rttvar=0.000032 rto=2.000000 retransmitted=0 dupack=21
timestamp_ns=3983749114804 event=RECEIVE state=ESTABLISHED seq=1946715251 ack=518876544 snd_una=518876544 snd_nxt=518940700 rcv_nxt=1946715251 rwnd=65535 recv_used=0 right_edge=518942079 flight=64156 sample_rtt=NA srtt=0.043080 rttvar=0.000032 rto=2.000000 retransmitted=0 dupack=22
timestamp_ns=3983749115856 event=RECEIVE state=ESTABLISHED seq=1946715251 ack=518876544 snd_una=518876544 snd_nxt=518940700 rcv_nxt=1946715251 rwnd=65535 recv_used=0 right_edge=518942079 flight=64156 sample_rtt=NA srtt=0.043080 rttvar=0.000032 rto=2.000000 retransmitted=0 dupack=23
timestamp_ns=3983749116798 event=RECEIVE state=ESTABLISHED seq=1946715251 ack=518876544 snd_una=518876544 snd_nxt=518940700 rcv_nxt=1946715251 rwnd=65535 recv_used=0 right_edge=518942079 flight=64156 sample_rtt=NA srtt=0.043080 rttvar=0.000032 rto=2.000000 retransmitted=0 dupack=24
timestamp_ns=3983749117719 event=RECEIVE state=ESTABLISHED seq=1946715251 ack=518876544 snd_una=518876544 snd_nxt=518940700 rcv_nxt=1946715251 rwnd=65535 recv_used=0 right_edge=518942079 flight=64156 sample_rtt=NA srtt=0.043080 rttvar=0.000032 rto=2.000000 retransmitted=0 dupack=25
timestamp_ns=3983749118651 event=RECEIVE state=ESTABLISHED seq=1946715251 ack=518876544 snd_una=518876544 snd_nxt=518940700 rcv_nxt=1946715251 rwnd=65535 recv_used=0 right_edge=518942079 flight=64156 sample_rtt=NA srtt=0.043080 rttvar=0.000032 rto=2.000000 retransmitted=0 dupack=26
timestamp_ns=3983749119633 event=RECEIVE state=ESTABLISHED seq=1946715251 ack=518876544 snd_una=518876544 snd_nxt=518940700 rcv_nxt=1946715251 rwnd=65535 recv_used=0 right_edge=518942079 flight=64156 sample_rtt=NA srtt=0.043080 rttvar=0.000032 rto=2.000000 retransmitted=0 dupack=27
timestamp_ns=3983749120595 event=RECEIVE state=ESTABLISHED seq=1946715251 ack=518876544 snd_una=518876544 snd_nxt=518940700 rcv_nxt=1946715251 rwnd=65535 recv_used=0 right_edge=518942079 flight=64156 sample_rtt=NA srtt=0.043080 rttvar=0.000032 rto=2.000000 retransmitted=0 dupack=28
timestamp_ns=3983749121567 event=RECEIVE state=ESTABLISHED seq=1946715251 ack=518876544 snd_una=518876544 snd_nxt=518940700 rcv_nxt=1946715251 rwnd=65535 recv_used=0 right_edge=518942079 flight=64156 sample_rtt=NA srtt=0.043080 rttvar=0.000032 rto=2.000000 retransmitted=0 dupack=29
timestamp_ns=3983749122519 event=RECEIVE state=ESTABLISHED seq=1946715251 ack=518876544 snd_una=518876544 snd_nxt=518940700 rcv_nxt=1946715251 rwnd=65535 recv_used=0 right_edge=518942079 flight=64156 sample_rtt=NA srtt=0.043080 rttvar=0.000032 rto=2.000000 retransmitted=0 dupack=30
timestamp_ns=3983749123520 event=RECEIVE state=ESTABLISHED seq=1946715251 ack=518876544 snd_una=518876544 snd_nxt=518940700 rcv_nxt=1946715251 rwnd=65535 recv_used=0 right_edge=518942079 flight=64156 sample_rtt=NA srtt=0.043080 rttvar=0.000032 rto=2.000000 retransmitted=0 dupack=31
timestamp_ns=3983749124512 event=RECEIVE state=ESTABLISHED seq=1946715251 ack=518876544 snd_una=518876544 snd_nxt=518940700 rcv_nxt=1946715251 rwnd=65535 recv_used=0 right_edge=518942079 flight=64156 sample_rtt=NA srtt=0.043080 rttvar=0.000032 rto=2.000000 retransmitted=0 dupack=32
timestamp_ns=3983749125454 event=RECEIVE state=ESTABLISHED seq=1946715251 ack=518876544 snd_una=518876544 snd_nxt=518940700 rcv_nxt=1946715251 rwnd=65535 recv_used=0 right_edge=518942079 flight=64156 sample_rtt=NA srtt=0.043080 rttvar=0.000032 rto=2.000000 retransmitted=0 dupack=33
timestamp_ns=3983749126626 event=RECEIVE state=ESTABLISHED seq=1946715251 ack=518876544 snd_una=518876544 snd_nxt=518940700 rcv_nxt=1946715251 rwnd=65535 recv_used=0 right_edge=518942079 flight=64156 sample_rtt=NA srtt=0.043080 rttvar=0.000032 rto=2.000000 retransmitted=0 dupack=34
timestamp_ns=3983792159859 event=RECEIVE state=ESTABLISHED seq=1946715251 ack=518940700 snd_una=518876544 snd_nxt=518940700 rcv_nxt=1946715251 rwnd=65535 recv_used=0 right_edge=518942079 flight=64156 sample_rtt=NA srtt=0.043080 rttvar=0.000032 rto=2.000000 retransmitted=0 dupack=35
timestamp_ns=3983792190467 event=SEND state=ESTABLISHED seq=518940700 ack=1946715251 snd_una=518940700 snd_nxt=518940700 rcv_nxt=1946715251 rwnd=65535 recv_used=0 right_edge=519006235 flight=0 sample_rtt=NA srtt=0.043080 rttvar=0.000032 rto=2.000000 retransmitted=0 dupack=0
timestamp_ns=3983792240241 event=SEND state=ESTABLISHED seq=518942080 ack=1946715251 snd_una=518940700 snd_nxt=518942080 rcv_nxt=1946715251 rwnd=65535 recv_used=0 right_edge=519006235 flight=1380 sample_rtt=NA srtt=0.043080 rttvar=0.000032 rto=2.000000 retransmitted=0 dupack=0
timestamp_ns=3983792242806 event=SEND state=ESTABLISHED seq=518943460 ack=1946715251 snd_una=518940700 snd_nxt=518943460 rcv_nxt=1946715251 rwnd=65535 recv_used=0 right_edge=519006235 flight=2760 sample_rtt=NA srtt=0.043080 rttvar=0.000032 rto=2.000000 retransmitted=0 dupack=0
timestamp_ns=3983792244960 event=SEND state=ESTABLISHED seq=518944840 ack=1946715251 snd_una=518940700 snd_nxt=518944840 rcv_nxt=1946715251 rwnd=65535 recv_used=0 right_edge=519006235 flight=4140 sample_rtt=NA srtt=0.043080 rttvar=0.000032 rto=2.000000 retransmitted=0 dupack=0
timestamp_ns=3983792246834 event=SEND state=ESTABLISHED seq=518946220 ack=1946715251 snd_una=518940700 snd_nxt=518946220 rcv_nxt=1946715251 rwnd=65535 recv_used=0 right_edge=519006235 flight=5520 sample_rtt=NA srtt=0.043080 rttvar=0.000032 rto=2.000000 retransmitted=0 dupack=0
timestamp_ns=3983792249389 event=SEND state=ESTABLISHED seq=518947600 ack=1946715251 snd_una=518940700 snd_nxt=518947600 rcv_nxt=1946715251 rwnd=65535 recv_used=0 right_edge=519006235 flight=6900 sample_rtt=NA srtt=0.043080 rttvar=0.000032 rto=2.000000 retransmitted=0 dupack=0
timestamp_ns=3983792251262 event=SEND state=ESTABLISHED seq=518948980 ack=1946715251 snd_una=518940700 snd_nxt=518948980 rcv_nxt=1946715251 rwnd=65535 recv_used=0 right_edge=519006235 flight=8280 sample_rtt=NA srtt=0.043080 rttvar=0.000032 rto=2.000000 retransmitted=0 dupack=0
timestamp_ns=3983792253316 event=SEND state=ESTABLISHED seq=518950360 ack=1946715251 snd_una=518940700 snd_nxt=518950360 rcv_nxt=1946715251 rwnd=65535 recv_used=0 right_edge=519006235 flight=9660 sample_rtt=NA srtt=0.043080 rttvar=0.000032 rto=2.000000 retransmitted=0 dupack=0
timestamp_ns=3983792255080 event=SEND state=ESTABLISHED seq=518951740 ack=1946715251 snd_una=518940700 snd_nxt=518951740 rcv_nxt=1946715251 rwnd=65535 recv_used=0 right_edge=519006235 flight=11040 sample_rtt=NA srtt=0.043080 rttvar=0.000032 rto=2.000000 retransmitted=0 dupack=0
timestamp_ns=3983792257184 event=SEND state=ESTABLISHED seq=518953120 ack=1946715251 snd_una=518940700 snd_nxt=518953120 rcv_nxt=1946715251 rwnd=65535 recv_used=0 right_edge=519006235 flight=12420 sample_rtt=NA srtt=0.043080 rttvar=0.000032 rto=2.000000 retransmitted=0 dupack=0
timestamp_ns=3983792259618 event=SEND state=ESTABLISHED seq=518954500 ack=1946715251 snd_una=518940700 snd_nxt=518954500 rcv_nxt=1946715251 rwnd=65535 recv_used=0 right_edge=519006235 flight=13800 sample_rtt=NA srtt=0.043080 rttvar=0.000032 rto=2.000000 retransmitted=0 dupack=0
timestamp_ns=3983792262173 event=SEND state=ESTABLISHED seq=518955880 ack=1946715251 snd_una=518940700 snd_nxt=518955880 rcv_nxt=1946715251 rwnd=65535 recv_used=0 right_edge=519006235 flight=15180 sample_rtt=NA srtt=0.043080 rttvar=0.000032 rto=2.000000 retransmitted=0 dupack=0
timestamp_ns=3983792264017 event=SEND state=ESTABLISHED seq=518957260 ack=1946715251 snd_una=518940700 snd_nxt=518957260 rcv_nxt=1946715251 rwnd=65535 recv_used=0 right_edge=519006235 flight=16560 sample_rtt=NA srtt=0.043080 rttvar=0.000032 rto=2.000000 retransmitted=0 dupack=0
timestamp_ns=3983792266070 event=SEND state=ESTABLISHED seq=518958640 ack=1946715251 snd_una=518940700 snd_nxt=518958640 rcv_nxt=1946715251 rwnd=65535 recv_used=0 right_edge=519006235 flight=17940 sample_rtt=NA srtt=0.043080 rttvar=0.000032 rto=2.000000 retransmitted=0 dupack=0
timestamp_ns=3983792267994 event=SEND state=ESTABLISHED seq=518960020 ack=1946715251 snd_una=518940700 snd_nxt=518960020 rcv_nxt=1946715251 rwnd=65535 recv_used=0 right_edge=519006235 flight=19320 sample_rtt=NA srtt=0.043080 rttvar=0.000032 rto=2.000000 retransmitted=0 dupack=0
timestamp_ns=3983792272773 event=SEND state=ESTABLISHED seq=518961400 ack=1946715251 snd_una=518940700 snd_nxt=518961400 rcv_nxt=1946715251 rwnd=65535 recv_used=0 right_edge=519006235 flight=20700 sample_rtt=NA srtt=0.043080 rttvar=0.000032 rto=2.000000 retransmitted=0 dupack=0
timestamp_ns=3983792274837 event=SEND state=ESTABLISHED seq=518962780 ack=1946715251 snd_una=518940700 snd_nxt=518962780 rcv_nxt=1946715251 rwnd=65535 recv_used=0 right_edge=519006235 flight=22080 sample_rtt=NA srtt=0.043080 rttvar=0.000032 rto=2.000000 retransmitted=0 dupack=0
timestamp_ns=3983792276731 event=SEND state=ESTABLISHED seq=518964160 ack=1946715251 snd_una=518940700 snd_nxt=518964160 rcv_nxt=1946715251 rwnd=65535 recv_used=0 right_edge=519006235 flight=23460 sample_rtt=NA srtt=0.043080 rttvar=0.000032 rto=2.000000 retransmitted=0 dupack=0
timestamp_ns=3983792278845 event=SEND state=ESTABLISHED seq=518965540 ack=1946715251 snd_una=518940700 snd_nxt=518965540 rcv_nxt=1946715251 rwnd=65535 recv_used=0 right_edge=519006235 flight=24840 sample_rtt=NA srtt=0.043080 rttvar=0.000032 rto=2.000000 retransmitted=0 dupack=0
timestamp_ns=3983792280959 event=SEND state=ESTABLISHED seq=518966920 ack=1946715251 snd_una=518940700 snd_nxt=518966920 rcv_nxt=1946715251 rwnd=65535 recv_used=0 right_edge=519006235 flight=26220 sample_rtt=NA srtt=0.043080 rttvar=0.000032 rto=2.000000 retransmitted=0 dupack=0
timestamp_ns=3983792282642 event=SEND state=ESTABLISHED seq=518968300 ack=1946715251 snd_una=518940700 snd_nxt=518968300 rcv_nxt=1946715251 rwnd=65535 recv_used=0 right_edge=519006235 flight=27600 sample_rtt=NA srtt=0.043080 rttvar=0.000032 rto=2.000000 retransmitted=0 dupack=0
timestamp_ns=3983792284606 event=SEND state=ESTABLISHED seq=518969680 ack=1946715251 snd_una=518940700 snd_nxt=518969680 rcv_nxt=1946715251 rwnd=65535 recv_used=0 right_edge=519006235 flight=28980 sample_rtt=NA srtt=0.043080 rttvar=0.000032 rto=2.000000 retransmitted=0 dupack=0
timestamp_ns=3983792286359 event=SEND state=ESTABLISHED seq=518971060 ack=1946715251 snd_una=518940700 snd_nxt=518971060 rcv_nxt=1946715251 rwnd=65535 recv_used=0 right_edge=519006235 flight=30360 sample_rtt=NA srtt=0.043080 rttvar=0.000032 rto=2.000000 retransmitted=0 dupack=0
timestamp_ns=3983792288343 event=SEND state=ESTABLISHED seq=518972440 ack=1946715251 snd_una=518940700 snd_nxt=518972440 rcv_nxt=1946715251 rwnd=65535 recv_used=0 right_edge=519006235 flight=31740 sample_rtt=NA srtt=0.043080 rttvar=0.000032 rto=2.000000 retransmitted=0 dupack=0
timestamp_ns=3983792290246 event=SEND state=ESTABLISHED seq=518973820 ack=1946715251 snd_una=518940700 snd_nxt=518973820 rcv_nxt=1946715251 rwnd=65535 recv_used=0 right_edge=519006235 flight=33120 sample_rtt=NA srtt=0.043080 rttvar=0.000032 rto=2.000000 retransmitted=0 dupack=0
timestamp_ns=3983792292280 event=SEND state=ESTABLISHED seq=518975200 ack=1946715251 snd_una=518940700 snd_nxt=518975200 rcv_nxt=1946715251 rwnd=65535 recv_used=0 right_edge=519006235 flight=34500 sample_rtt=NA srtt=0.043080 rttvar=0.000032 rto=2.000000 retransmitted=0 dupack=0
timestamp_ns=3983792294064 event=SEND state=ESTABLISHED seq=518976580 ack=1946715251 snd_una=518940700 snd_nxt=518976580 rcv_nxt=1946715251 rwnd=65535 recv_used=0 right_edge=519006235 flight=35880 sample_rtt=NA srtt=0.043080 rttvar=0.000032 rto=2.000000 retransmitted=0 dupack=0
timestamp_ns=3983792296167 event=SEND state=ESTABLISHED seq=518977960 ack=1946715251 snd_una=518940700 snd_nxt=518977960 rcv_nxt=1946715251 rwnd=65535 recv_used=0 right_edge=519006235 flight=37260 sample_rtt=NA srtt=0.043080 rttvar=0.000032 rto=2.000000 retransmitted=0 dupack=0
timestamp_ns=3983792297941 event=SEND state=ESTABLISHED seq=518979340 ack=1946715251 snd_una=518940700 snd_nxt=518979340 rcv_nxt=1946715251 rwnd=65535 recv_used=0 right_edge=519006235 flight=38640 sample_rtt=NA srtt=0.043080 rttvar=0.000032 rto=2.000000 retransmitted=0 dupack=0
timestamp_ns=3983792299734 event=SEND state=ESTABLISHED seq=518980720 ack=1946715251 snd_una=518940700 snd_nxt=518980720 rcv_nxt=1946715251 rwnd=65535 recv_used=0 right_edge=519006235 flight=40020 sample_rtt=NA srtt=0.043080 rttvar=0.000032 rto=2.000000 retransmitted=0 dupack=0
timestamp_ns=3983792303261 event=SEND state=ESTABLISHED seq=518982100 ack=1946715251 snd_una=518940700 snd_nxt=518982100 rcv_nxt=1946715251 rwnd=65535 recv_used=0 right_edge=519006235 flight=41400 sample_rtt=NA srtt=0.043080 rttvar=0.000032 rto=2.000000 retransmitted=0 dupack=0
timestamp_ns=3983792305195 event=SEND state=ESTABLISHED seq=518983480 ack=1946715251 snd_una=518940700 snd_nxt=518983480 rcv_nxt=1946715251 rwnd=65535 recv_used=0 right_edge=519006235 flight=42780 sample_rtt=NA srtt=0.043080 rttvar=0.000032 rto=2.000000 retransmitted=0 dupack=0
timestamp_ns=3983792306978 event=SEND state=ESTABLISHED seq=518984860 ack=1946715251 snd_una=518940700 snd_nxt=518984860 rcv_nxt=1946715251 rwnd=65535 recv_used=0 right_edge=519006235 flight=44160 sample_rtt=NA srtt=0.043080 rttvar=0.000032 rto=2.000000 retransmitted=0 dupack=0
timestamp_ns=3983792311967 event=SEND state=ESTABLISHED seq=518986240 ack=1946715251 snd_una=518940700 snd_nxt=518986240 rcv_nxt=1946715251 rwnd=65535 recv_used=0 right_edge=519006235 flight=45540 sample_rtt=NA srtt=0.043080 rttvar=0.000032 rto=2.000000 retransmitted=0 dupack=0
timestamp_ns=3983792313761 event=SEND state=ESTABLISHED seq=518987620 ack=1946715251 snd_una=518940700 snd_nxt=518987620 rcv_nxt=1946715251 rwnd=65535 recv_used=0 right_edge=519006235 flight=46920 sample_rtt=NA srtt=0.043080 rttvar=0.000032 rto=2.000000 retransmitted=0 dupack=0
timestamp_ns=3983792315845 event=SEND state=ESTABLISHED seq=518989000 ack=1946715251 snd_una=518940700 snd_nxt=518989000 rcv_nxt=1946715251 rwnd=65535 recv_used=0 right_edge=519006235 flight=48300 sample_rtt=NA srtt=0.043080 rttvar=0.000032 rto=2.000000 retransmitted=0 dupack=0
timestamp_ns=3983792317718 event=SEND state=ESTABLISHED seq=518990380 ack=1946715251 snd_una=518940700 snd_nxt=518990380 rcv_nxt=1946715251 rwnd=65535 recv_used=0 right_edge=519006235 flight=49680 sample_rtt=NA srtt=0.043080 rttvar=0.000032 rto=2.000000 retransmitted=0 dupack=0
timestamp_ns=3983792319532 event=SEND state=ESTABLISHED seq=518991760 ack=1946715251 snd_una=518940700 snd_nxt=518991760 rcv_nxt=1946715251 rwnd=65535 recv_used=0 right_edge=519006235 flight=51060 sample_rtt=NA srtt=0.043080 rttvar=0.000032 rto=2.000000 retransmitted=0 dupack=0
timestamp_ns=3983792321295 event=SEND state=ESTABLISHED seq=518993140 ack=1946715251 snd_una=518940700 snd_nxt=518993140 rcv_nxt=1946715251 rwnd=65535 recv_used=0 right_edge=519006235 flight=52440 sample_rtt=NA srtt=0.043080 rttvar=0.000032 rto=2.000000 retransmitted=0 dupack=0
timestamp_ns=3983792323119 event=SEND state=ESTABLISHED seq=518994520 ack=1946715251 snd_una=518940700 snd_nxt=518994520 rcv_nxt=1946715251 rwnd=65535 recv_used=0 right_edge=519006235 flight=53820 sample_rtt=NA srtt=0.043080 rttvar=0.000032 rto=2.000000 retransmitted=0 dupack=0
timestamp_ns=3983792324892 event=SEND state=ESTABLISHED seq=518995900 ack=1946715251 snd_una=518940700 snd_nxt=518995900 rcv_nxt=1946715251 rwnd=65535 recv_used=0 right_edge=519006235 flight=55200 sample_rtt=NA srtt=0.043080 rttvar=0.000032 rto=2.000000 retransmitted=0 dupack=0
timestamp_ns=3983792326595 event=SEND state=ESTABLISHED seq=518997280 ack=1946715251 snd_una=518940700 snd_nxt=518997280 rcv_nxt=1946715251 rwnd=65535 recv_used=0 right_edge=519006235 flight=56580 sample_rtt=NA srtt=0.043080 rttvar=0.000032 rto=2.000000 retransmitted=0 dupack=0
timestamp_ns=3983792329771 event=SEND state=ESTABLISHED seq=518998660 ack=1946715251 snd_una=518940700 snd_nxt=518998660 rcv_nxt=1946715251 rwnd=65535 recv_used=0 right_edge=519006235 flight=57960 sample_rtt=NA srtt=0.043080 rttvar=0.000032 rto=2.000000 retransmitted=0 dupack=0
timestamp_ns=3983792331585 event=SEND state=ESTABLISHED seq=519000040 ack=1946715251 snd_una=518940700 snd_nxt=519000040 rcv_nxt=1946715251 rwnd=65535 recv_used=0 right_edge=519006235 flight=59340 sample_rtt=NA srtt=0.043080 rttvar=0.000032 rto=2.000000 retransmitted=0 dupack=0
timestamp_ns=3983792333578 event=SEND state=ESTABLISHED seq=519001420 ack=1946715251 snd_una=518940700 snd_nxt=519001420 rcv_nxt=1946715251 rwnd=65535 recv_used=0 right_edge=519006235 flight=60720 sample_rtt=NA srtt=0.043080 rttvar=0.000032 rto=2.000000 retransmitted=0 dupack=0
timestamp_ns=3983792339039 event=SEND state=ESTABLISHED seq=519002096 ack=1946715251 snd_una=518940700 snd_nxt=519002096 rcv_nxt=1946715251 rwnd=65535 recv_used=0 right_edge=519006235 flight=61396 sample_rtt=NA srtt=0.043080 rttvar=0.000032 rto=2.000000 retransmitted=0 dupack=0
timestamp_ns=3983792340872 event=SEND state=ESTABLISHED seq=519003476 ack=1946715251 snd_una=518940700 snd_nxt=519003476 rcv_nxt=1946715251 rwnd=65535 recv_used=0 right_edge=519006235 flight=62776 sample_rtt=NA srtt=0.043080 rttvar=0.000032 rto=2.000000 retransmitted=0 dupack=0
timestamp_ns=3983792342495 event=ACK_ADVANCE state=ESTABLISHED seq=519004856 ack=518940700 snd_una=518940700 snd_nxt=519004856 rcv_nxt=1946715251 rwnd=65535 recv_used=0 right_edge=519006235 flight=64156 sample_rtt=NA srtt=0.043080 rttvar=0.000032 rto=2.000000 retransmitted=0 dupack=0
timestamp_ns=3983835303230 event=RECEIVE state=ESTABLISHED seq=1946715251 ack=518942080 snd_una=518940700 snd_nxt=519004856 rcv_nxt=1946715251 rwnd=65535 recv_used=0 right_edge=519006235 flight=64156 sample_rtt=NA srtt=0.043080 rttvar=0.000032 rto=2.000000 retransmitted=0 dupack=0
timestamp_ns=3983835332204 event=SEND state=ESTABLISHED seq=519004856 ack=1946715251 snd_una=518942080 snd_nxt=519004856 rcv_nxt=1946715251 rwnd=65535 recv_used=0 right_edge=519007615 flight=62776 sample_rtt=0.043074 srtt=0.043079 rttvar=0.000026 rto=1.000000 retransmitted=0 dupack=0
timestamp_ns=3983835352172 event=ACK_ADVANCE state=ESTABLISHED seq=519006236 ack=518942080 snd_una=518942080 snd_nxt=519006236 rcv_nxt=1946715251 rwnd=65535 recv_used=0 right_edge=519007615 flight=64156 sample_rtt=0.043074 srtt=0.043079 rttvar=0.000026 rto=1.000000 retransmitted=0 dupack=0
timestamp_ns=3983835359496 event=RECEIVE state=ESTABLISHED seq=1946715251 ack=518943460 snd_una=518942080 snd_nxt=519006236 rcv_nxt=1946715251 rwnd=65535 recv_used=0 right_edge=519007615 flight=64156 sample_rtt=NA srtt=0.043079 rttvar=0.000026 rto=1.000000 retransmitted=0 dupack=0
timestamp_ns=3983835363754 event=SEND state=ESTABLISHED seq=519006236 ack=1946715251 snd_una=518943460 snd_nxt=519006236 rcv_nxt=1946715251 rwnd=65535 recv_used=0 right_edge=519008995 flight=62776 sample_rtt=0.043118 srtt=0.043084 rttvar=0.000029 rto=1.000000 retransmitted=0 dupack=0
timestamp_ns=3983835366109 event=ACK_ADVANCE state=ESTABLISHED seq=519007616 ack=518943460 snd_una=518943460 snd_nxt=519007616 rcv_nxt=1946715251 rwnd=65535 recv_used=0 right_edge=519008995 flight=64156 sample_rtt=0.043118 srtt=0.043084 rttvar=0.000029 rto=1.000000 retransmitted=0 dupack=0
timestamp_ns=3983835370166 event=RECEIVE state=ESTABLISHED seq=1946715251 ack=518944840 snd_una=518943460 snd_nxt=519007616 rcv_nxt=1946715251 rwnd=65535 recv_used=0 right_edge=519008995 flight=64156 sample_rtt=NA srtt=0.043084 rttvar=0.000029 rto=1.000000 retransmitted=0 dupack=0
timestamp_ns=3983835373853 event=SEND state=ESTABLISHED seq=519007616 ack=1946715251 snd_una=518944840 snd_nxt=519007616 rcv_nxt=1946715251 rwnd=65535 recv_used=0 right_edge=519010375 flight=62776 sample_rtt=0.043126 srtt=0.043089 rttvar=0.000032 rto=1.000000 retransmitted=0 dupack=0
timestamp_ns=3983835375747 event=ACK_ADVANCE state=ESTABLISHED seq=519008996 ack=518944840 snd_una=518944840 snd_nxt=519008996 rcv_nxt=1946715251 rwnd=65535 recv_used=0 right_edge=519010375 flight=64156 sample_rtt=0.043126 srtt=0.043089 rttvar=0.000032 rto=1.000000 retransmitted=0 dupack=0
timestamp_ns=3983835379604 event=RECEIVE state=ESTABLISHED seq=1946715251 ack=518946220 snd_una=518944840 snd_nxt=519008996 rcv_nxt=1946715251 rwnd=65535 recv_used=0 right_edge=519010375 flight=64156 sample_rtt=NA srtt=0.043089 rttvar=0.000032 rto=1.000000 retransmitted=0 dupack=0
timestamp_ns=3983835383642 event=SEND state=ESTABLISHED seq=519008996 ack=1946715251 snd_una=518946220 snd_nxt=519008996 rcv_nxt=1946715251 rwnd=65535 recv_used=0 right_edge=519011755 flight=62776 sample_rtt=0.043134 srtt=0.043095 rttvar=0.000035 rto=1.000000 retransmitted=0 dupack=0
timestamp_ns=3983835419700 event=ACK_ADVANCE state=ESTABLISHED seq=519010376 ack=518946220 snd_una=518946220 snd_nxt=519010376 rcv_nxt=1946715251 rwnd=65535 recv_used=0 right_edge=519011755 flight=64156 sample_rtt=0.043134 srtt=0.043095 rttvar=0.000035 rto=1.000000 retransmitted=0 dupack=0
timestamp_ns=3983835424710 event=RECEIVE state=ESTABLISHED seq=1946715251 ack=518947600 snd_una=518946220 snd_nxt=519010376 rcv_nxt=1946715251 rwnd=65535 recv_used=0 right_edge=519011755 flight=64156 sample_rtt=NA srtt=0.043095 rttvar=0.000035 rto=1.000000 retransmitted=0 dupack=0
timestamp_ns=3983835429499 event=SEND state=ESTABLISHED seq=519010376 ack=1946715251 snd_una=518947600 snd_nxt=519010376 rcv_nxt=1946715251 rwnd=65535 recv_used=0 right_edge=519013135 flight=62776 sample_rtt=0.043177 srtt=0.043105 rttvar=0.000047 rto=1.000000 retransmitted=0 dupack=0
timestamp_ns=3983835431923 event=ACK_ADVANCE state=ESTABLISHED seq=519011756 ack=518947600 snd_una=518947600 snd_nxt=519011756 rcv_nxt=1946715251 rwnd=65535 recv_used=0 right_edge=519013135 flight=64156 sample_rtt=0.043177 srtt=0.043105 rttvar=0.000047 rto=1.000000 retransmitted=0 dupack=0
timestamp_ns=3983835436883 event=RECEIVE state=ESTABLISHED seq=1946715251 ack=518950360 snd_una=518947600 snd_nxt=519011756 rcv_nxt=1946715251 rwnd=65535 recv_used=0 right_edge=519013135 flight=64156 sample_rtt=NA srtt=0.043105 rttvar=0.000047 rto=1.000000 retransmitted=0 dupack=0
timestamp_ns=3983835441822 event=SEND state=ESTABLISHED seq=519011756 ack=1946715251 snd_una=518950360 snd_nxt=519011756 rcv_nxt=1946715251 rwnd=65535 recv_used=0 right_edge=519015895 flight=61396 sample_rtt=0.043187 srtt=0.043115 rttvar=0.000056 rto=1.000000 retransmitted=0 dupack=0
timestamp_ns=3983835444597 event=SEND state=ESTABLISHED seq=519013136 ack=1946715251 snd_una=518950360 snd_nxt=519013136 rcv_nxt=1946715251 rwnd=65535 recv_used=0 right_edge=519015895 flight=62776 sample_rtt=0.043187 srtt=0.043115 rttvar=0.000056 rto=1.000000 retransmitted=0 dupack=0
timestamp_ns=3983835446902 event=ACK_ADVANCE state=ESTABLISHED seq=519014516 ack=518950360 snd_una=518950360 snd_nxt=519014516 rcv_nxt=1946715251 rwnd=65535 recv_used=0 right_edge=519015895 flight=64156 sample_rtt=0.043187 srtt=0.043115 rttvar=0.000056 rto=1.000000 retransmitted=0 dupack=0
timestamp_ns=3983835451751 event=RECEIVE state=ESTABLISHED seq=1946715251 ack=518951740 snd_una=518950360 snd_nxt=519014516 rcv_nxt=1946715251 rwnd=65535 recv_used=0 right_edge=519015895 flight=64156 sample_rtt=NA srtt=0.043115 rttvar=0.000056 rto=1.000000 retransmitted=0 dupack=0
timestamp_ns=3983835456620 event=SEND state=ESTABLISHED seq=519014516 ack=1946715251 snd_una=518951740 snd_nxt=519014516 rcv_nxt=1946715251 rwnd=65535 recv_used=0 right_edge=519017275 flight=62776 sample_rtt=0.043198 srtt=0.043126 rttvar=0.000062 rto=1.000000 retransmitted=0 dupack=0
timestamp_ns=3983835459055 event=ACK_ADVANCE state=ESTABLISHED seq=519015896 ack=518951740 snd_una=518951740 snd_nxt=519015896 rcv_nxt=1946715251 rwnd=65535 recv_used=0 right_edge=519017275 flight=64156 sample_rtt=0.043198 srtt=0.043126 rttvar=0.000062 rto=1.000000 retransmitted=0 dupack=0
timestamp_ns=3983835463934 event=RECEIVE state=ESTABLISHED seq=1946715251 ack=518953120 snd_una=518951740 snd_nxt=519015896 rcv_nxt=1946715251 rwnd=65535 recv_used=0 right_edge=519017275 flight=64156 sample_rtt=NA srtt=0.043126 rttvar=0.000062 rto=1.000000 retransmitted=0 dupack=0
timestamp_ns=3983835468743 event=SEND state=ESTABLISHED seq=519015896 ack=1946715251 snd_una=518953120 snd_nxt=519015896 rcv_nxt=1946715251 rwnd=65535 recv_used=0 right_edge=519018655 flight=62776 sample_rtt=0.043208 srtt=0.043136 rttvar=0.000067 rto=1.000000 retransmitted=0 dupack=0
timestamp_ns=3983835471729 event=ACK_ADVANCE state=ESTABLISHED seq=519017276 ack=518953120 snd_una=518953120 snd_nxt=519017276 rcv_nxt=1946715251 rwnd=65535 recv_used=0 right_edge=519018655 flight=64156 sample_rtt=0.043208 srtt=0.043136 rttvar=0.000067 rto=1.000000 retransmitted=0 dupack=0
timestamp_ns=3983835480856 event=RECEIVE state=ESTABLISHED seq=1946715251 ack=518954500 snd_una=518953120 snd_nxt=519017276 rcv_nxt=1946715251 rwnd=65535 recv_used=0 right_edge=519018655 flight=64156 sample_rtt=NA srtt=0.043136 rttvar=0.000067 rto=1.000000 retransmitted=0 dupack=0
timestamp_ns=3983835485705 event=SEND state=ESTABLISHED seq=519017276 ack=1946715251 snd_una=518954500 snd_nxt=519017276 rcv_nxt=1946715251 rwnd=65535 recv_used=0 right_edge=519020035 flight=62776 sample_rtt=0.043223 srtt=0.043147 rttvar=0.000072 rto=1.000000 retransmitted=0 dupack=0
timestamp_ns=3983835488190 event=ACK_ADVANCE state=ESTABLISHED seq=519018656 ack=518954500 snd_una=518954500 snd_nxt=519018656 rcv_nxt=1946715251 rwnd=65535 recv_used=0 right_edge=519020035 flight=64156 sample_rtt=0.043223 srtt=0.043147 rttvar=0.000072 rto=1.000000 retransmitted=0 dupack=0
timestamp_ns=3983835492679 event=RECEIVE state=ESTABLISHED seq=1946715251 ack=518954500 snd_una=518954500 snd_nxt=519018656 rcv_nxt=1946715251 rwnd=65535 recv_used=0 right_edge=519020035 flight=64156 sample_rtt=NA srtt=0.043147 rttvar=0.000072 rto=1.000000 retransmitted=0 dupack=0
timestamp_ns=3983835493911 event=RECEIVE state=ESTABLISHED seq=1946715251 ack=518954500 snd_una=518954500 snd_nxt=519018656 rcv_nxt=1946715251 rwnd=65535 recv_used=0 right_edge=519020035 flight=64156 sample_rtt=NA srtt=0.043147 rttvar=0.000072 rto=1.000000 retransmitted=0 dupack=1
timestamp_ns=3983835495053 event=RECEIVE state=ESTABLISHED seq=1946715251 ack=518954500 snd_una=518954500 snd_nxt=519018656 rcv_nxt=1946715251 rwnd=65535 recv_used=0 right_edge=519020035 flight=64156 sample_rtt=NA srtt=0.043147 rttvar=0.000072 rto=1.000000 retransmitted=0 dupack=2
timestamp_ns=3983835495895 event=RETRANSMIT state=ESTABLISHED seq=518954500 ack=1946715251 snd_una=518954500 snd_nxt=519018656 rcv_nxt=1946715251 rwnd=65535 recv_used=0 right_edge=519020035 flight=64156 sample_rtt=NA srtt=0.043147 rttvar=0.000072 rto=1.000000 retransmitted=1 dupack=3
timestamp_ns=3983835499071 event=FAST_RETRANSMIT state=ESTABLISHED seq=518954500 ack=518954500 snd_una=518954500 snd_nxt=519018656 rcv_nxt=1946715251 rwnd=65535 recv_used=0 right_edge=519020035 flight=64156 sample_rtt=NA srtt=0.043147 rttvar=0.000072 rto=1.000000 retransmitted=1 dupack=3
timestamp_ns=3983835501766 event=RECEIVE state=ESTABLISHED seq=1946715251 ack=518954500 snd_una=518954500 snd_nxt=519018656 rcv_nxt=1946715251 rwnd=65535 recv_used=0 right_edge=519020035 flight=64156 sample_rtt=NA srtt=0.043147 rttvar=0.000072 rto=1.000000 retransmitted=0 dupack=3
timestamp_ns=3983835502808 event=RECEIVE state=ESTABLISHED seq=1946715251 ack=518954500 snd_una=518954500 snd_nxt=519018656 rcv_nxt=1946715251 rwnd=65535 recv_used=0 right_edge=519020035 flight=64156 sample_rtt=NA srtt=0.043147 rttvar=0.000072 rto=1.000000 retransmitted=0 dupack=4
timestamp_ns=3983835503850 event=RECEIVE state=ESTABLISHED seq=1946715251 ack=518954500 snd_una=518954500 snd_nxt=519018656 rcv_nxt=1946715251 rwnd=65535 recv_used=0 right_edge=519020035 flight=64156 sample_rtt=NA srtt=0.043147 rttvar=0.000072 rto=1.000000 retransmitted=0 dupack=5
timestamp_ns=3983835504792 event=RECEIVE state=ESTABLISHED seq=1946715251 ack=518954500 snd_una=518954500 snd_nxt=519018656 rcv_nxt=1946715251 rwnd=65535 recv_used=0 right_edge=519020035 flight=64156 sample_rtt=NA srtt=0.043147 rttvar=0.000072 rto=1.000000 retransmitted=0 dupack=6
timestamp_ns=3983835505773 event=RECEIVE state=ESTABLISHED seq=1946715251 ack=518954500 snd_una=518954500 snd_nxt=519018656 rcv_nxt=1946715251 rwnd=65535 recv_used=0 right_edge=519020035 flight=64156 sample_rtt=NA srtt=0.043147 rttvar=0.000072 rto=1.000000 retransmitted=0 dupack=7
timestamp_ns=3983835506745 event=RECEIVE state=ESTABLISHED seq=1946715251 ack=518954500 snd_una=518954500 snd_nxt=519018656 rcv_nxt=1946715251 rwnd=65535 recv_used=0 right_edge=519020035 flight=64156 sample_rtt=NA srtt=0.043147 rttvar=0.000072 rto=1.000000 retransmitted=0 dupack=8
timestamp_ns=3983835507707 event=RECEIVE state=ESTABLISHED seq=1946715251 ack=518954500 snd_una=518954500 snd_nxt=519018656 rcv_nxt=1946715251 rwnd=65535 recv_used=0 right_edge=519020035 flight=64156 sample_rtt=NA srtt=0.043147 rttvar=0.000072 rto=1.000000 retransmitted=0 dupack=9
timestamp_ns=3983835514420 event=RECEIVE state=ESTABLISHED seq=1946715251 ack=518954500 snd_una=518954500 snd_nxt=519018656 rcv_nxt=1946715251 rwnd=65535 recv_used=0 right_edge=519020035 flight=64156 sample_rtt=NA srtt=0.043147 rttvar=0.000072 rto=1.000000 retransmitted=0 dupack=10
timestamp_ns=3983835515512 event=RECEIVE state=ESTABLISHED seq=1946715251 ack=518954500 snd_una=518954500 snd_nxt=519018656 rcv_nxt=1946715251 rwnd=65535 recv_used=0 right_edge=519020035 flight=64156 sample_rtt=NA srtt=0.043147 rttvar=0.000072 rto=1.000000 retransmitted=0 dupack=11
timestamp_ns=3983835516544 event=RECEIVE state=ESTABLISHED seq=1946715251 ack=518954500 snd_una=518954500 snd_nxt=519018656 rcv_nxt=1946715251 rwnd=65535 recv_used=0 right_edge=519020035 flight=64156 sample_rtt=NA srtt=0.043147 rttvar=0.000072 rto=1.000000 retransmitted=0 dupack=12
timestamp_ns=3983835517516 event=RECEIVE state=ESTABLISHED seq=1946715251 ack=518954500 snd_una=518954500 snd_nxt=519018656 rcv_nxt=1946715251 rwnd=65535 recv_used=0 right_edge=519020035 flight=64156 sample_rtt=NA srtt=0.043147 rttvar=0.000072 rto=1.000000 retransmitted=0 dupack=13
timestamp_ns=3983835518487 event=RECEIVE state=ESTABLISHED seq=1946715251 ack=518954500 snd_una=518954500 snd_nxt=519018656 rcv_nxt=1946715251 rwnd=65535 recv_used=0 right_edge=519020035 flight=64156 sample_rtt=NA srtt=0.043147 rttvar=0.000072 rto=1.000000 retransmitted=0 dupack=14
timestamp_ns=3983835519439 event=RECEIVE state=ESTABLISHED seq=1946715251 ack=518954500 snd_una=518954500 snd_nxt=519018656 rcv_nxt=1946715251 rwnd=65535 recv_used=0 right_edge=519020035 flight=64156 sample_rtt=NA srtt=0.043147 rttvar=0.000072 rto=1.000000 retransmitted=0 dupack=15
timestamp_ns=3983835520401 event=RECEIVE state=ESTABLISHED seq=1946715251 ack=518954500 snd_una=518954500 snd_nxt=519018656 rcv_nxt=1946715251 rwnd=65535 recv_used=0 right_edge=519020035 flight=64156 sample_rtt=NA srtt=0.043147 rttvar=0.000072 rto=1.000000 retransmitted=0 dupack=16
timestamp_ns=3983835521393 event=RECEIVE state=ESTABLISHED seq=1946715251 ack=518954500 snd_una=518954500 snd_nxt=519018656 rcv_nxt=1946715251 rwnd=65535 recv_used=0 right_edge=519020035 flight=64156 sample_rtt=NA srtt=0.043147 rttvar=0.000072 rto=1.000000 retransmitted=0 dupack=17
timestamp_ns=3983835522355 event=RECEIVE state=ESTABLISHED seq=1946715251 ack=518954500 snd_una=518954500 snd_nxt=519018656 rcv_nxt=1946715251 rwnd=65535 recv_used=0 right_edge=519020035 flight=64156 sample_rtt=NA srtt=0.043147 rttvar=0.000072 rto=1.000000 retransmitted=0 dupack=18
timestamp_ns=3983835523637 event=RECEIVE state=ESTABLISHED seq=1946715251 ack=518954500 snd_una=518954500 snd_nxt=519018656 rcv_nxt=1946715251 rwnd=65535 recv_used=0 right_edge=519020035 flight=64156 sample_rtt=NA srtt=0.043147 rttvar=0.000072 rto=1.000000 retransmitted=0 dupack=19
timestamp_ns=3983835525070 event=RECEIVE state=ESTABLISHED seq=1946715251 ack=518954500 snd_una=518954500 snd_nxt=519018656 rcv_nxt=1946715251 rwnd=65535 recv_used=0 right_edge=519020035 flight=64156 sample_rtt=NA srtt=0.043147 rttvar=0.000072 rto=1.000000 retransmitted=0 dupack=20
timestamp_ns=3983835526012 event=RECEIVE state=ESTABLISHED seq=1946715251 ack=518954500 snd_una=518954500 snd_nxt=519018656 rcv_nxt=1946715251 rwnd=65535 recv_used=0 right_edge=519020035 flight=64156 sample_rtt=NA srtt=0.043147 rttvar=0.000072 rto=1.000000 retransmitted=0 dupack=21
timestamp_ns=3983835527064 event=RECEIVE state=ESTABLISHED seq=1946715251 ack=518954500 snd_una=518954500 snd_nxt=519018656 rcv_nxt=1946715251 rwnd=65535 recv_used=0 right_edge=519020035 flight=64156 sample_rtt=NA srtt=0.043147 rttvar=0.000072 rto=1.000000 retransmitted=0 dupack=22
timestamp_ns=3983835528066 event=RECEIVE state=ESTABLISHED seq=1946715251 ack=518954500 snd_una=518954500 snd_nxt=519018656 rcv_nxt=1946715251 rwnd=65535 recv_used=0 right_edge=519020035 flight=64156 sample_rtt=NA srtt=0.043147 rttvar=0.000072 rto=1.000000 retransmitted=0 dupack=23
timestamp_ns=3983835531342 event=RECEIVE state=ESTABLISHED seq=1946715251 ack=518954500 snd_una=518954500 snd_nxt=519018656 rcv_nxt=1946715251 rwnd=65535 recv_used=0 right_edge=519020035 flight=64156 sample_rtt=NA srtt=0.043147 rttvar=0.000072 rto=1.000000 retransmitted=0 dupack=24
timestamp_ns=3983835532354 event=RECEIVE state=ESTABLISHED seq=1946715251 ack=518954500 snd_una=518954500 snd_nxt=519018656 rcv_nxt=1946715251 rwnd=65535 recv_used=0 right_edge=519020035 flight=64156 sample_rtt=NA srtt=0.043147 rttvar=0.000072 rto=1.000000 retransmitted=0 dupack=25
timestamp_ns=3983835533396 event=RECEIVE state=ESTABLISHED seq=1946715251 ack=518954500 snd_una=518954500 snd_nxt=519018656 rcv_nxt=1946715251 rwnd=65535 recv_used=0 right_edge=519020035 flight=64156 sample_rtt=NA srtt=0.043147 rttvar=0.000072 rto=1.000000 retransmitted=0 dupack=26
timestamp_ns=3983835534378 event=RECEIVE state=ESTABLISHED seq=1946715251 ack=518954500 snd_una=518954500 snd_nxt=519018656 rcv_nxt=1946715251 rwnd=65535 recv_used=0 right_edge=519020035 flight=64156 sample_rtt=NA srtt=0.043147 rttvar=0.000072 rto=1.000000 retransmitted=0 dupack=27
timestamp_ns=3983835535319 event=RECEIVE state=ESTABLISHED seq=1946715251 ack=518954500 snd_una=518954500 snd_nxt=519018656 rcv_nxt=1946715251 rwnd=65535 recv_used=0 right_edge=519020035 flight=64156 sample_rtt=NA srtt=0.043147 rttvar=0.000072 rto=1.000000 retransmitted=0 dupack=28
timestamp_ns=3983835536462 event=RECEIVE state=ESTABLISHED seq=1946715251 ack=518954500 snd_una=518954500 snd_nxt=519018656 rcv_nxt=1946715251 rwnd=65535 recv_used=0 right_edge=519020035 flight=64156 sample_rtt=NA srtt=0.043147 rttvar=0.000072 rto=1.000000 retransmitted=0 dupack=29
timestamp_ns=3983878511062 event=RECEIVE state=ESTABLISHED seq=1946715251 ack=518954500 snd_una=518954500 snd_nxt=519018656 rcv_nxt=1946715251 rwnd=65535 recv_used=0 right_edge=519020035 flight=64156 sample_rtt=NA srtt=0.043147 rttvar=0.000072 rto=1.000000 retransmitted=0 dupack=30
timestamp_ns=3983878522784 event=RECEIVE state=ESTABLISHED seq=1946715251 ack=518954500 snd_una=518954500 snd_nxt=519018656 rcv_nxt=1946715251 rwnd=65535 recv_used=0 right_edge=519020035 flight=64156 sample_rtt=NA srtt=0.043147 rttvar=0.000072 rto=1.000000 retransmitted=0 dupack=31
timestamp_ns=3983878524517 event=RECEIVE state=ESTABLISHED seq=1946715251 ack=518954500 snd_una=518954500 snd_nxt=519018656 rcv_nxt=1946715251 rwnd=65535 recv_used=0 right_edge=519020035 flight=64156 sample_rtt=NA srtt=0.043147 rttvar=0.000072 rto=1.000000 retransmitted=0 dupack=32
timestamp_ns=3983878525609 event=RECEIVE state=ESTABLISHED seq=1946715251 ack=518954500 snd_una=518954500 snd_nxt=519018656 rcv_nxt=1946715251 rwnd=65535 recv_used=0 right_edge=519020035 flight=64156 sample_rtt=NA srtt=0.043147 rttvar=0.000072 rto=1.000000 retransmitted=0 dupack=33
timestamp_ns=3983878526601 event=RECEIVE state=ESTABLISHED seq=1946715251 ack=518954500 snd_una=518954500 snd_nxt=519018656 rcv_nxt=1946715251 rwnd=65535 recv_used=0 right_edge=519020035 flight=64156 sample_rtt=NA srtt=0.043147 rttvar=0.000072 rto=1.000000 retransmitted=0 dupack=34
timestamp_ns=3983878527553 event=RECEIVE state=ESTABLISHED seq=1946715251 ack=518954500 snd_una=518954500 snd_nxt=519018656 rcv_nxt=1946715251 rwnd=65535 recv_used=0 right_edge=519020035 flight=64156 sample_rtt=NA srtt=0.043147 rttvar=0.000072 rto=1.000000 retransmitted=0 dupack=35
timestamp_ns=3983878528485 event=RECEIVE state=ESTABLISHED seq=1946715251 ack=518954500 snd_una=518954500 snd_nxt=519018656 rcv_nxt=1946715251 rwnd=65535 recv_used=0 right_edge=519020035 flight=64156 sample_rtt=NA srtt=0.043147 rttvar=0.000072 rto=1.000000 retransmitted=0 dupack=36
timestamp_ns=3983878529517 event=RECEIVE state=ESTABLISHED seq=1946715251 ack=518954500 snd_una=518954500 snd_nxt=519018656 rcv_nxt=1946715251 rwnd=65535 recv_used=0 right_edge=519020035 flight=64156 sample_rtt=NA srtt=0.043147 rttvar=0.000072 rto=1.000000 retransmitted=0 dupack=37
timestamp_ns=3983878530539 event=RECEIVE state=ESTABLISHED seq=1946715251 ack=518954500 snd_una=518954500 snd_nxt=519018656 rcv_nxt=1946715251 rwnd=65535 recv_used=0 right_edge=519020035 flight=64156 sample_rtt=NA srtt=0.043147 rttvar=0.000072 rto=1.000000 retransmitted=0 dupack=38
timestamp_ns=3983878553923 event=RECEIVE state=ESTABLISHED seq=1946715251 ack=518965540 snd_una=518954500 snd_nxt=519018656 rcv_nxt=1946715251 rwnd=65535 recv_used=0 right_edge=519020035 flight=64156 sample_rtt=NA srtt=0.043147 rttvar=0.000072 rto=1.000000 retransmitted=0 dupack=39
timestamp_ns=3983878569352 event=SEND state=ESTABLISHED seq=519018656 ack=1946715251 snd_una=518965540 snd_nxt=519018656 rcv_nxt=1946715251 rwnd=65535 recv_used=0 right_edge=519031075 flight=53116 sample_rtt=NA srtt=0.043147 rttvar=0.000072 rto=1.000000 retransmitted=0 dupack=0
timestamp_ns=3983878583769 event=SEND state=ESTABLISHED seq=519020036 ack=1946715251 snd_una=518965540 snd_nxt=519020036 rcv_nxt=1946715251 rwnd=65535 recv_used=0 right_edge=519031075 flight=54496 sample_rtt=NA srtt=0.043147 rttvar=0.000072 rto=1.000000 retransmitted=0 dupack=0
timestamp_ns=3983878586024 event=SEND state=ESTABLISHED seq=519021416 ack=1946715251 snd_una=518965540 snd_nxt=519021416 rcv_nxt=1946715251 rwnd=65535 recv_used=0 right_edge=519031075 flight=55876 sample_rtt=NA srtt=0.043147 rttvar=0.000072 rto=1.000000 retransmitted=0 dupack=0
timestamp_ns=3983878587947 event=SEND state=ESTABLISHED seq=519022796 ack=1946715251 snd_una=518965540 snd_nxt=519022796 rcv_nxt=1946715251 rwnd=65535 recv_used=0 right_edge=519031075 flight=57256 sample_rtt=NA srtt=0.043147 rttvar=0.000072 rto=1.000000 retransmitted=0 dupack=0
timestamp_ns=3983878589951 event=SEND state=ESTABLISHED seq=519024176 ack=1946715251 snd_una=518965540 snd_nxt=519024176 rcv_nxt=1946715251 rwnd=65535 recv_used=0 right_edge=519031075 flight=58636 sample_rtt=NA srtt=0.043147 rttvar=0.000072 rto=1.000000 retransmitted=0 dupack=0
timestamp_ns=3983878591705 event=SEND state=ESTABLISHED seq=519025556 ack=1946715251 snd_una=518965540 snd_nxt=519025556 rcv_nxt=1946715251 rwnd=65535 recv_used=0 right_edge=519031075 flight=60016 sample_rtt=NA srtt=0.043147 rttvar=0.000072 rto=1.000000 retransmitted=0 dupack=0
timestamp_ns=3983878593468 event=SEND state=ESTABLISHED seq=519026936 ack=1946715251 snd_una=518965540 snd_nxt=519026936 rcv_nxt=1946715251 rwnd=65535 recv_used=0 right_edge=519031075 flight=61396 sample_rtt=NA srtt=0.043147 rttvar=0.000072 rto=1.000000 retransmitted=0 dupack=0
timestamp_ns=3983878595381 event=SEND state=ESTABLISHED seq=519028316 ack=1946715251 snd_una=518965540 snd_nxt=519028316 rcv_nxt=1946715251 rwnd=65535 recv_used=0 right_edge=519031075 flight=62776 sample_rtt=NA srtt=0.043147 rttvar=0.000072 rto=1.000000 retransmitted=0 dupack=0
timestamp_ns=3983878596995 event=ACK_ADVANCE state=ESTABLISHED seq=519029696 ack=518965540 snd_una=518965540 snd_nxt=519029696 rcv_nxt=1946715251 rwnd=65535 recv_used=0 right_edge=519031075 flight=64156 sample_rtt=NA srtt=0.043147 rttvar=0.000072 rto=1.000000 retransmitted=0 dupack=0
timestamp_ns=3983920937178 event=RECEIVE state=ESTABLISHED seq=1946715251 ack=518965540 snd_una=518965540 snd_nxt=519029696 rcv_nxt=1946715251 rwnd=65535 recv_used=0 right_edge=519031075 flight=64156 sample_rtt=NA srtt=0.043147 rttvar=0.000072 rto=1.000000 retransmitted=0 dupack=0
timestamp_ns=3983920948449 event=RECEIVE state=ESTABLISHED seq=1946715251 ack=518965540 snd_una=518965540 snd_nxt=519029696 rcv_nxt=1946715251 rwnd=65535 recv_used=0 right_edge=519031075 flight=64156 sample_rtt=NA srtt=0.043147 rttvar=0.000072 rto=1.000000 retransmitted=0 dupack=1
timestamp_ns=3983920950593 event=RECEIVE state=ESTABLISHED seq=1946715251 ack=518965540 snd_una=518965540 snd_nxt=519029696 rcv_nxt=1946715251 rwnd=65535 recv_used=0 right_edge=519031075 flight=64156 sample_rtt=NA srtt=0.043147 rttvar=0.000072 rto=1.000000 retransmitted=0 dupack=2
timestamp_ns=3983920954270 event=RETRANSMIT state=ESTABLISHED seq=518965540 ack=1946715251 snd_una=518965540 snd_nxt=519029696 rcv_nxt=1946715251 rwnd=65535 recv_used=0 right_edge=519031075 flight=64156 sample_rtt=NA srtt=0.043147 rttvar=0.000072 rto=1.000000 retransmitted=1 dupack=3
timestamp_ns=3983920998293 event=FAST_RETRANSMIT state=ESTABLISHED seq=518965540 ack=518965540 snd_una=518965540 snd_nxt=519029696 rcv_nxt=1946715251 rwnd=65535 recv_used=0 right_edge=519031075 flight=64156 sample_rtt=NA srtt=0.043147 rttvar=0.000072 rto=1.000000 retransmitted=1 dupack=3
timestamp_ns=3983921003082 event=RECEIVE state=ESTABLISHED seq=1946715251 ack=518965540 snd_una=518965540 snd_nxt=519029696 rcv_nxt=1946715251 rwnd=65535 recv_used=0 right_edge=519031075 flight=64156 sample_rtt=NA srtt=0.043147 rttvar=0.000072 rto=1.000000 retransmitted=0 dupack=3
timestamp_ns=3983921004285 event=RECEIVE state=ESTABLISHED seq=1946715251 ack=518965540 snd_una=518965540 snd_nxt=519029696 rcv_nxt=1946715251 rwnd=65535 recv_used=0 right_edge=519031075 flight=64156 sample_rtt=NA srtt=0.043147 rttvar=0.000072 rto=1.000000 retransmitted=0 dupack=4
timestamp_ns=3983921005367 event=RECEIVE state=ESTABLISHED seq=1946715251 ack=518965540 snd_una=518965540 snd_nxt=519029696 rcv_nxt=1946715251 rwnd=65535 recv_used=0 right_edge=519031075 flight=64156 sample_rtt=NA srtt=0.043147 rttvar=0.000072 rto=1.000000 retransmitted=0 dupack=5
timestamp_ns=3983921006319 event=RECEIVE state=ESTABLISHED seq=1946715251 ack=518965540 snd_una=518965540 snd_nxt=519029696 rcv_nxt=1946715251 rwnd=65535 recv_used=0 right_edge=519031075 flight=64156 sample_rtt=NA srtt=0.043147 rttvar=0.000072 rto=1.000000 retransmitted=0 dupack=6
timestamp_ns=3983921007451 event=RECEIVE state=ESTABLISHED seq=1946715251 ack=518965540 snd_una=518965540 snd_nxt=519029696 rcv_nxt=1946715251 rwnd=65535 recv_used=0 right_edge=519031075 flight=64156 sample_rtt=NA srtt=0.043147 rttvar=0.000072 rto=1.000000 retransmitted=0 dupack=7
timestamp_ns=3983963873911 event=RECEIVE state=ESTABLISHED seq=1946715251 ack=518994520 snd_una=518965540 snd_nxt=519029696 rcv_nxt=1946715251 rwnd=65535 recv_used=0 right_edge=519031075 flight=64156 sample_rtt=NA srtt=0.043147 rttvar=0.000072 rto=1.000000 retransmitted=0 dupack=8
timestamp_ns=3983963891735 event=SEND state=ESTABLISHED seq=519029696 ack=1946715251 snd_una=518994520 snd_nxt=519029696 rcv_nxt=1946715251 rwnd=65535 recv_used=0 right_edge=519060055 flight=35176 sample_rtt=NA srtt=0.043147 rttvar=0.000072 rto=1.000000 retransmitted=0 dupack=0
timestamp_ns=3983963904830 event=SEND state=ESTABLISHED seq=519031076 ack=1946715251 snd_una=518994520 snd_nxt=519031076 rcv_nxt=1946715251 rwnd=65535 recv_used=0 right_edge=519060055 flight=36556 sample_rtt=NA srtt=0.043147 rttvar=0.000072 rto=1.000000 retransmitted=0 dupack=0
timestamp_ns=3983963907795 event=SEND state=ESTABLISHED seq=519032456 ack=1946715251 snd_una=518994520 snd_nxt=519032456 rcv_nxt=1946715251 rwnd=65535 recv_used=0 right_edge=519060055 flight=37936 sample_rtt=NA srtt=0.043147 rttvar=0.000072 rto=1.000000 retransmitted=0 dupack=0
timestamp_ns=3983963909819 event=SEND state=ESTABLISHED seq=519033836 ack=1946715251 snd_una=518994520 snd_nxt=519033836 rcv_nxt=1946715251 rwnd=65535 recv_used=0 right_edge=519060055 flight=39316 sample_rtt=NA srtt=0.043147 rttvar=0.000072 rto=1.000000 retransmitted=0 dupack=0
timestamp_ns=3983963911683 event=SEND state=ESTABLISHED seq=519035216 ack=1946715251 snd_una=518994520 snd_nxt=519035216 rcv_nxt=1946715251 rwnd=65535 recv_used=0 right_edge=519060055 flight=40696 sample_rtt=NA srtt=0.043147 rttvar=0.000072 rto=1.000000 retransmitted=0 dupack=0
timestamp_ns=3983963913686 event=SEND state=ESTABLISHED seq=519036596 ack=1946715251 snd_una=518994520 snd_nxt=519036596 rcv_nxt=1946715251 rwnd=65535 recv_used=0 right_edge=519060055 flight=42076 sample_rtt=NA srtt=0.043147 rttvar=0.000072 rto=1.000000 retransmitted=0 dupack=0
timestamp_ns=3983963915570 event=SEND state=ESTABLISHED seq=519037976 ack=1946715251 snd_una=518994520 snd_nxt=519037976 rcv_nxt=1946715251 rwnd=65535 recv_used=0 right_edge=519060055 flight=43456 sample_rtt=NA srtt=0.043147 rttvar=0.000072 rto=1.000000 retransmitted=0 dupack=0
timestamp_ns=3983963917383 event=SEND state=ESTABLISHED seq=519039356 ack=1946715251 snd_una=518994520 snd_nxt=519039356 rcv_nxt=1946715251 rwnd=65535 recv_used=0 right_edge=519060055 flight=44836 sample_rtt=NA srtt=0.043147 rttvar=0.000072 rto=1.000000 retransmitted=0 dupack=0
timestamp_ns=3983963934356 event=SEND state=ESTABLISHED seq=519040736 ack=1946715251 snd_una=518994520 snd_nxt=519040736 rcv_nxt=1946715251 rwnd=65535 recv_used=0 right_edge=519060055 flight=46216 sample_rtt=NA srtt=0.043147 rttvar=0.000072 rto=1.000000 retransmitted=0 dupack=0
timestamp_ns=3983963936870 event=SEND state=ESTABLISHED seq=519042116 ack=1946715251 snd_una=518994520 snd_nxt=519042116 rcv_nxt=1946715251 rwnd=65535 recv_used=0 right_edge=519060055 flight=47596 sample_rtt=NA srtt=0.043147 rttvar=0.000072 rto=1.000000 retransmitted=0 dupack=0
timestamp_ns=3983963938864 event=SEND state=ESTABLISHED seq=519043496 ack=1946715251 snd_una=518994520 snd_nxt=519043496 rcv_nxt=1946715251 rwnd=65535 recv_used=0 right_edge=519060055 flight=48976 sample_rtt=NA srtt=0.043147 rttvar=0.000072 rto=1.000000 retransmitted=0 dupack=0
timestamp_ns=3983963940718 event=SEND state=ESTABLISHED seq=519044876 ack=1946715251 snd_una=518994520 snd_nxt=519044876 rcv_nxt=1946715251 rwnd=65535 recv_used=0 right_edge=519060055 flight=50356 sample_rtt=NA srtt=0.043147 rttvar=0.000072 rto=1.000000 retransmitted=0 dupack=0
timestamp_ns=3983963942531 event=SEND state=ESTABLISHED seq=519046256 ack=1946715251 snd_una=518994520 snd_nxt=519046256 rcv_nxt=1946715251 rwnd=65535 recv_used=0 right_edge=519060055 flight=51736 sample_rtt=NA srtt=0.043147 rttvar=0.000072 rto=1.000000 retransmitted=0 dupack=0
timestamp_ns=3983963944545 event=SEND state=ESTABLISHED seq=519047636 ack=1946715251 snd_una=518994520 snd_nxt=519047636 rcv_nxt=1946715251 rwnd=65535 recv_used=0 right_edge=519060055 flight=53116 sample_rtt=NA srtt=0.043147 rttvar=0.000072 rto=1.000000 retransmitted=0 dupack=0
timestamp_ns=3983963946298 event=SEND state=ESTABLISHED seq=519049016 ack=1946715251 snd_una=518994520 snd_nxt=519049016 rcv_nxt=1946715251 rwnd=65535 recv_used=0 right_edge=519060055 flight=54496 sample_rtt=NA srtt=0.043147 rttvar=0.000072 rto=1.000000 retransmitted=0 dupack=0
timestamp_ns=3983963948022 event=SEND state=ESTABLISHED seq=519050396 ack=1946715251 snd_una=518994520 snd_nxt=519050396 rcv_nxt=1946715251 rwnd=65535 recv_used=0 right_edge=519060055 flight=55876 sample_rtt=NA srtt=0.043147 rttvar=0.000072 rto=1.000000 retransmitted=0 dupack=0
timestamp_ns=3983963949995 event=SEND state=ESTABLISHED seq=519051776 ack=1946715251 snd_una=518994520 snd_nxt=519051776 rcv_nxt=1946715251 rwnd=65535 recv_used=0 right_edge=519060055 flight=57256 sample_rtt=NA srtt=0.043147 rttvar=0.000072 rto=1.000000 retransmitted=0 dupack=0
timestamp_ns=3983963951929 event=SEND state=ESTABLISHED seq=519053156 ack=1946715251 snd_una=518994520 snd_nxt=519053156 rcv_nxt=1946715251 rwnd=65535 recv_used=0 right_edge=519060055 flight=58636 sample_rtt=NA srtt=0.043147 rttvar=0.000072 rto=1.000000 retransmitted=0 dupack=0
timestamp_ns=3983963953933 event=SEND state=ESTABLISHED seq=519054536 ack=1946715251 snd_una=518994520 snd_nxt=519054536 rcv_nxt=1946715251 rwnd=65535 recv_used=0 right_edge=519060055 flight=60016 sample_rtt=NA srtt=0.043147 rttvar=0.000072 rto=1.000000 retransmitted=0 dupack=0
timestamp_ns=3983963956227 event=SEND state=ESTABLISHED seq=519055916 ack=1946715251 snd_una=518994520 snd_nxt=519055916 rcv_nxt=1946715251 rwnd=65535 recv_used=0 right_edge=519060055 flight=61396 sample_rtt=NA srtt=0.043147 rttvar=0.000072 rto=1.000000 retransmitted=0 dupack=0
timestamp_ns=3983963958381 event=SEND state=ESTABLISHED seq=519057296 ack=1946715251 snd_una=518994520 snd_nxt=519057296 rcv_nxt=1946715251 rwnd=65535 recv_used=0 right_edge=519060055 flight=62776 sample_rtt=NA srtt=0.043147 rttvar=0.000072 rto=1.000000 retransmitted=0 dupack=0
timestamp_ns=3983963959984 event=ACK_ADVANCE state=ESTABLISHED seq=519058676 ack=518994520 snd_una=518994520 snd_nxt=519058676 rcv_nxt=1946715251 rwnd=65535 recv_used=0 right_edge=519060055 flight=64156 sample_rtt=NA srtt=0.043147 rttvar=0.000072 rto=1.000000 retransmitted=0 dupack=0
timestamp_ns=3984006340363 event=RECEIVE state=ESTABLISHED seq=1946715251 ack=518994520 snd_una=518994520 snd_nxt=519058676 rcv_nxt=1946715251 rwnd=65535 recv_used=0 right_edge=519060055 flight=64156 sample_rtt=NA srtt=0.043147 rttvar=0.000072 rto=1.000000 retransmitted=0 dupack=0
timestamp_ns=3984006369298 event=RECEIVE state=ESTABLISHED seq=1946715251 ack=518994520 snd_una=518994520 snd_nxt=519058676 rcv_nxt=1946715251 rwnd=65535 recv_used=0 right_edge=519060055 flight=64156 sample_rtt=NA srtt=0.043147 rttvar=0.000072 rto=1.000000 retransmitted=0 dupack=1
timestamp_ns=3984006371973 event=RECEIVE state=ESTABLISHED seq=1946715251 ack=518994520 snd_una=518994520 snd_nxt=519058676 rcv_nxt=1946715251 rwnd=65535 recv_used=0 right_edge=519060055 flight=64156 sample_rtt=NA srtt=0.043147 rttvar=0.000072 rto=1.000000 retransmitted=0 dupack=2
timestamp_ns=3984006377644 event=RETRANSMIT state=ESTABLISHED seq=518994520 ack=1946715251 snd_una=518994520 snd_nxt=519058676 rcv_nxt=1946715251 rwnd=65535 recv_used=0 right_edge=519060055 flight=64156 sample_rtt=NA srtt=0.043147 rttvar=0.000072 rto=1.000000 retransmitted=1 dupack=3
timestamp_ns=3984006401469 event=FAST_RETRANSMIT state=ESTABLISHED seq=518994520 ack=518994520 snd_una=518994520 snd_nxt=519058676 rcv_nxt=1946715251 rwnd=65535 recv_used=0 right_edge=519060055 flight=64156 sample_rtt=NA srtt=0.043147 rttvar=0.000072 rto=1.000000 retransmitted=1 dupack=3
timestamp_ns=3984006409444 event=RECEIVE state=ESTABLISHED seq=1946715251 ack=518994520 snd_una=518994520 snd_nxt=519058676 rcv_nxt=1946715251 rwnd=65535 recv_used=0 right_edge=519060055 flight=64156 sample_rtt=NA srtt=0.043147 rttvar=0.000072 rto=1.000000 retransmitted=0 dupack=3
timestamp_ns=3984006411508 event=RECEIVE state=ESTABLISHED seq=1946715251 ack=518994520 snd_una=518994520 snd_nxt=519058676 rcv_nxt=1946715251 rwnd=65535 recv_used=0 right_edge=519060055 flight=64156 sample_rtt=NA srtt=0.043147 rttvar=0.000072 rto=1.000000 retransmitted=0 dupack=4
timestamp_ns=3984006413011 event=RECEIVE state=ESTABLISHED seq=1946715251 ack=518994520 snd_una=518994520 snd_nxt=519058676 rcv_nxt=1946715251 rwnd=65535 recv_used=0 right_edge=519060055 flight=64156 sample_rtt=NA srtt=0.043147 rttvar=0.000072 rto=1.000000 retransmitted=0 dupack=5
timestamp_ns=3984006414584 event=RECEIVE state=ESTABLISHED seq=1946715251 ack=518994520 snd_una=518994520 snd_nxt=519058676 rcv_nxt=1946715251 rwnd=65535 recv_used=0 right_edge=519060055 flight=64156 sample_rtt=NA srtt=0.043147 rttvar=0.000072 rto=1.000000 retransmitted=0 dupack=6
timestamp_ns=3984006416247 event=RECEIVE state=ESTABLISHED seq=1946715251 ack=518994520 snd_una=518994520 snd_nxt=519058676 rcv_nxt=1946715251 rwnd=65535 recv_used=0 right_edge=519060055 flight=64156 sample_rtt=NA srtt=0.043147 rttvar=0.000072 rto=1.000000 retransmitted=0 dupack=7
timestamp_ns=3984006417710 event=RECEIVE state=ESTABLISHED seq=1946715251 ack=518994520 snd_una=518994520 snd_nxt=519058676 rcv_nxt=1946715251 rwnd=65535 recv_used=0 right_edge=519060055 flight=64156 sample_rtt=NA srtt=0.043147 rttvar=0.000072 rto=1.000000 retransmitted=0 dupack=8
timestamp_ns=3984006419103 event=RECEIVE state=ESTABLISHED seq=1946715251 ack=518994520 snd_una=518994520 snd_nxt=519058676 rcv_nxt=1946715251 rwnd=65535 recv_used=0 right_edge=519060055 flight=64156 sample_rtt=NA srtt=0.043147 rttvar=0.000072 rto=1.000000 retransmitted=0 dupack=9
timestamp_ns=3984006420465 event=RECEIVE state=ESTABLISHED seq=1946715251 ack=518994520 snd_una=518994520 snd_nxt=519058676 rcv_nxt=1946715251 rwnd=65535 recv_used=0 right_edge=519060055 flight=64156 sample_rtt=NA srtt=0.043147 rttvar=0.000072 rto=1.000000 retransmitted=0 dupack=10
timestamp_ns=3984006421958 event=RECEIVE state=ESTABLISHED seq=1946715251 ack=518994520 snd_una=518994520 snd_nxt=519058676 rcv_nxt=1946715251 rwnd=65535 recv_used=0 right_edge=519060055 flight=64156 sample_rtt=NA srtt=0.043147 rttvar=0.000072 rto=1.000000 retransmitted=0 dupack=11
timestamp_ns=3984006423461 event=RECEIVE state=ESTABLISHED seq=1946715251 ack=518994520 snd_una=518994520 snd_nxt=519058676 rcv_nxt=1946715251 rwnd=65535 recv_used=0 right_edge=519060055 flight=64156 sample_rtt=NA srtt=0.043147 rttvar=0.000072 rto=1.000000 retransmitted=0 dupack=12
timestamp_ns=3984006435203 event=RECEIVE state=ESTABLISHED seq=1946715251 ack=518994520 snd_una=518994520 snd_nxt=519058676 rcv_nxt=1946715251 rwnd=65535 recv_used=0 right_edge=519060055 flight=64156 sample_rtt=NA srtt=0.043147 rttvar=0.000072 rto=1.000000 retransmitted=0 dupack=13
timestamp_ns=3984006436405 event=RECEIVE state=ESTABLISHED seq=1946715251 ack=518994520 snd_una=518994520 snd_nxt=519058676 rcv_nxt=1946715251 rwnd=65535 recv_used=0 right_edge=519060055 flight=64156 sample_rtt=NA srtt=0.043147 rttvar=0.000072 rto=1.000000 retransmitted=0 dupack=14
timestamp_ns=3984006437427 event=RECEIVE state=ESTABLISHED seq=1946715251 ack=518994520 snd_una=518994520 snd_nxt=519058676 rcv_nxt=1946715251 rwnd=65535 recv_used=0 right_edge=519060055 flight=64156 sample_rtt=NA srtt=0.043147 rttvar=0.000072 rto=1.000000 retransmitted=0 dupack=15
timestamp_ns=3984006438439 event=RECEIVE state=ESTABLISHED seq=1946715251 ack=518994520 snd_una=518994520 snd_nxt=519058676 rcv_nxt=1946715251 rwnd=65535 recv_used=0 right_edge=519060055 flight=64156 sample_rtt=NA srtt=0.043147 rttvar=0.000072 rto=1.000000 retransmitted=0 dupack=16
timestamp_ns=3984006439461 event=RECEIVE state=ESTABLISHED seq=1946715251 ack=518994520 snd_una=518994520 snd_nxt=519058676 rcv_nxt=1946715251 rwnd=65535 recv_used=0 right_edge=519060055 flight=64156 sample_rtt=NA srtt=0.043147 rttvar=0.000072 rto=1.000000 retransmitted=0 dupack=17
timestamp_ns=3984006440573 event=RECEIVE state=ESTABLISHED seq=1946715251 ack=518994520 snd_una=518994520 snd_nxt=519058676 rcv_nxt=1946715251 rwnd=65535 recv_used=0 right_edge=519060055 flight=64156 sample_rtt=NA srtt=0.043147 rttvar=0.000072 rto=1.000000 retransmitted=0 dupack=18
timestamp_ns=3984050279356 event=RECEIVE state=ESTABLISHED seq=1946715251 ack=519055916 snd_una=518994520 snd_nxt=519058676 rcv_nxt=1946715251 rwnd=65535 recv_used=0 right_edge=519060055 flight=64156 sample_rtt=NA srtt=0.043147 rttvar=0.000072 rto=1.000000 retransmitted=0 dupack=19
timestamp_ns=3984050320144 event=SEND state=ESTABLISHED seq=519058676 ack=1946715251 snd_una=519055916 snd_nxt=519058676 rcv_nxt=1946715251 rwnd=65535 recv_used=0 right_edge=519121451 flight=2760 sample_rtt=NA srtt=0.043147 rttvar=0.000072 rto=1.000000 retransmitted=0 dupack=0
timestamp_ns=3984050345983 event=SEND state=ESTABLISHED seq=519060056 ack=1946715251 snd_una=519055916 snd_nxt=519060056 rcv_nxt=1946715251 rwnd=65535 recv_used=0 right_edge=519121451 flight=4140 sample_rtt=NA srtt=0.043147 rttvar=0.000072 rto=1.000000 retransmitted=0 dupack=0
timestamp_ns=3984050351543 event=SEND state=ESTABLISHED seq=519061436 ack=1946715251 snd_una=519055916 snd_nxt=519061436 rcv_nxt=1946715251 rwnd=65535 recv_used=0 right_edge=519121451 flight=5520 sample_rtt=NA srtt=0.043147 rttvar=0.000072 rto=1.000000 retransmitted=0 dupack=0
timestamp_ns=3984050356493 event=SEND state=ESTABLISHED seq=519062816 ack=1946715251 snd_una=519055916 snd_nxt=519062816 rcv_nxt=1946715251 rwnd=65535 recv_used=0 right_edge=519121451 flight=6900 sample_rtt=NA srtt=0.043147 rttvar=0.000072 rto=1.000000 retransmitted=0 dupack=0
timestamp_ns=3984050360741 event=SEND state=ESTABLISHED seq=519064196 ack=1946715251 snd_una=519055916 snd_nxt=519064196 rcv_nxt=1946715251 rwnd=65535 recv_used=0 right_edge=519121451 flight=8280 sample_rtt=NA srtt=0.043147 rttvar=0.000072 rto=1.000000 retransmitted=0 dupack=0
timestamp_ns=3984050364738 event=SEND state=ESTABLISHED seq=519065576 ack=1946715251 snd_una=519055916 snd_nxt=519065576 rcv_nxt=1946715251 rwnd=65535 recv_used=0 right_edge=519121451 flight=9660 sample_rtt=NA srtt=0.043147 rttvar=0.000072 rto=1.000000 retransmitted=0 dupack=0
timestamp_ns=3984050369127 event=SEND state=ESTABLISHED seq=519066956 ack=1946715251 snd_una=519055916 snd_nxt=519066956 rcv_nxt=1946715251 rwnd=65535 recv_used=0 right_edge=519121451 flight=11040 sample_rtt=NA srtt=0.043147 rttvar=0.000072 rto=1.000000 retransmitted=0 dupack=0
timestamp_ns=3984050373254 event=ACK_ADVANCE state=ESTABLISHED seq=519067632 ack=519055916 snd_una=519055916 snd_nxt=519067632 rcv_nxt=1946715251 rwnd=65535 recv_used=0 right_edge=519121451 flight=11716 sample_rtt=NA srtt=0.043147 rttvar=0.000072 rto=1.000000 retransmitted=0 dupack=0
timestamp_ns=3984092667895 event=RECEIVE state=ESTABLISHED seq=1946715251 ack=519055916 snd_una=519055916 snd_nxt=519067632 rcv_nxt=1946715251 rwnd=65535 recv_used=0 right_edge=519121451 flight=11716 sample_rtt=NA srtt=0.043147 rttvar=0.000072 rto=1.000000 retransmitted=0 dupack=0
timestamp_ns=3984092684887 event=RECEIVE state=ESTABLISHED seq=1946715251 ack=519055916 snd_una=519055916 snd_nxt=519067632 rcv_nxt=1946715251 rwnd=65535 recv_used=0 right_edge=519121451 flight=11716 sample_rtt=NA srtt=0.043147 rttvar=0.000072 rto=1.000000 retransmitted=0 dupack=1
timestamp_ns=3984092686861 event=RECEIVE state=ESTABLISHED seq=1946715251 ack=519055916 snd_una=519055916 snd_nxt=519067632 rcv_nxt=1946715251 rwnd=65535 recv_used=0 right_edge=519121451 flight=11716 sample_rtt=NA srtt=0.043147 rttvar=0.000072 rto=1.000000 retransmitted=0 dupack=2
timestamp_ns=3984092691810 event=RETRANSMIT state=ESTABLISHED seq=519055916 ack=1946715251 snd_una=519055916 snd_nxt=519067632 rcv_nxt=1946715251 rwnd=65535 recv_used=0 right_edge=519121451 flight=11716 sample_rtt=NA srtt=0.043147 rttvar=0.000072 rto=1.000000 retransmitted=1 dupack=3
timestamp_ns=3984092725063 event=FAST_RETRANSMIT state=ESTABLISHED seq=519055916 ack=519055916 snd_una=519055916 snd_nxt=519067632 rcv_nxt=1946715251 rwnd=65535 recv_used=0 right_edge=519121451 flight=11716 sample_rtt=NA srtt=0.043147 rttvar=0.000072 rto=1.000000 retransmitted=1 dupack=3
timestamp_ns=3984092729892 event=RECEIVE state=ESTABLISHED seq=1946715251 ack=519055916 snd_una=519055916 snd_nxt=519067632 rcv_nxt=1946715251 rwnd=65535 recv_used=0 right_edge=519121451 flight=11716 sample_rtt=NA srtt=0.043147 rttvar=0.000072 rto=1.000000 retransmitted=0 dupack=3
timestamp_ns=3984092730954 event=RECEIVE state=ESTABLISHED seq=1946715251 ack=519055916 snd_una=519055916 snd_nxt=519067632 rcv_nxt=1946715251 rwnd=65535 recv_used=0 right_edge=519121451 flight=11716 sample_rtt=NA srtt=0.043147 rttvar=0.000072 rto=1.000000 retransmitted=0 dupack=4
timestamp_ns=3984136422142 event=RECEIVE state=ESTABLISHED seq=1946715251 ack=519061436 snd_una=519055916 snd_nxt=519067632 rcv_nxt=1946715251 rwnd=65535 recv_used=0 right_edge=519121451 flight=11716 sample_rtt=NA srtt=0.043147 rttvar=0.000072 rto=1.000000 retransmitted=0 dupack=5
timestamp_ns=3984136450145 event=ACK_ADVANCE state=ESTABLISHED seq=519067632 ack=519061436 snd_una=519061436 snd_nxt=519067632 rcv_nxt=1946715251 rwnd=65535 recv_used=0 right_edge=519126971 flight=6196 sample_rtt=NA srtt=0.043147 rttvar=0.000072 rto=1.000000 retransmitted=0 dupack=0
timestamp_ns=3985051014026 event=RETRANSMIT state=ESTABLISHED seq=519061436 ack=1946715251 snd_una=519061436 snd_nxt=519067632 rcv_nxt=1946715251 rwnd=65535 recv_used=0 right_edge=519126971 flight=6196 sample_rtt=NA srtt=0.043147 rttvar=0.000072 rto=1.000000 retransmitted=1 dupack=0
timestamp_ns=3985051088356 event=RTO_FIRE state=ESTABLISHED seq=519061436 ack=1946715251 snd_una=519061436 snd_nxt=519067632 rcv_nxt=1946715251 rwnd=65535 recv_used=0 right_edge=519126971 flight=6196 sample_rtt=NA srtt=0.043147 rttvar=0.000072 rto=2.000000 retransmitted=1 dupack=0
timestamp_ns=3985093893181 event=RECEIVE state=ESTABLISHED seq=1946715251 ack=519066956 snd_una=519061436 snd_nxt=519067632 rcv_nxt=1946715251 rwnd=65535 recv_used=0 right_edge=519126971 flight=6196 sample_rtt=NA srtt=0.043147 rttvar=0.000072 rto=2.000000 retransmitted=0 dupack=0
timestamp_ns=3985093922897 event=ACK_ADVANCE state=ESTABLISHED seq=519067632 ack=519066956 snd_una=519066956 snd_nxt=519067632 rcv_nxt=1946715251 rwnd=65535 recv_used=0 right_edge=519132491 flight=676 sample_rtt=NA srtt=0.043147 rttvar=0.000072 rto=2.000000 retransmitted=0 dupack=0
timestamp_ns=3986050852386 event=RETRANSMIT state=ESTABLISHED seq=519066956 ack=1946715251 snd_una=519066956 snd_nxt=519067632 rcv_nxt=1946715251 rwnd=65535 recv_used=0 right_edge=519132491 flight=676 sample_rtt=NA srtt=0.043147 rttvar=0.000072 rto=2.000000 retransmitted=1 dupack=0
timestamp_ns=3986050936305 event=RTO_FIRE state=ESTABLISHED seq=519066956 ack=1946715251 snd_una=519066956 snd_nxt=519067632 rcv_nxt=1946715251 rwnd=65535 recv_used=0 right_edge=519132491 flight=676 sample_rtt=NA srtt=0.043147 rttvar=0.000072 rto=4.000000 retransmitted=1 dupack=0
timestamp_ns=3990051840485 event=RETRANSMIT state=ESTABLISHED seq=519066956 ack=1946715251 snd_una=519066956 snd_nxt=519067632 rcv_nxt=1946715251 rwnd=65535 recv_used=0 right_edge=519132491 flight=676 sample_rtt=NA srtt=0.043147 rttvar=0.000072 rto=4.000000 retransmitted=1 dupack=0
timestamp_ns=3990051895680 event=RTO_FIRE state=ESTABLISHED seq=519066956 ack=1946715251 snd_una=519066956 snd_nxt=519067632 rcv_nxt=1946715251 rwnd=65535 recv_used=0 right_edge=519132491 flight=676 sample_rtt=NA srtt=0.043147 rttvar=0.000072 rto=8.000000 retransmitted=1 dupack=0
timestamp_ns=3990093891060 event=RECEIVE state=ESTABLISHED seq=1946715251 ack=519067632 snd_una=519066956 snd_nxt=519067632 rcv_nxt=1946715251 rwnd=65535 recv_used=0 right_edge=519132491 flight=676 sample_rtt=NA srtt=0.043147 rttvar=0.000072 rto=8.000000 retransmitted=0 dupack=0
timestamp_ns=3990093966443 event=ACK_ADVANCE state=ESTABLISHED seq=519067632 ack=519067632 snd_una=519067632 snd_nxt=519067632 rcv_nxt=1946715251 rwnd=65535 recv_used=0 right_edge=519133167 flight=0 sample_rtt=NA srtt=0.043147 rttvar=0.000072 rto=8.000000 retransmitted=0 dupack=0
timestamp_ns=3990093971061 event=ACTIVE_CLOSE state=FIN_WAIT_1 seq=519067632 ack=1946715251 snd_una=519067632 snd_nxt=519067632 rcv_nxt=1946715251 rwnd=65535 recv_used=0 right_edge=519133167 flight=0 sample_rtt=NA srtt=0.043147 rttvar=0.000072 rto=8.000000 retransmitted=0 dupack=0
timestamp_ns=3990093975019 event=SEND state=FIN_WAIT_1 seq=519067632 ack=1946715251 snd_una=519067632 snd_nxt=519067632 rcv_nxt=1946715251 rwnd=65535 recv_used=0 right_edge=519133167 flight=0 sample_rtt=NA srtt=0.043147 rttvar=0.000072 rto=8.000000 retransmitted=0 dupack=0
timestamp_ns=3990138091558 event=RECEIVE state=FIN_WAIT_1 seq=1946715251 ack=519067633 snd_una=519067632 snd_nxt=519067633 rcv_nxt=1946715251 rwnd=65535 recv_used=0 right_edge=519133167 flight=1 sample_rtt=NA srtt=0.043147 rttvar=0.000072 rto=8.000000 retransmitted=0 dupack=0
timestamp_ns=3990138111476 event=ACK_ADVANCE state=FIN_WAIT_1 seq=519067633 ack=519067633 snd_una=519067633 snd_nxt=519067633 rcv_nxt=1946715251 rwnd=65535 recv_used=0 right_edge=519133168 flight=0 sample_rtt=0.044104 srtt=0.043266 rttvar=0.000293 rto=1.000000 retransmitted=0 dupack=0
timestamp_ns=3990138112969 event=FIN_ACK state=FIN_WAIT_2 seq=519067633 ack=1946715251 snd_una=519067633 snd_nxt=519067633 rcv_nxt=1946715251 rwnd=65535 recv_used=0 right_edge=519133168 flight=0 sample_rtt=NA srtt=0.043266 rttvar=0.000293 rto=1.000000 retransmitted=0 dupack=0
timestamp_ns=3990138123549 event=RECEIVE state=FIN_WAIT_2 seq=1946715251 ack=519067633 snd_una=519067633 snd_nxt=519067633 rcv_nxt=1946715251 rwnd=65535 recv_used=0 right_edge=519133168 flight=0 sample_rtt=NA srtt=0.043266 rttvar=0.000293 rto=1.000000 retransmitted=0 dupack=0
timestamp_ns=3990138124321 event=RX_FIN state=TIME_WAIT seq=519067633 ack=1946715252 snd_una=519067633 snd_nxt=519067633 rcv_nxt=1946715252 rwnd=65535 recv_used=0 right_edge=519133168 flight=0 sample_rtt=NA srtt=0.043266 rttvar=0.000293 rto=1.000000 retransmitted=0 dupack=0
timestamp_ns=3990138129691 event=FIN_ACK state=TIME_WAIT seq=519067633 ack=1946715252 snd_una=519067633 snd_nxt=519067633 rcv_nxt=1946715252 rwnd=65535 recv_used=0 right_edge=519133168 flight=0 sample_rtt=NA srtt=0.043266 rttvar=0.000293 rto=1.000000 retransmitted=0 dupack=0
timestamp_ns=4000138687936 event=TIME_WAIT_EXPIRE state=CLOSED seq=519067633 ack=1946715252 snd_una=519067633 snd_nxt=519067633 rcv_nxt=1946715252 rwnd=65535 recv_used=0 right_edge=519133168 flight=0 sample_rtt=NA srtt=0.043266 rttvar=0.000293 rto=1.000000 retransmitted=0 dupack=0
